{
  "snippets": [
    "Jun 13, 2017 ... CDC recommends this vaccine because you can get hepatitis A through ... You \ncan get typhoid through contaminated food or water in Qatar. ... what you will be \ndoing, and if you are traveling from a country other than the US. ... People who \nwill be working with or around animals (such as veterinarians,\u00a0...",
    "image of Qatar's flag. Qatar. Official Name: State of Qatar. Last Updated: \nSeptember 14, 2017 ... VACCINATIONS: None ..... U.S. Embassy Doha. Al-Luqta \nDistrict",
    "... must be returning to Qatar, intending to reside in the country or have a work \nvisa. ... Your pet must be vaccinated for rabies between 30 days and 12 months \nprior to ... you have it endorsed by the USDA or CFIA if traveling from the United \nStates or Canada. ... Pets must enter Qatar via Hamad International Airport in \nDoha.",
    "Expats need to consider healthcare and insurance services in Qatar. ... Things to \nknow about work visas \u00b7 Staying safe and protected in Qatar ... visa and health \ncard process, so be generous when getting passport photos printed. ... of \nvaccines that children need to get and the full details on each vaccine can ... \nContact Us\u00a0...",
    "As of June, 2017, no pet transports will be permitted to or from Qatar. ... your pet's \ncurrent rabies vaccination, including the vaccine's manufacturer, ... The rabies \nvaccination must have been administered between 21 days prior to ... If your pet \nis entering the UAE from the United States, then the certificate is .... Works at \nAuthor.",
    "Set in the capital city of Doha, VCUarts Qatar is part of a global community of nine \ninternational universities. ... Documents to be sent for work / residence permit.",
    "Prepare your health for travel, visit us before you go. ... In addition to receiving a \nyellow fever vaccine, travelers should be sure to ... Find a Passport Health \nlocation near you to get vaccinated against yellow fever. .... Everything about the \nprocess was painless, from appointment scheduling to ... A safari is a dream \ncome true.",
    "Citizens and residents of Qatar may apply for a health card to access ... passport-\nsize photograph, vaccination card (for first time issue) and a fee of QR50 ... \nPlease note, health cards are issued during morning working hours only. ... card \nis a simple process and can be done immediately at all HMC hospitals. ... Doha, \nQatar.",
    "Passports. To enter Qatar, passports must have one blank page and be valid for \nat least six months. Visas. British, Irish, Australian, Canadian and US-American\u00a0...",
    "Jun 23, 2017 ... Turkish troops arrive at their military base in Doha, Qatar, June 23, 2017. Turkey \nplans to have 5,000 troops stationed at the base."
  ],
  "links": [
    "https://wwwnc.cdc.gov/travel/destinations/traveler/none/qatar",
    "https://travel.state.gov/content/passports/en/country/qatar.html",
    "http://www.pettravel.com/immigration/qatar.cfm",
    "http://lifeinqatar.com/Pages/en/section/healthcare.html",
    "http://www.pettravel.com/immigration/unitedarabemirates.cfm",
    "http://www.qatar.vcu.edu/careers/before-moving-to-qatar",
    "https://www.passporthealthusa.com/vaccinations/yellow-fever/",
    "https://www.hamad.qa/EN/Patient-Information/How-To-Get-A-Health-Card/Pages/default.aspx",
    "https://www.worldtravelguide.net/guides/middle-east/qatar/passport-visa/",
    "https://www.voanews.com/a/turkey-stands-by-qatar-in-ongoing-crisis/3913479.html"
  ],
  "displayUrl": [
    "wwwnc.cdc.gov",
    "travel.state.gov",
    "www.pettravel.com",
    "lifeinqatar.com",
    "www.pettravel.com",
    "www.qatar.vcu.edu",
    "www.passporthealthusa.com",
    "www.hamad.qa",
    "www.worldtravelguide.net",
    "www.voanews.com"
  ],
  "relaxed_query": "'Doha' 'Doha US' 'Qatar' vaccinations process shots things work get come i",
  "initial_query": "'Doha' 'Doha US' 'Qatar' vaccinations process shots things work get come i",
  "id": "Q273_R39_C2"
}