{
  "id": "Q273_R76_C2",
  "initial_query": "'Qatar' 'Canada' 'Qatar LP' pitbulls job people breed bring have leave friendly",
  "relaxed_query": "'Qatar' 'Canada' 'Qatar LP' pitbulls job people breed bring have leave friendly",
  "links": [
    "http://www.dailymail.co.uk/news/article-2517384/Should-Porsche-killed-Fast--Furious-Paul-Walker-road.html",
    "https://www.rover.com/blog/relatable-dog-owner-tweets-vr/",
    "http://www.dailymail.co.uk/news/article-2270184/Seal-attack-Hungry-creature-eats-sharks-rare-images-sea-mammal-turning-tables-predator-deep.html",
    "http://21stcenturywire.com/2013/04/19/boston-shootout-boston-police-and-fbi-release-two-different-sets-of-names/",
    "http://www.dailymail.co.uk/news/article-2732523/Chef-dies-spitting-cobra-cooking-bit-hand-20-minutes-cut-head-off.html",
    "http://www.goodnewsnetwork.org/not-drill-rolling-stones-release-new-snippet-upcoming-album/",
    "http://newsinfo.inquirer.net/929092/philippine-news-updates-adulthood-the-power-of-protection-study-facing-the-future-parenting",
    "http://newsok.com/",
    "http://newsinfo.inquirer.net/912550/solons-warn-about-economic-impact-of-prolonged-martial-law",
    "https://www.etsy.com/shop/DamnGoodDoormats"
  ],
  "snippets": [
    "Dec 3, 2013 ... It has emerged that car experts have long expressed concern about the souped-\nup ... He said: 'Most people, especially those with children on the streets and ... \nbut the death of Paul Walker will bring fresh questions about its safety ..... look \nloved-up as they leave the Georges V hotel in Paris ahead of PFW.",
    "Dec 2, 2016 ... Dog lovers may be a breed apart, but hey, at least we have each other. ... to leave \non for my dog, then I go to work and people take me seriously\u00a0...",
    "Jan 29, 2013 ... The photographer said it was the second time he has seen a seal attacking and \nkilling a blue shark, but he has never heard anyone else\u00a0...",
    "Apr 19, 2013 ... \u201cBPD scanner has identified the names : Suspect 1: Mike Mulugeta ... out that the \nTsarnaev brothers have most likely been set-up to take the\u00a0...",
    "Aug 23, 2014 ... Snake expert Yang Hong-chang - who has spent 40 years studying cobras - says \nall reptiles can function for up to an hour after losing body\u00a0...",
    "Oct 10, 2016 ... It's the first studio album that the band has released since Bigger Bang was ... \nMORE: Rolling Stones Play First Concert In Cuba, and it's Free For The People. \nThe new LP will be available to fans on December 2nd, but in the meantime, take \na listen to the bluesy and beautiful snippet of \u201cJust Your Fool\u201d.",
    "Sep 9, 2017 ... The research represents the views of 13,122 people aged 25 and up ... it is \nimportant to have a financial plan that considers competing priorities ... spend \nless on themselves in order to leave more for their families. ... Yes, a lot of Filipino \nparents still support their children even after their children have jobs.",
    "Subscribers to The Oklahoman have access to these articles before everyone \nelse. If you are a ... DACA's end could take teachers out of the classroom.",
    "Jul 10, 2017 ... Lawmakers are on the fence about the need to extend martial law in ... Harry \nRoque Jr. have cautioned against an \"unnecessary extension\" of martial law. ... \nSuarez leaves it up to President, AFP ... \u201cEven the LP [Liberal Party] ... will not \nbring peace but only further violence to the people of Mindanao,\u201d while\u00a0...",
    "Sep 14, 2017 ... Especially CANADA! .... Swedish home swede home funny welcome outdoor eco \nfriendly doormat ... Eyechart, You Should get off my porch\u2122 doormat rude funny \ngo away .... NEW Did you bring a SHRUBBERY, Monty Python Ni doormat funny \ngeek .... SIZE: All mats are eco-friendly vinyl backed coco mats."
  ],
  "displayUrl": [
    "www.dailymail.co.uk",
    "www.rover.com",
    "www.dailymail.co.uk",
    "21stcenturywire.com",
    "www.dailymail.co.uk",
    "www.goodnewsnetwork.org",
    "newsinfo.inquirer.net",
    "newsok.com",
    "newsinfo.inquirer.net",
    "www.etsy.com"
  ]
}