{
  "snippets": [
    "the United Kingdom does honor the 3 year rabies vaccination for dogs, cats and \nferrets; ... If your pet is traveling from the United States, the veterinarian must be \n.... All dogs, cats and ferrets leaving the UK must be microchipped, vaccinated for \n... Two vaccinations against avian influenza with the H5 vaccine between 60 days\n\u00a0...",
    "Sep 14, 2017 ... U.S. Embassy Doha. Al-Luqta District 22nd February Street PO Box 2399. Doha, \nQatar. Telephone +(974) 4496-6000, extension 0 or 6600\u00a0...",
    "If your cat or dog is returning to the UAE, and was vaccinated against rabies prior \nto ... If your pet is entering the UAE from the United States, then the certificate is \ngood for ... of the import process: Australia, Austria, Andorra, Aruba, Barbados, \nBahrain, ... Approved entry points: Abu Dhabi airport, El Bateen, RAK airport, \nDubai\u00a0...",
    "This website places cookies on your device to help us improve our service to you. \n... Conjugate vaccine (Menveo/Nimenrix)- single dose to be given not more ... \nrequirements for Hajj pilgrims entering from countries other than the UK: ... These \ntravellers will also receive 1 dose of oral polio vaccine at border points on arrival.",
    "Jun 13, 2017 ... Learn actions you can take to stay healthy and safe on your trip. Vaccines cannot \nprotect you from many diseases in Qatar, so your behaviors\u00a0...",
    "Prepare your health for travel, visit us before you go. ... In addition to receiving a \nyellow fever vaccine, travelers should be sure to use appropriate mosquito\u00a0...",
    "Jun 23, 2017 ... Turkish troops arrive at their military base in Doha, Qatar, June 23, 2017. ... \u201cThis \nis an artificial crisis, when it comes to accusations of financing or ... We've seen \nthis so many times in history,\u201d points out Mithat Rende, the ... it would leave \nTurkey looking as an unreliable partner having gone out ... Follow Us.",
    "... more information); there's a high chance you have gonorrhoea, even though \nyour test results haven't come back yet; your partner is found to have gonorrhoea.",
    "Employment Based Greencard ... Every person, regardless of age, who wants to \nimmigrate to the U.S. has to go through a medical examination. ... terminology \nprescribed by the United States Public Health Service (USPHS). Process ... All \nmedical records of vaccinations, prior illnesses or treatments, and prior chest x-\nrays.",
    "Covering Australian, British, Canadian, US and EU nationalities. Embassy and \nconsulate addresses in UK, USA and Qatar. Essential reading before you travel\u00a0..."
  ],
  "links": [
    "http://www.pettravel.com/immigration/UnitedKingdom.cfm",
    "https://travel.state.gov/content/passports/en/country/qatar.html",
    "http://www.pettravel.com/immigration/unitedarabemirates.cfm",
    "http://www.fitfortravel.nhs.uk/advice/general-travel-health-advice/hajj-and-umrah-pilgrimage.aspx",
    "https://wwwnc.cdc.gov/travel/destinations/traveler/none/qatar",
    "https://www.passporthealthusa.com/vaccinations/yellow-fever/",
    "https://www.voanews.com/a/turkey-stands-by-qatar-in-ongoing-crisis/3913479.html",
    "http://www.nhs.uk/Conditions/Gonorrhoea/Pages/Treatmentpg.aspx",
    "https://www.immihelp.com/immigrant-visa/medical-examination.html",
    "https://www.worldtravelguide.net/guides/middle-east/qatar/passport-visa/"
  ],
  "displayUrl": [
    "www.pettravel.com",
    "travel.state.gov",
    "www.pettravel.com",
    "www.fitfortravel.nhs.uk",
    "wwwnc.cdc.gov",
    "www.passporthealthusa.com",
    "www.voanews.com",
    "www.nhs.uk",
    "www.immihelp.com",
    "www.worldtravelguide.net"
  ],
 "relaxed_query": "'Doha' 'Doha US' 'UK' vaccinations process shots things come work leave i",
  "initial_query": "'Doha' 'Doha US' 'UK' vaccinations process shots things come work leave i",
  "id": "Q273_R39_C1"
}