{
  "snippets": [
    "Yellow fever is one of the most common travel vaccines and is required for some \ncountries. ... Prepare your health for travel, visit us before you go. ... vaccination \nfor entry, do require proof of the yellow fever vaccine if coming from an infected \nregion. ... Fatal cases of yellow fever have occurred in unvaccinated tourists \nvisiting\u00a0...",
    "Aug 4, 2017 ... Get travel vaccines and medicines because there is a risk of these diseases in ... \nyou will be doing, and if you are traveling from a country other than the US. ... \nPeople who will be working with or around animals (such as ... The government \nof Pakistan requires proof of yellow fever vaccination only if you are\u00a0...",
    "Jul 11, 2016 ... With news that a Men ACWY vaccine is going to be introduced into the ... in the \nUK but since 2009 year on year cases of Men W have increased\u00a0...",
    "Jun 13, 2017 ... Learn actions you can take to stay healthy and safe on your trip. Vaccines cannot \nprotect you from many diseases in Qatar, so your behaviors\u00a0...",
    "If you're about to travel outside of the UK, you may need to be vaccinated before \nyou ... but you may need extra vaccinations or antimalarials if you're planning on \n... Ideally you should see us six to eight weeks before travelling, but we may still \n... How it works ... **Yellow fever vaccination is available in selected stores only.",
    "Jun 13, 2017 ... Get travel vaccines and medicines because there is a risk of these ... People who \nwill be working with or around animals (such as ... from a country with risk of \nyellow fever (this does not include the US - for .... Traveling pets should be \nsupervised closely and not allowed to come in contact with local animals.",
    "Do I need a dose of tetanus vaccine after cuts, bites, etc? I am going abroad - do \n... In 2013 there were only seven cases of tetanus in the UK. Tetanus is largely a\n\u00a0...",
    "British Airways and OpenSkies have a dedicated Passenger Medical Clearance \n... they may have different processes so please contact them directly before you \ntravel. ... you can travel and also whether you need to tell us about your condition. \n..... your vaccination or a duplicate certificate of your Yellow Fever vaccination,\u00a0...",
    "British nationals can get a tourist visa for up to 30 days on arrival in Maldives, \nprovided you hold a valid onward or return ... Yellow Fever vaccination certificate.",
    "The first step to prepare your dog, cat or ferret to enter France is to have your pet \n... France does honor the 3 year rabies vaccination for dogs, cats and ferrets; \nhowever, it should ... If your pet is traveling from the United States, the \nveterinarian must be accredited .... export pets from UK ... Works at Park House \nEnglish School."
  ],
  "links": [
    "https://www.passporthealthusa.com/vaccinations/yellow-fever/",
    "https://wwwnc.cdc.gov/travel/destinations/traveler/none/pakistan",
    "https://www.meningitisnow.org/meningitis-explained/what-is-meningitis/meningitis-vaccines/faqs-meningococcal-acwy-vaccine/",
    "https://wwwnc.cdc.gov/travel/destinations/traveler/none/qatar",
    "http://www.boots.com/health-pharmacy-advice/vaccinations/travel-vaccination-health-advice-service",
    "https://wwwnc.cdc.gov/travel/destinations/traveler/none/ethiopia",
    "https://patient.info/in/health/tetanus-immunisation",
    "http://www.qatarairways.com/jba/ba/en_GB/index.html?pregnant",
    "https://www.gov.uk/foreign-travel-advice/maldives/entry-requirements",
    "http://www.pettravel.com/immigration/France.cfm"
  ],
  "id": "Q273_R39_C4",
  "relaxed_query": "'Doha' 'Doha US' 'UK' vaccinations process fever shots have work come extra",
  "displayUrl": [
    "www.passporthealthusa.com",
    "wwwnc.cdc.gov",
    "www.meningitisnow.org",
    "wwwnc.cdc.gov",
    "www.boots.com",
    "wwwnc.cdc.gov",
    "patient.info",
    "www.qatarairways.com",
    "www.gov.uk",
    "www.pettravel.com"
  ],
  "initial_query": "'Doha' 'Doha US' 'UK' vaccinations process fever shots have work come extra"
}