{
  "id": "Q273_R76_C1",
  "initial_query": "'Qatar' 'Canada' job pitbulls people breed bring have getting behaved",
  "relaxed_query": "'Qatar' 'Canada' job pitbulls people breed bring have getting behaved",
  "links": [
    "https://www.rover.com/blog/dog-breed-mixes/",
    "http://www.alternet.org/education/it-finally-time-abandon-goal-oriented-parenting",
    "https://www.rover.com/blog/super-flea-care/",
    "http://www.alternet.org/civil-liberties/pitbulls-used-be-considered-perfect-nanny-dogs-children-until-media-turned-them",
    "http://moderndogmagazine.com/breeds/staffordshire-bull-terrier",
    "http://nypost.com/video/lying-cop-doesnt-know-uber-driver-was-actually-a-lawyer/",
    "http://www.care2.com/causes/heres-what-pit-bulls-are-really-bred-to-do.html",
    "http://nypost.com/2017/02/27/cash-me-outside-girl-is-a-bi-coastal-menace-to-america/",
    "http://www.pettravel.com/blog/index.php/pet-travel-pointers-for-keeping-your-pets-safe-in-cargo/",
    "https://www.cntraveler.com/story/is-your-pet-safe-flying-in-cargo"
  ],
  "snippets": [
    "Nov 29, 2016 ... Doesn't it seem like every mixed breed dog you meet these days is a ... mutt\u201d \ndebate) but we can take some educated guesses as to what ... Stories by dog \npeople, for dog people. Sign up and get $25 off pet sitting and dog walking! ... A \nPitbull and Boxer cross, the Bullboxer is a large, strong, energetic, and\u00a0...",
    "Aug 10, 2016 ... Gopnick argues that modern parents have accepted a goal-oriented ... Did you \nmanufacture the good, well-behaved, accomplished tiny ... new human being \nprotectors\u2014people who make sure that children have a ... But I get her point-- we'\nre not supposed to be creating children with .... TAKE ACTION NOW!",
    "Oct 12, 2016 ... Stories by dog people, for dog people. Sign up and get ... Given the right \nconditions, ALL fleas have the potential to be super fleas. They're ... Cons. Doesn'\nt kill flea eggs or larvae; Pets may not take pill willingly ... You can get a full list of \nflea treatment options here. .... 10 Smartest Dog Breeds In The World.",
    "Jan 30, 2013 ... Pitbulls are the dog of choice for irresponsible breeders, ... We have tragically \nbetrayed our children's beloved nanny-dogs, ... aggressive and then turning them \ninto pariahs when they behave as any ... In Canada, Siberian huskies have often \nplayed the role of .... Get AlterNet's Daily Newsletter in Your Inbox.",
    "Pit Bull. Devil dog. Killer. The Staffordshire Bull Terrier (SBT) is none of these, yet \n... breed standards of several countries, including the United States, Canada, and \n... neighbour's jovial Bull Terrier or the well-behaved Stafford down the street. ... \u201c\nStaffords are so people-oriented that they don't need canine companionship if\u00a0...",
    "Mar 9, 2017 ... When defense attorney Jesse Bright was pulled over in North Carolina while \nmoonlighting as an Uber driver, he began filming the encounter.",
    "Mar 29, 2013 ... The SPCA Serving Erie County's goal is to educate and bring ... And while pit \nbulls still get a lot of bad press, they're no more likely to bite someone than any \nother breed. ... So far, they've got people showing off pit bulls who were bred to .... \ngentlest, most patient, well behaved, well trained dog on the planet.",
    "Feb 27, 2017 ... The teen notorious for her \u201ccash me outside\u201d remark on the \u201cDr. Phil\u201d show has \nfound herself in the middle of trouble again.",
    "Jan 12, 2012 ... If your pet has a history of being nervous, consider a sedative but NEVER a \ntranquilizer. ... If you're on a long trip, pickup your pet and take them for a walk. ... \nSome airlines will let pets of the same breed travel together as long .... We are \ntraveling from Canada to the Philippines with our 7-year-old shit zhu.",
    "Feb 15, 2017 ... Distraught, she asked a flight attendant to help get her pets into air-conditioning. \n... dogs and cats, such as those traveling between breeders and a new home. ... \nHer company prefers to work with United domestically, she says, and ... on the \npart of people who handle pets as cargo, but our experience has\u00a0..."
  ],
  "displayUrl": [
    "www.rover.com",
    "www.alternet.org",
    "www.rover.com",
    "www.alternet.org",
    "moderndogmagazine.com",
    "nypost.com",
    "www.care2.com",
    "nypost.com",
    "www.pettravel.com",
    "www.cntraveler.com"
  ]
}