{
  "snippets": [
    "Aug 1, 2017 ... U.S. Treasuries have ticked up recently in a curve-flattening trade. The 10-yr yield \nis unchanged at 2.30% while the 2-yr yield is lower by one\u00a0...",
    "You may reproduce the whole or part of this work in unaltered form for your own \n..... In some instances, concerns about the safety of certain vaccines have led to ... \nThe public may come across mixed and often confusing messages that can .... \nexample, a rotavirus vaccine licensed in the United States in August 1998,.",
    "Apr 20, 2004 ... Intellectual property and access to IP protected vaccine technologies ... \nNotwithstanding the \u201cWTO Doha Declaration on TRIPS and Public Health\u201d, ... \ncertain stage of the vaccine production process, to a full technology ..... The US \nFood and Drug Administration is now beginning to work on the issue of what.",
    "Globalization can be defined as the \u201cprocess of denationalization of markets, \nlaws, and politics ... The Doha Declaration allows a transition period of until 2016 \nfor the ... Recent awards by the U.S. government to vaccine manufacturers to \ndevelop .... The work of the WHO on the impact of good health on development \nand that\u00a0...",
    "Mr. William Jefferson Clinton, Former President of the United States. Mr. Elie ... I \nwant to highlight in particular the work of the Leading Group on Solidarity Levies. \n... 2008 Doha Declaration on Financing for Development. .... communities have \ncome to depend on the aid of civil society, and so, in a world where one \nmovement.",
    "Nov 30, 2016 ... Lawrence Summers' Keynote Address for Doha: The Future of Aid for Health ... \nresponsibility of this position is that you get to choose the topic for the Bank's ... \nReport, which aims to inform global thinking on a specific ... only one in 150 \nchildren in the United States or Britain dies before the age ... processes.",
    "Your views are important to us. ... prepare and store raw meat, to avoid \ncontamination and ensure that that vital nutrients aren't lost in the preparation \nprocess.",
    "Validating the anthrax vaccine production process will not be quick and it will not \nbe ... When DOD spokesmen blithely describe the company's efforts to work \ndown the ... But I have come to doubt the judgment, the foresight and the \ncompetence of ...... I went to the hospital and spoke with a doctor who sent me to \nCamp Doha,\u00a0...",
    "How the procedure improves sex drive, orgasm, and painful intercourse (\ndyspareunia). Also ... Woman thinking about getting an O-Shot\u00ae procedure .... \nThe Orgasm Shot\u00ae (O-Shot\u00ae) proccomedure is a very specific method of .... With \n150 million women in the US in 2010, at least 50 million women suffer with these \nproblems.",
    "Watch breaking news videos, viral videos and original video clips on CNN.com."
  ],
  "links": [
    "https://finance.yahoo.com/news/inplay-briefing-com-125529772.html",
    "http://www.immunise.health.gov.au/internet/immunise/publishing.nsf/Content/AD34C3D063510C0CCA257D49001E73D4/$File/full-publication-myths-and-realities-5th-ed-2013.pdf",
    "http://www.who.int/intellectualproperty/events/en/Background_paper.pdf",
    "http://content.healthaffairs.org/content/25/4/1061.full",
    "http://www.un.org/esa/ffd/documents/InnovativeFinForDev.pdf",
    "http://larrysummers.com/wp-content/uploads/2016/11/Doha-LHS-Speech.pdf",
    "http://www.sidra.org/",
    "https://www.gpo.gov/fdsys/pkg/CHRG-106hhrg73979/html/CHRG-106hhrg73979.htm",
    "http://oshot.info/",
    "http://edition.cnn.com/videos"
  ],
  "id": "Q273_R39_C10",
  "relaxed_query": "'Doha' 'Doha US' 'US' vaccinations process richard shots work come get specific",
  "displayUrl": [
    "finance.yahoo.com",
    "www.immunise.health.gov.au",
    "www.who.int",
    "content.healthaffairs.org",
    "www.un.org",
    "larrysummers.com",
    "www.sidra.org",
    "www.gpo.gov",
    "oshot.info",
    "edition.cnn.com"
  ],
  "initial_query": "'Doha' 'Doha US' 'US' vaccinations process richard shots work come get specific"
}