{
  "snippets": [
    "Vaccination against rabies - The pet animal (dog, cat or ferret) must be ... the \nanimal was at least 12 weeks old at the date the vaccine was administered ... \nweeks old and have not received an anti-rabies vaccination or are between 12 \nand 16\u00a0...",
    "This book is dedicated to all those individuals who work tirelessly to improve and \n... The mention, or photographic illustration, of specific companies or of certain ... \nMichel Greco (for section on vaccine industry in Chapter 2), Patrick Lydon ( ..... \n2000, the global vaccine market has almost tripled \u2013 reaching over US$ 17 billion\n.",
    "You may reproduce the whole or part of this work in unaltered form for your own \n..... In some instances, concerns about the safety of certain vaccines have led to ... \nThe public may come across mixed and often confusing messages that can .... \nexample, a rotavirus vaccine licensed in the United States in August 1998,.",
    "Sep 11, 2014 ... Some diseases may not become apparent until you have returned home and ... \nAnimals in many parts of the world may carry rabies. ... They can give you specific \ninformation about particular health requirements in ... A vaccine for yellow fever \nmust be provided by approved yellow fever vaccination clinics.",
    "If you're about to travel outside of the UK, you may need to be vaccinated before \nyou ... and help you work out which vaccinations and antimalarials you may want \nto ... Ideally you should see us six to eight weeks before travelling, but we may \nstill ... Meningitis ACWY; Rabies; Tick-borne encephalitis; Typhoid*; Yellow fever\n**.",
    "Instant cover | Buy while away | Extend your trip | Claim online. ... World Nomads \ntravel insurance has been designed by travelers for travelers, to cover your trip \nessentials. Even if you run out of ... We don't just keep you and your family \nprotected, with us, you'll travel smarter and safer. ... Been working hard for your \ntrip?",
    "Jul 23, 2015 ... James Hodge, a cancer immunologist at the US National Cancer Institute, says \ncancer ... \u201cMany scientists are starting to wonder whether vaccine priming could \nincrease the ... How therapeutic cancer vaccines work ... Florida, most vaccines \nhave not evoked sufficient quantities of antigen-specific T cells.",
    "The paper work was also very user friendly and we will for sure make use of your \nservices again in future. Please extend our gratitude to the 2 gentleman\u00a0...",
    "If My Cat Has Lots Of Antibodies Against Feline Coronavirus/FIP, Why Isn't He \nProtected? ... When it is due to a specific coronavirus of cats, we call it FIP ( = \nfeline .... The more likely a cat is to come in contact with the stool of cats carrying \n...... For the theory to work, the cat would need the vaccine before being exposed \nto\u00a0...",
    "The mention of specific companies or of certain manufacturers' products does not \nimply that ... Intellectual property, vaccine production and technology transfer . ..... \nIn addition, many of the institutions working on vaccine development have .... \nreviewed, including the \u201caccess to medicines\u201d debate, leading to the WTO Doha."
  ],
  "links": [
    "https://ec.europa.eu/food/animals/pet-movement/eu-legislation/non-commercial-non-eu_en",
    "https://www.unicef.org/immunization/files/SOWVI_full_report_english_LR1.pdf",
    "http://www.immunise.health.gov.au/internet/immunise/publishing.nsf/Content/AD34C3D063510C0CCA257D49001E73D4/$File/full-publication-myths-and-realities-5th-ed-2013.pdf",
    "http://www.health.gov.au/internet/main/publishing.nsf/content/health-pubhlth-strateg-quaranti-index.htm",
    "http://www.boots.com/health-pharmacy-advice/vaccinations/travel-vaccination-health-advice-service",
    "https://www.worldnomads.com/usa/travel-insurance/",
    "http://www.pharmaceutical-journal.com/news-and-analysis/features/attacking-cancer-are-therapeutic-vaccines-on-the-verge-of-fulfilling-their-potential/20069012.article",
    "http://www.petlounge.co.za/",
    "http://www.2ndchance.info/fip.htm",
    "http://www.who.int/intellectualproperty/events/en/Dip-789-screen.pdf?ua=1"
  ],
  "id": "Q273_R39_C8",
  "relaxed_query": "'Doha' 'Doha US' 'Rabies' vaccinations process extent shots have work come specific",
  "displayUrl": [
    "ec.europa.eu",
    "www.unicef.org",
    "www.immunise.health.gov.au",
    "www.health.gov.au",
    "www.boots.com",
    "www.worldnomads.com",
    "www.pharmaceutical-journal.com",
    "www.petlounge.co.za",
    "www.2ndchance.info",
    "www.who.int"
  ],
  "initial_query": "'Doha' 'Doha US' 'Rabies' vaccinations process extent shots have work come specific"
}