{
  "id": "Q273_R76_C10",
  "initial_query": "'Qatar' 'Canada' 'Kuwait' job kind pitbulls people bring have leave behaved",
  "relaxed_query": "'Qatar' 'Canada' 'Kuwait' job kind pitbulls people bring have leave behaved",
  "links": [
    "http://www.alternet.org/education/it-finally-time-abandon-goal-oriented-parenting",
    "https://www.rover.com/blog/dog-breed-mixes/",
    "http://nypost.com/video/lying-cop-doesnt-know-uber-driver-was-actually-a-lawyer/",
    "https://www.rover.com/blog/top-dog-friendly-restaurants/",
    "http://www.dailymail.co.uk/travel/travel_news/article-3199930/Shocking-moment-woman-kicked-plane-screaming-swearing-police-refusing-dog-snapping-crew-pet-carrier.html",
    "https://www.justlanded.com/english/France/Articles/Moving/Pets-in-France",
    "http://www.dailymail.co.uk/news/article-3733014/Supercar-offs-world-s-finest-cars-clog-London-s-streets-super-rich-owners-arrive-summer.html",
    "http://www.care2.com/causes/pit-bulls-have-better-temperament-than-average-dog.html",
    "http://www.dailymail.co.uk/travel/travel_news/article-2733349/How-pets-fly-private-jet-cost-easy-Jet.html",
    "http://www.care2.com/causes/did-you-know-most-insurance-companies-blacklist-pit-bulls.html"
  ],
  "snippets": [
    "Aug 10, 2016 ... Gopnick argues that modern parents have accepted a goal-oriented view of ... \nDid you manufacture the good, well-behaved, accomplished tiny ... human being \nprotectors\u2014people who make sure that children have a ... Our job is not to make \na particular kind of child but to provide a .... TAKE ACTION NOW!",
    "Nov 29, 2016 ... Doesn't it seem like every mixed breed dog you meet these days is a ... Crossing \ntwo purebred dogs of different breeds will never have completely ... mutt\u201d debate) \nbut we can take some educated guesses as to what these crosses ... A Pitbull \nand Boxer cross, the Bullboxer is a large, strong, energetic, and\u00a0...",
    "Mar 9, 2017 ... When defense attorney Jesse Bright was pulled over in North Carolina while \nmoonlighting as an Uber driver, he began filming the encounter.",
    "Apr 21, 2016 ... Stories by dog people, for dog people ... If you want to stretch your legs, check \nwith the staff before bringing your dog ... Lazy Dog has 19 locations on the west \ncoast, with plans to expand even ... so it's always a good idea to call the \nrestaurant before you leave the ... She has two beloved pit bulls of her own.",
    "Aug 16, 2015 ... But things are going to take a much more serious turn. ... captain is requesting \nthat you get off the flight so you'll need to take your dog with you.",
    "Paris has a pet cemetery ( cimeti\u00e8re des chiens) at Asni\u00e8res and there are ... You \ncan take up to three animals into France at any time, one of which may be a ... \nAround 40 per cent of French people list their dogs as the most important thing in \n... certain breeds of dog (e.g. pit-bull terriers) must be muzzled in public places.",
    "Aug 10, 2016 ... The car owners, many of them from Qatar, Saudi Arabia, UAE and ... and often \nleave them parked up on the streets of Knightsbridge and Chelsea .... London \nhave complained that some drivers allegedly behave in an ... The vehicle has \nKuwaiti plates, like many of the supercars which are parked in upmarket.",
    "Feb 10, 2011 ... Pit bulls have a better temperament than the average dog, ... them, they are \nviewed by many people as a violent and aggressive breed. But the truth is that pit \nbulls are smart dogs and behave as they are ... TAKE ACTION NOW! Learn more. \nTell Congress: We need paid family leave for ALL working families!",
    "Aug 24, 2014 ... 'It would have cost me \u00a31,500 to take Roo on a commercial flight, on top of my ... \nbut if you look at sharing a route with other people it makes sense. ... The Hawker \nBeechcraft King Air 350i, for example, has seats for ... and celery sticks, one \ntablespoon of peppercorns and two bay leaves. ..... Canadian Dollar.",
    "Oct 23, 2015 ... Many people who don't have pit bulls (or dogs who resemble pit bulls) ... Known \nas breed-specific legislation (BSL), these laws ban or restrict ... It unfairly \npunishes well-behaved dogs and responsible owners. .... TAKE ACTION NOW! ... \nTell Congress: We need paid family leave for ALL working families!"
  ],
  "displayUrl": [
    "www.alternet.org",
    "www.rover.com",
    "nypost.com",
    "www.rover.com",
    "www.dailymail.co.uk",
    "www.justlanded.com",
    "www.dailymail.co.uk",
    "www.care2.com",
    "www.dailymail.co.uk",
    "www.care2.com"
  ]
}