{
  "id": "Q274_R68_C10",
  "initial_query": "'Qatar' cold winter sunny morning feel enjoy is cold",
  "relaxed_query": "'Qatar' cold winter sunny morning feel enjoy is cold",
  "links": [
    "http://www.alternet.org/education/secrets-military-trainers-never-tell-young-recruits-about-war",
    "https://wanderwisdom.com/travel-destinations/extreme-heat-and-humidity",
    "http://www.climatestotravel.com/climate/saudi-arabia",
    "http://www.lifeinqatar.com/en/article/living/10-outdoor-activities-to-enjoy-in-qatar.html",
    "https://www.theweathernetwork.com/qa/weather/-/doha",
    "http://www.bbc.com/news/science-environment-25743806",
    "http://www.telegraph.co.uk/travel/destinations/middle-east/qatar/articles/qatar-beaches/",
    "https://en.oxforddictionaries.com/definition/cold",
    "http://www.expatfocus.com/c/aid=3758/articles/denmark/living-in-denmark-this-winter-heres-how-to-deal-with-the-cold/",
    "http://www.dermstore.com/product_Cold+Cream_12388.htm"
  ],
  "snippets": [
    "Apr 7, 2016 ... Then we trudge through knee-deep snow in bathing suits and boots, ... Lake \nMichigan in search of what I can only describe as a feeling of falling. ..... day he \nwas someone that the students clearly enjoyed talking with. ... not the only one \nheading for Lake Michigan on cold winter mornings or gloomy nights.",
    "Jun 24, 2017 ... Includes photos and description of Doha, Qatar, as only seen on ... the humidity \nramps up to compensate, making it feel even hotter. ... The other way is to learn to \nenjoy it. ... To keep your camels cool in the sun, provide each with a light .... \nConventional wisdom says to favour the morning and evening and to\u00a0...",
    "Weather averages, sunshine, and tips on the best time to visit. ... In the \nnorthernmost part, in the Gulf of Aqaba, it is a bit cool in winter, since it goes \ndown .... in the small coastal stretch between Qatar and the Emirates, the sea in \nwinter is instead .... desert boots or sandals, sweater or jacket for the evening and \nearly morning.",
    "Outdoor fitness While living and working in Qatar you can participate in a ... on a \nrun with members of the Doha Bay Running Club every Friday morning at 05:30. \n... sit in front of the sea and watch the Doha skyline light up as the sun goes down\n. .... Qatar Cool or mobile bills (Ooredoo or Vodafone) and each month you do so,\n\u00a0...",
    "Doha, Qatar. Would you like to ... Tue Morning. Mainly sunny. Mainly sunny. 34\u00b0C\n. Feels like: ... Mainly sunny. 40\u00b0C. 104\u00b0F. 48 ... Mainly sunny. 40\u00b0C. 104\u00b0F. 49.",
    "Jan 18, 2014 ... \"It could mean a very, very inactive star, it would feel like the Sun is asleep... a ... \nLondoners enjoyed frost fairs on the Thames after it froze over, snow ... we \nshould expect more cold winters when solar activity is low,\" he says.",
    "Oct 14, 2015 ... Read our guide to the best beaches in Qatar, as recommended by Telegraph \nTravel. ... refreshing frozen snacks on sticks, cold drinks and dry towels. ... be a \nguest at the InterContinental Beach Resort to enjoy the 500-metre beach, ... the \ndusty patina effect that makes it feel like authentic, small-town Qatar.",
    "Definition of cold - of or at a low or relatively low temperature, especially when \ncompared with the human body, lacking affection or warmth of feeling.",
    "Jan 10, 2017 ... If you've never lived in a country that becomes a freezing cold winter ... might be \nfeeling a little nervous about the approaching winter in Denmark. ... Now that your \nhome is a little more hygge, it's time to get yourself properly attired to enjoy it. ... In \nwinter, the sun peaks over the horizon from as little as seven\u00a0...",
    "Check out exclusive offers on Avene Cold Cream at Dermstore. ... When I wake \nup in the morning, the skin is very good and feels like a bebe. but a little oily. .... \nUsually I just buy moisturizer, but my skin has been very dry this winter (cold \nweather & using RetA)and those just weren't ... I love the way my hands feel and \nLOOK!"
  ],
  "displayUrl": [
    "www.alternet.org",
    "wanderwisdom.com",
    "www.climatestotravel.com",
    "www.lifeinqatar.com",
    "www.theweathernetwork.com",
    "www.bbc.com",
    "www.telegraph.co.uk",
    "en.oxforddictionaries.com",
    "www.expatfocus.com",
    "www.dermstore.com"
  ]
}