{
  "id": "Q274_R68_C3",
  "initial_query": " cold winter guess degrees is am i cold u doha",
  "relaxed_query": " cold winter guess degrees is am i cold u doha",
  "links": [
    "https://www.newyorker.com/magazine/2016/10/17/leonard-cohen-makes-it-darker",
    "https://impossiblehq.com/cold-showers-excuses/",
    "https://www.timeanddate.com/weather/",
    "https://dengarden.com/home-improvement/How-to-keep-your-water-tank-cool-in-summer",
    "https://www.livingthenourishedlife.com/homemade-whipped-coconut-oil-body/",
    "http://oilprice.com/The-Environment/Global-Warming/Trumps-War-On-Climate-Change.html",
    "https://wattsupwiththat.com/2011/02/10/coldest-temperature-ever-recorded-in-oklahoma-31f-today/",
    "https://patient.info/in/health/knee-ligament-injuries-leaflet",
    "http://www.cfact.org/2014/08/07/british-antartctic-survey-trapped-without-power-during-record-cold-55-4-c/",
    "https://www.macys.com/shop/b/earmuffs?id=71447"
  ],
  "snippets": [
    "Oct 17, 2016 ... After weeks of cold and rain, he wandered into a bank and asked the .... Know \nthat I am so close behind you that if you stretch out your hand, I think you can \nreach mine. .... It was winter, and Cohen thought of the gravediggers: it would be \n.... The third line steps up even higher than that to a different degree,\u00a0...",
    "Apr 5, 2013 ... You are physically incapable of taking a cold shower. ... So this morning he said \nto me \u201cWe're going to go five. ... But guess what? ..... walking outside during the \nwinter without a coat (20 degrees), refusing to turn the heat above 50 ..... and \n200,000+ miles Later \u00b7 Wear Your Own Motivation \u00b7 48 Hours In Doha\u00a0...",
    "86 \u00b0F, Edmonton *, Tue 6:34 am, Cool. 52 \u00b0F, Nassau *, Tue 8:34 am, Broken \nclouds. Warm. 84 \u00b0F. Addis Ababa, Tue 3:34 pm, Partly sunny. Mild. 70 \u00b0F, \nFrankfurt\u00a0...",
    "Apr 16, 2016 ... During winter, the temperature touches 0 degrees in December and ... If you don't \ndo this, the cooling factor would be affected, as the water will ... I filled the tank \nwith water in the morning when water was pleasantly cold. .... This coating acts as \nan insulator so I guess this is helpful in both summer and winter.",
    "If you have never tried whipped coconut oil for a body butter recipe, it's time to \ntake the plunge! ... to get enough coconut oil out of the jar to moisturize my dry \nwinter skin. ... Tip: An electric hand mixer will work, but my KitchenAid stand mixer \ndid an ...... Guess I don't live in a cold enough climate, and don't have a \nKitchenAid.",
    "Nov 16, 2016 ... ... it as fact but sees a silver lining: as really cold places become warmer it'll be ... \nRelated: Oil Sinks Back After Key OPEC Members Turn Down Invitation For Doha \nMeeting ... However, with what looks like an agreement to cut production going \ninto ... Folks, you never know. ... Not too many I&#039;d guess.",
    "Feb 10, 2011 ... Hey Watts, you just went down! ... \u201cIn other news today, Al Gore explained the at \nthe record cold .... It's the winter tornadoes sucking all the hot air up which must \nbe replaced ..... I guess it is an honest mistake since people probably often just ... \nThis makes my four degrees Fahrenheit this morning feel toasty.",
    "Your knee joint may feel unstable and you may walk with a limp. .... About half of \npeople with an ACL injury also have injury to their meniscus or another ligament \nin the ... Again, the degree of pain can depend on the severity of the knee injury. \n... The cold from the ice is thought to reduce blood flow to the damaged ligament.",
    "Aug 7, 2014 ... You are here: Home \u203a All Posts \u203a British Antarctic Survey trapped without ... at \nHalley VI have a higher degree of professionalism and are better prepared, ... to \nreach it until this year's particularly cold and harsh Antarctic winter subsides. ..... I \nam going to start using it from now on if that is okay with you, guest.",
    "Bundle up and feel warm in earmuffs during the fall and winter time. ... A scarf set \nis the perfect gift for someone who lives in a cold climate or gets cold easily."
  ],
  "displayUrl": [
    "www.newyorker.com",
    "impossiblehq.com",
    "www.timeanddate.com",
    "dengarden.com",
    "www.livingthenourishedlife.com",
    "oilprice.com",
    "wattsupwiththat.com",
    "patient.info",
    "www.cfact.org",
    "www.macys.com"
  ]
}