{
  "id": "Q274_R68_C6",
  "initial_query": "'Doha' 'Dukhan' winter cold parents cloudy got rained is cold",
  "relaxed_query": "'Doha' 'Dukhan' winter cold parents got rained is cold",
  "links": [
    "https://en.wikipedia.org/wiki/Doha",
    "http://www.aspire.qa/aboutQatar.aspx",
    "https://www.qcharity.org/en/qa",
    "http://www.boots.com/beauty/facial-skincare/lip-balms-creams",
    "https://info.publicintelligence.net/MCIA-QatarHandbook.pdf",
    "http://nhri.ohchr.org/EN/Themes/BusinessHR/Business%20Womens%20and%20Childrens%20Rights/NHRCWorkersRightsBook_E%5B1%5D.pdf",
    "http://catnaps.org/islamic/islaqatold.html",
    "https://www.pinterest.com/pin/513903007458407608/",
    "https://www.cna.nl.ca/business-and-industry/pdfs/Travel-to-cna-qatar.pdf",
    "https://dohanews.co/angry-birds-theme-park-flies-to-doha-festival-city-from-rival-mall/"
  ],
  "snippets": [
    "Doha is the capital city and most populous city of the State of Qatar. Doha has a \npopulation of ..... Places of birth are based on the home municipality of the mother \nat birth. Suburbs in Doha. .... Qatar, Dukhan Highway. Since 2004, Doha has\u00a0...",
    "The climate of Qatar is typical of hot and arid desert lands, pleasant in winter ... \nalso falls heavily after sunset in the desert, where winds can be bitingly cold. ... \nclimate with long hot summers and short mild winters and little rain in winter. \nMajor Towns: Doha, Al Wakrah, Al Khor, Dukhan, Al Shamal, Mesaieed, Ras \nLafan and\u00a0...",
    "Floating with drops of rain .. Vihai land .. And watering plant ... This package for \nthose who used to charity, to fall gently in the hands of the needy, making you\u00a0...",
    "Discover our selection of lip balms, creams & moisturisers. Shop today & collect 4 \nAdvantage Card Points for every pound you spend.",
    "Dukhan. Al Wakrah. Bi'r Zekrit. Al Kir'anah. Al Kharrarah. Umm Sa'id. DOHA in \ndispute .... rain Qatar receives averages 100 millimeters (4 inches) per year in \nwinter; it falls in brief .... Although the mother's activities may be limited to \nhousework and tak- ing care of ..... tion in getting down to business immediately. \nInstead, the\u00a0...",
    "DOHA, QATAR. By: Hala Al Ali ... understand Qatar's basic laws so as to get full \nprotection under the laws of ... from cold terms and clich\u00e9s. Comments of ..... \nSixteen years, with father or guardian's consent. Also the ..... shoes, and heavy \nclothes in winter. ... Dukhan, Um Bab, Messsaied, Northern area, Halul island \nand any\u00a0...",
    "An early aerial photograph of Doha and al-Bida \u2013 with permission from Dr Robert \n.... to get a better indication of the way in which the central suq was organised. ..... \nof mirzam designed to throw rain water away from the building, in this case also \n..... Cold Stores established opposite the main entrance to the Diwan al-Amiri.",
    "A rock formation in Dukhan. ... Mother NatureMother EarthPlaces To VisitPlaces \nTo TravelBeautiful PlacesMost BeautifulWonderful PlacesAmazing ..... Have seen \nthe canyon a few times but the next time, I want it to be in winter. .... I'd be too cold \nanyway. ..... I wish I had bought rain boots cause I got soaked more than once!",
    "You will find that CNA-Q, like most of Doha, is a community of friendly expatriates \n\u2013 ... Bring enough US cash to take care of your travel and get you through the first \ncouple of .... Al Khawr. Dukhan-. Umm Sa'id-. An Nuhayy. Rawdat Rashid-. Wadi \nJallal .... Rain is almost nonexistent . ..... decongestant or cold/sinus medication.",
    "Apr 23, 2015 ... It will be a \u201csealed zone,\u201d enabling parents to safely leave their children for ... \nwhere competitors have to solve mysteries and puzzles to get out of a ... by a \nfolktale when a cold snap froze an Arab town, according to mall officials. ... which \nwill allow viewers to experience sensations such as rain, fog, wind,\u00a0..."
  ],
  "displayUrl": [
    "en.wikipedia.org",
    "www.aspire.qa",
    "www.qcharity.org",
    "www.boots.com",
    "info.publicintelligence.net",
    "nhri.ohchr.org",
    "catnaps.org",
    "www.pinterest.com",
    "www.cna.nl.ca",
    "dohanews.co"
  ]
}