{
  "id": "Q277_R4_C1",
  "initial_query": "'Doha' 'Qatar' child night belts front regarding driving witness child",
  "relaxed_query": "'Doha' 'Qatar' child night belts front regarding driving witness child",
  "links": [
    "http://edition.cnn.com/videos",
    "http://www.rhinocarhire.com/Drive-Smart-Blog/Drive-Smart-Egypt.aspx",
    "https://www.hrw.org/sites/default/files/wr2013_web.pdf",
    "http://www.smh.com.au/news-wire",
    "http://www.marriott.com/default.mi",
    "https://www.aquila-style.com/aquila-videos/videos-travel/umra-with-three-young-children/102874/",
    "https://fetzthechemist.wordpress.com/2012/04/08/a-plane-full-of-indians-behaving-badly/",
    "https://en.wikipedia.org/wiki/War_in_Darfur",
    "http://www.dailymail.co.uk/news/article-2857356/U-S-lobbies-Qatar-couple-child-death-case.html",
    "https://dohanews.co/spending-slashed-qatar-prepares-run-qr46-5-billion-deficit/"
  ],
  "snippets": [
    "Watch breaking news videos, viral videos and original video clips on CNN.com.",
    "Aug 16, 2017 ... A guide to Safe Driving In Egypt, including Speed Limits, Alcohol Limits, ... You \nshould avoid driving at night at all costs as there are many hazards in the ... \nDriving is on the right hand side of the road in Egypt. ... Seat Belt Laws ... If you \nhire a car in Egypt and are travelling with small children, advise us of\u00a0...",
    "Jan 1, 2013 ... Front cover photo: Syria \u2013 A mother and son anguished over the loss of her other \ntwo sons ... programs on arms; business and human rights; children's rights; \nhealth and .... Qatar. 598. Saudi Arabia. 603. Syria. 609. Tunisia. 618. United \nArab Emirates. 623 ..... buildings, and women still may not drive. A small\u00a0...",
    "The hardest part for Jesse Bromwich was pulling up out the front of his young \nson's school. ... With the 2017 NRL season about to draw to an end, Michael \nChammas .... Children stranded in evacuation centres are being taught to cover \ntheir .... SMH \u00b7 The Age \u00b7 AFR.com \u00b7 Adzuna \u00b7 Domain \u00b7 Drive \u00b7 RSVP \u00b7 Essential \nBaby\u00a0...",
    "Hertz rental car driving fast on a highway with Hertz logo. Up to 35% off base \nrates. Plus up to 5,000 points \u00b7 Mother holding baby while hotel server assists\u00a0...",
    "May 28, 2015 ... Umra with three young children: my experience, tips and tricks ... My kids at the \nend of tawaf, and on the way to enter Sa'ee ... as we were about to get served (\nafter an hour of waiting), a group of 30 people jumped in front. ... The drive to \nMecca was surreal because I knew we were about to enter the Masjid\u00a0...",
    "Apr 8, 2012 ... Indian children are seldom under control and never admonnished for ... in their \nminds that noisy, unruly kids on an airplane are not in good form. ... food trays in \nfront of them, invariably some Indians do two things. .... am in the night and \nplaying his FUCKED UP BHANGRA music day and night with woofers.",
    "The War in Darfur is a major armed conflict in the Darfur region of Sudan, that \nbegan in ... The Darfur crisis is also related to a second conflict. ... itself the Darfur \nLiberation Front (DLF) publicly claimed credit for an attack on Golo, the .... \nincluding young children and infants, were more akin to the ethnic cleansing \nused in the\u00a0...",
    "Dec 2, 2014 ... Qatar lifted a travel ban on Tuesday against an American couple cleared in the ... \nof their adopted daughter by a Qatari appeals court in Doha on Sunday. ... The \nHuangs told the court that eight-year-old Gloria (pictured front right .... Immanuel, \nwho testified that the parents had provided food to their children.",
    "Dec 17, 2015 ... The release of the budget figures came on the same day that Qatar's ... have \nalready been forced to tighten their belts over the past year by .... It is all about \ndriving more efficiencies and cutting waste (HE Al ... dohaexpat \u2022 1 year ago ... \nwill work for two years before he sees his wife and precious children,\u00a0..."
  ],
  "displayUrl": [
    "edition.cnn.com",
    "www.rhinocarhire.com",
    "www.hrw.org",
    "www.smh.com.au",
    "www.marriott.com",
    "www.aquila-style.com",
    "fetzthechemist.wordpress.com",
    "en.wikipedia.org",
    "www.dailymail.co.uk",
    "dohanews.co"
  ]
}