{
  "id": "Q277_R19_C1",
  "initial_query": " kid lap course knows is allowed keep guardian front old",
  "relaxed_query": " kid lap course knows is allowed keep guardian front old",
  "links": [
    "https://www.theguardian.com/technology/2014/aug/11/how-to-keep-kids-safe-online-children-advice",
    "https://www.dmv.ca.gov/portal/dmv/detail/pubs/dl603/teen_htm/gettingstarted",
    "https://www.theguardian.com/society/2014/jan/08/are-tablet-computers-bad-young-children",
    "https://www.law.cornell.edu/uscode/text/18/3509",
    "https://www.theguardian.com/news/2014/nov/18/-sp-all-about-my-mother-its-amazing-what-the-living-expect-of-dying",
    "http://www.advancingjustice-alc.org/wp-content/uploads/2012/11/Kids_2011_English.pdf",
    "https://www.theguardian.com/technology/2016/mar/25/kids-minecraft-youtube-videos-stampy-diamond-minecart",
    "http://cymca.org/locations/red-bank-family-health-wellness-center/frequently-asked-questions/",
    "https://saferide4kids.com/blog/can-children-sit-in-the-front-seat-car/",
    "http://www.foxnews.com/travel/2015/05/11/what-parents-children-with-disabilities-should-know-before-traveling.html"
  ],
  "snippets": [
    "Aug 11, 2014 ... What they don't know is anything about viruses, online privacy, phishing ... I have \nof course spoken to each of them about the perils of the .... \u201cMy first observation \non keeping your kids safe online is not just to ... My two children are 9 and 14 \nyears old, so I have two different sets of .... The Guardian back to top.",
    "Minors may keep their driver license as long as they obey the following ... unless \naccompanied by a parent or guardian, a licensed driver 25 years of ... KNOW \nTHE RISKS ... device) and/or a mobile service device (pager, texting device, \nlaptop, etc.). .... A child may not ride in the front seat of an airbag-equipped \nvehicle if the\u00a0...",
    "Jan 8, 2014 ... ... feet as neatly folded and intently composed as adult hands at rest in a lap. ... In \nMarch the tabloids reported that a four-year-old girl was receiving ... their children \nof technological intelligence, or are they keeping them ... We know little about \nwhat is going on in a child's head while they are using a tablet.",
    "the child's attorney or guardian ad litem appointed under subsection (h); .... keep \nall documents that disclose the name or any other information ... which no person \nwho does not have reason to know their contents has access; and .... or allow the \nchild to sit on the adult attendant's lap throughout the course of the proceeding.",
    "Nov 18, 2014 ... I know this sounds grotesque, but we were haemorrhaging money ... She was \nunconscious, so \u201cright in front of \u201d is a matter of interpretation, but her hospital bed \n... As a very young child I'd taken the requisite delight in my grandparents; ... She \nwas a mean little girl in a sweet old woman's body; she spoke\u00a0...",
    "Do you even know what is\u2014and ... Kids and the Law: An A-to-Z Guide for Parents \nis designed to give you a ... allowed the party to take place) accountable for any \ndrinking and loud, ... old and have a valid driver's license or instruction permit to \nlegally operate a .... responsible adult designated by the parent or guardian. If.",
    "Mar 25, 2016 ... Don't put your daughter on the stage, Mrs Worthington. ... to put them on YouTube\n,\u201d was how my eight-year-old son put it recently. ... A third question: should their \nchildren be allowed to make Minecraft videos .... crash course whether in front of \na camera or behind it with joypad. .... The Guardian back to top.",
    "As a courtesy, members may put their membership on hold for up to 90 days \nonce ... All children must be signed in and out by a parent of legal guardian. ... \nHow do I know what level my child is in group lessons? ... The Bodman Pool has \nlap lanes signs indicating lane speed. ... Your login will be the same as your old \none.",
    "Aug 10, 2017 ... It is safest and best practice for children to wait to sit in the front seat until they ... \nairbag and car manufacturer recommend keeping children under age 13 in the \nback seat. ... And I know some of his friend's parents allow him to. ... According to \na study in Paediatr Child Health, children who are 12 years old or\u00a0...",
    "May 11, 2015 ... What parents of special needs children should know before traveling. ... Traveling \nwith an autistic child or guardian is possible, but it ... Also, keep in mind that \ndespite a person's disabilities, your child or guardian cannot skip security. ... as \nwell as a tamper-resistant feature in order to be allowed through the\u00a0..."
  ],
  "displayUrl": [
    "www.theguardian.com",
    "www.dmv.ca.gov",
    "www.theguardian.com",
    "www.law.cornell.edu",
    "www.theguardian.com",
    "www.advancingjustice-alc.org",
    "www.theguardian.com",
    "cymca.org",
    "saferide4kids.com",
    "www.foxnews.com"
  ]
}