{
  "id": "Q277_R17_C2",
  "initial_query": "'Car' 'Qatar' 'Norway' brands kids lugguage rest are bring treat available",
  "relaxed_query": "'Car' 'Qatar' 'Norway' brands kids lugguage rest are bring treat available",
  "links": [
    "http://www.dailymail.co.uk/travel/article-1240553/Latest-airport-advice-The-hand-luggage-restrictions-sizes-allowances-need-know.html",
    "http://www.expressen.se/nyheter/the-truth-about-the-luxury-of-qatar-airways/",
    "https://www.qatarairways.com/en/press-releases.html",
    "https://www.consumeraffairs.com/travel/qatar.html",
    "http://www.dailymail.co.uk/travel/travel_news/article-3039538/Video-shows-baggage-handlers-throwing-passengers-luggage-airport-Riyadh-Saudi-Arabia.html",
    "https://wikitravel.org/en/Norway",
    "http://www.sportsdirect.com/clearance",
    "https://www.groupon.com/terms",
    "https://www.msccruisesusa.com/en-us/Manage-Your-Booking/Before-Departure.aspx",
    "https://www.toysrus.com/products/skateboards-for-kids.jsp"
  ],
  "snippets": [
    "Jan 5, 2010 ... Latest travel advice: What you can and can't take through airport ... The main \nairlines and their hand luggage allowances are listed ... If your journey involves \nchanging flights at an EU airport, or at an airport in Norway, ..... From Michelin \nstars to beers and a barbeque in a back alley: Treat ..... Qatar (QAR)",
    "Feb 3, 2014 ... Qatar Airways is regarded as one of the most luxurious airlines in ... Their \ntreatment of employees is appalling. .... but the brand name is well known, just \nthe way Al Bakar wants it. ... drive us there in cars, stand in a corner of the \nrestaurant and sing for us .... She isn't allowed to retrieve her checked baggage.",
    "DOHA, Qatar \u2013 Qatar Airways, a supporter of premier sporting events around the \nglobe, has signed up to become the Official Airline for three editions of the\u00a0...",
    "How do I know I can trust these reviews about Qatar Airways? ..... it was \nnecessary to prioritise the available space for families with small children first. ..... \nOn my return flight from Doha to Atlanta, I was told that I could not take my carry-\non to the cabin due to limited space. .... The luggage in the pictures were brand \nnew.",
    "Apr 15, 2015 ... Five baggage handlers have been sacked by Saudi Arabian Airlines after a video \nshowing passengers' luggage being carelessly tossed onto a\u00a0...",
    "Only a few months after the declaration of independence, Norway entered into ... \nThis means that you have to pick your luggage, go through the customs, check it \n... Qatar Airways flies 5 times a week from Doha with connections from several ..... \nCars heavier than 3500 kg are required to bring snow chains during winter and\u00a0...",
    "Clearance available online at SportsDirect.com. ... Latvia Lithuania Luxembourg \nMalta Moldova New Zealand Norway Poland Portugal .... If you are looking for a \nclothing sale and footwear sale, take a look at the clearance sale on SportsDirect.\ncom. The clearance includes kids, ladies and mens clothes and shoes made by\u00a0...",
    "Aug 10, 2017 ... Baby, Kids & Toys ..... Certain Merchant Offerings, Products, other available \nprograms and pricing on .... We take the privacy of your Personal Information (\ndefined in the ... Norway, O.A.P.I., Panama, Paraguay, Peru, Philippines, Qatar, \nthe ... You may not use Groupon's name, logos, trademarks or brands, or\u00a0...",
    "It doesn't take long, and you can do it between 60 days and 24 hours prior to ... \nYour children and you are about to embark on a vacation filled with new\u00a0...",
    "Toys\"R\"Us stocks top brand skateboards for kids of all ages. Whether they're a \nnovice or a seasoned pro, your kids will be super excited with our skateboard\u00a0..."
  ],
  "displayUrl": [
    "www.dailymail.co.uk",
    "www.expressen.se",
    "www.qatarairways.com",
    "www.consumeraffairs.com",
    "www.dailymail.co.uk",
    "wikitravel.org",
    "www.sportsdirect.com",
    "www.groupon.com",
    "www.msccruisesusa.com",
    "www.toysrus.com"
  ]
}