{
  "id": "Q277_R4_C2",
  "initial_query": "'Doha' 'Qatar' child belts night emergency regarding driving witness child",
  "relaxed_query": "'Doha' 'Qatar' child belts night emergency regarding driving witness child",
  "links": [
    "http://www.rhinocarhire.com/Drive-Smart-Blog/Drive-Smart-Egypt.aspx",
    "http://edition.cnn.com/videos",
    "https://www.hrw.org/sites/default/files/wr2013_web.pdf",
    "https://www.thesun.co.uk/travel/3142972/uk-laptop-ban-flights-devices-countries-us-saudi-arabia/",
    "http://www.smh.com.au/news-wire",
    "https://fetzthechemist.wordpress.com/2012/04/08/a-plane-full-of-indians-behaving-badly/",
    "http://www.marriott.com/default.mi",
    "https://en.wikipedia.org/wiki/War_in_Darfur",
    "http://www.dailymail.co.uk/news/article-2153257/There-incompetence-Parents-American-toddler-killed-horrific-Qatar-mall-horrific-scene--tried-BRIBE-firefighter-help.html",
    "https://wikitravel.org/en/Cambodia"
  ],
  "snippets": [
    "Aug 16, 2017 ... You should avoid driving at night at all costs as there are many hazards in ... \nDriving is on the right hand side of the road in Egypt. ... Seat Belt Laws ... If you \nhire a car in Egypt and are travelling with small children, advise us of ... up in an \nemergency or an accident in Egypt as the driving there is so erratic.",
    "Watch breaking news videos, viral videos and original video clips on CNN.com.",
    "Jan 1, 2013 ... programs on arms; business and human rights; children's rights; health and \nhuman rights; ... women's rights; and an emergencies program. It maintains .... \nQatar. 598. Saudi Arabia. 603. Syria. 609. Tunisia. 618. United Arab Emirates. \n623. Yemen ..... buildings, and women still may not drive. A small group of\u00a0...",
    "Jul 21, 2017 ... In March 2017, the UK announced a cabin luggage ban on laptops and ... Hamad \nInternational, Doha, Qatar; Dubai International, United Arab\u00a0...",
    "With the 2017 NRL season about to draw to an end, Michael Chammas looks ... \nPolice officers will only leave their station to attend emergencies under the next \n.... Children stranded in evacuation centres are being taught to cover their noses, \n.... SMH \u00b7 The Age \u00b7 AFR.com \u00b7 Adzuna \u00b7 Domain \u00b7 Drive \u00b7 RSVP \u00b7 Essential Baby\u00a0...",
    "Apr 8, 2012 ... Indian children are seldom under control and never admonnished for ... in their \nminds that noisy, unruly kids on an airplane are not in good form. ... that there \nwas a medical emergency and passengers should remain .... in the night and \nplaying his FUCKED UP BHANGRA music day and night with woofers.",
    "Hertz rental car driving fast on a highway with Hertz logo. Up to 35% off base \nrates. Plus up to 5,000 points \u00b7 Mother holding baby while hotel server assists\u00a0...",
    "The War in Darfur is a major armed conflict in the Darfur region of Sudan, that \nbegan in ... The Darfur crisis is also related to a second conflict. .... including \nyoung children and infants, were more akin to the ethnic cleansing used in the ... \nthe Arab League, Egypt, Canada, Norway and the Netherlands served as \nwitnesses.",
    "Jun 1, 2012 ... The grieving parents of a toddler who was among 13 children killed when a ... the \nchild care facility in Doha's upmarket Villaggio mall on Monday. .... of the mall, but \nwitnesses claim security guards told shoppers it was simply a false alarm ... said \nthe emergency services were not told there was a nursery in\u00a0...",
    "Anybody who witnesses the magnificent temples at Angkor can attest to the fact \nthat ... Indeed, on the eve of French colonization it was claimed that Cambodia \nwas likely .... doesn't seem to be applied at all entry/exit ports, as well as for \nchildren. .... Bangkok to Siem Reap who left at 7.30 am and got there at 10 pm at \nnight. 3."
  ],
  "displayUrl": [
    "www.rhinocarhire.com",
    "edition.cnn.com",
    "www.hrw.org",
    "www.thesun.co.uk",
    "www.smh.com.au",
    "fetzthechemist.wordpress.com",
    "www.marriott.com",
    "en.wikipedia.org",
    "www.dailymail.co.uk",
    "wikitravel.org"
  ]
}