{
  "id": "Q277_R17_C1",
  "initial_query": "'Car' 'Qatar' 'Norway' brands seats carseat carseats are bring treat pricier",
  "relaxed_query": "'Car' 'Qatar' 'Norway' brands seats carseat carseats are bring treat pricier",
  "links": [
    "https://www.togetherweroam.com.au/flying-with-a-car-seat/",
    "https://www.toysrus.com/products/bumbo.jsp",
    "https://www.johnlewis.com/maxi-cosi-family-fix-base-group-0-1-car-seat-base/p231301622",
    "http://www.thisismoney.co.uk/money/holidays/article-2634209/10-tips-make-sure-steer-clear-holiday-car-hire-cons.html",
    "https://www.strategyand.pwc.com/trend/2017-automotive-industry-trends",
    "http://www.dailymail.co.uk/travel/travel_news/article-3393697/Reddit-users-reveal-secrets-airline-passengers-don-t-know.html",
    "https://ride.guru/content/resources/rideshares-worldwide",
    "http://www.dailymail.co.uk/travel/travel_news/article-2931285/How-score-free-upgrade-better-seat-plane-without-having-spend-money.html",
    "http://www.cnn.com/travel/article/airline-pricing-secrets/index.html",
    "http://www.expatfocus.com/expatriate-netherlands-holland-driving"
  ],
  "snippets": [
    "Whilst my initial reason to bring a car seat onboard was to survive a flight with ... \nAustralia is slowly coming around to the idea of flying with a car seat. .... Star state \nthe car seat needs to \u201c\u2026be in good condition, showing no signs of damage\u201d. ..... \nand Norway in 6 weeks time and I am not having any sucess getting my carseat\u00a0...",
    "Babies\"R\"Us Bumbo baby seats and stools give little ones independence. A \nBumbo chair is a comfortable way for babies to sit up and interact with their \nparents.",
    "Buy Maxi-Cosi Family Fix Base Group 0+/1 Car Seat Base from our Car Seat \nBases ... Compatible with Maxi-Cosi CabrioFix, Pebble and Pearl baby car seats. \n... Age Suitable For: N/A. Brand. Maxi-Cosi. Care instructions: Wipe Clean Only ... \nit in its original condition with proof of purchase and we'll exchange or refund it.",
    "May 20, 2014 ... While many airlines say they allow you to take larger child seats on the flight, in \npractice, it's not so simple because many children's car seats\u00a0...",
    "The global auto industry is more challenged than many people realize. ... The \nfront seat may be reoriented to face the back seat, so passengers can ... because \nchanges in technology content will bring OEMs or non-automotive suppliers into \n... Many OEMs, of course, already \u201crepurpose\u201d platforms across brands and \nmodels.",
    "Jan 11, 2016 ... One user suggested passengers bring their own headphones ... Passengers who \nsit in the aisle seat may find it annoying when the outer\u00a0...",
    "Uber is an on-demand car service that allows users to request a ride through \ntheir ... Netherlands, Norway, New Zealand, Panama, Peru, Philippines, Pakistan, \n... a large vehicle with seating for 6 will pick you up and include a child's car seat. \n..... Their claim to fame is that they take much less from drivers than Uber or Lyft\u00a0...",
    "Jan 29, 2015 ... It is one of the most stressful elements of travel - where to sit to ensure a good \nflight? Whether you want extra legroom or a free upgrade, here\u00a0...",
    "Jun 16, 2017 ... You can now buy airline tickets with monthly payments ... countries involved, who \nwould take a gentlemanly approach to competition and fare-setting. ... The \nworld's going flat-fee... so why not airlines? Quality. Auto. Audio .... go back to \nbasics and offer branded fares -- a bundle of services for a closed price.",
    "Children's car seats must meet the current EU safety standards, indicated by \n02.44 or ... In other cases it is necessary to take a Dutch driving test in order to \nobtain a ... relating to the vehicle itself, such as brand, model and registration \nnumber, .... wellness specialists worldwide, meaning you have easy access to \ntreatment."
  ],
  "displayUrl": [
    "www.togetherweroam.com.au",
    "www.toysrus.com",
    "www.johnlewis.com",
    "www.thisismoney.co.uk",
    "www.strategyand.pwc.com",
    "www.dailymail.co.uk",
    "ride.guru",
    "www.dailymail.co.uk",
    "www.cnn.com",
    "www.expatfocus.com"
  ]
}