{
  "id": "Q277_R19_C7",
  "initial_query": " lap kid course rage is allowed keep guardian front old",
  "relaxed_query": " lap kid course rage is allowed keep guardian front old",
  "links": [
    "https://www.theguardian.com/news/2014/nov/18/-sp-all-about-my-mother-its-amazing-what-the-living-expect-of-dying",
    "https://www.in.gov/bmv/files/Driver_Guide_for_Parents_and_Teens.pdf",
    "https://www.theguardian.com/technology/2011/jul/24/internet-anonymity-trolling-tim-adams",
    "http://nypost.com/2016/07/25/woman-pays-ultimate-price-after-getting-out-of-car-inside-tiger-exhibit/",
    "https://www.theguardian.com/society/2012/jul/21/mother-dementia-care-elderly-michael-wolff",
    "https://thepointsguy.com/2017/05/first-or-business-with-an-infant/",
    "https://www.theguardian.com/lifeandstyle/2014/jan/18/intensive-care-ill-baby-heart-defect",
    "http://www.ct.gov/dmv/lib/dmv/20/29/r12eng.pdf",
    "https://www.newyorker.com/magazine/2016/10/17/leonard-cohen-makes-it-darker",
    "http://www.americanairlinescenter.com/plan-your-visit/arena-policies"
  ],
  "snippets": [
    "Nov 18, 2014 ... Perhaps I would rage at the gods, regret all that had gone unsaid, pull ... She was \nunconscious, so \u201cright in front of \u201d is a matter of interpretation, but her hospital bed \n... As a very young child I'd taken the requisite delight in my grandparents; ... She \nwas a mean little girl in a sweet old woman's body; she spoke\u00a0...",
    "commenced an approved driver education course and the front seat .... each \npractice drive will keep you informed about the amount of practice driving .... You \nmay drive with your child, step-child, sibling, step or half siblings or spouse \nduring the hours allowed by law. ... Aggressive driving can easily escalate into \nroad rage.",
    "Jul 23, 2011 ... How the internet created an age of rage ... Silhouette of man using laptop ... Lee \nis, of course, not alone in having this anonymous violent hatred directed toward \nhim. ... to scream abuse at the woman in front who is slow in turning right. .... own \nComment is Free \u2013 employ moderators to try to keep trolls in line,\u00a0...",
    "Jul 25, 2016 ... Modal Trigger Visitors are allowed to drive their cars through the tiger exhibit at ... \nto be the younger of the two women, The Guardian reported.",
    "Jul 21, 2012 ... Michael Wolff has stood by while doctors keep his mother alive, despite ... reveals \nwhy our obsession with longevity is making old age a living hell. ... but of course \nwho listens to a woman who scribbles such notes? ... And filled with rage. .... She \ndoes seem, the doctor allowed, to have entered another stage.",
    "May 14, 2017 ... Follow these tips if you'll be traveling in first or business class with an ... and tell \nyour child to stop kicking the seat in front of them, you have officially dropped the \nball. ... above the middle bulkhead and allowed us to keep a close eye on Evy. \nOn her first Virgin Atlantic flight as a six-month old, she took a solid\u00a0...",
    "Jan 18, 2014 ... Photograph: Colin McPherson for the Guardian ... the business of putting 10-day-\nold Finn Jones safely on to the heart-lung bypass machine. .... Cradling his son \non his lap, Philip, like his wife, is shining with happiness and ... the medical team \ncannot, and it's why so many make the effort to keep expressing.",
    "These laws, along with stiffer penalties, were put into place to keep ..... giving \ninstruction to the learner's permit holder must sit in the front passenger seat ... A \nparent or legal guardian of a 16- or 17-year-old who obtains a learner's ... class at \na Connecticut commercial driving or secondary school. ..... Approved child car \nseat.",
    "Oct 17, 2016 ... When Marianne drank, she could go into a dark rage. ... down the road to teach \nhis classes at Claremont McKenna College; Cohen in a small .... As a kid, he had \nlearned the songs in the old lefty folk compendium \u201cThe People's ... A few months \nafter his audition, Cohen put on a suit and went to the Columbia\u00a0...",
    "Check out our Arena Policies and what's allowed in the building."
  ],
  "displayUrl": [
    "www.theguardian.com",
    "www.in.gov",
    "www.theguardian.com",
    "nypost.com",
    "www.theguardian.com",
    "thepointsguy.com",
    "www.theguardian.com",
    "www.ct.gov",
    "www.newyorker.com",
    "www.americanairlinescenter.com"
  ]
}