{
  "id": "Q277_R19_C8",
  "initial_query": " kid course lap question is allowed keep front guardian old",
  "relaxed_query": " kid course lap question is allowed keep front guardian old",
  "links": [
    "https://www.theguardian.com/technology/2014/aug/11/how-to-keep-kids-safe-online-children-advice",
    "https://www.law.cornell.edu/uscode/text/18/3509",
    "https://www.theguardian.com/technology/2016/mar/25/kids-minecraft-youtube-videos-stampy-diamond-minecart",
    "http://cymca.org/locations/red-bank-family-health-wellness-center/frequently-asked-questions/",
    "https://www.theguardian.com/news/2014/nov/18/-sp-all-about-my-mother-its-amazing-what-the-living-expect-of-dying",
    "https://www.dmv.ca.gov/portal/dmv/detail/pubs/dl603/teen_htm/gettingstarted",
    "https://www.theguardian.com/lifeandstyle/2013/apr/06/accused-of-child-abuse-police",
    "http://tntrafficsafety.org/cps",
    "https://mylt.lifetimefitness.com/policy/guest-and-club-policy.html",
    "http://www.comedytrafficschool.com/truth-safety-belts-child-car-seats/"
  ],
  "snippets": [
    "Aug 11, 2014 ... The advice that these people are giving their own kids should be ... questions \nbased on what the younger family members had put online just ... I have of \ncourse spoken to each of them about the perils of the .... My two children are 9 \nand 14 years old, so I have two different sets of .... The Guardian back to top.",
    "the child's attorney or guardian ad litem appointed under subsection (h);. (ii) ... at \nthe videotape deposition of a child and shall rule on all questions as if at trial. .... \nkeep all documents that disclose the name or any other information .... or allow \nthe child to sit on the adult attendant's lap throughout the course of the \nproceeding.",
    "Mar 25, 2016 ... Don't put your daughter on the stage, Mrs Worthington. ... to put them on YouTube\n,\u201d was how my eight-year-old son put it recently. ... A third question: should their \nchildren be allowed to make Minecraft videos .... crash course whether in front of \na camera or behind it with joypad. .... The Guardian back to top.",
    "As a courtesy, members may put their membership on hold for up to 90 days ... All \nchildren must be signed in and out by a parent of legal guardian. ... If your child \nhas taken Progressive Swim Lessons at another YMCA, the levels are the same. \n... log in your strength training workouts and to track your fitness data on the go.",
    "Nov 18, 2014 ... She was a mean little girl in a sweet old woman's body; she spoke about .... I \nmight try to explain how the theatre in question was the one at my ... But in the \nnascent stages of her coolness, I wasn't allowed out past 10 o'clock. ... Kids \nwhose parents are teachers in their schools are members of a special club.",
    "Minors may keep their driver license as long as they obey the following \"\nprovisions\": ... unless accompanied by a parent or guardian, a licensed driver 25 \nyears of ... If your teen incorrectly answers 9 or more of the 46 questions on the \nlaw test, .... A child may not ride in the front seat of an airbag-equipped vehicle if \nthe child:.",
    "Apr 6, 2013 ... The dog starts barking and wakes our 12-week-old baby, Sam. My partner, \nKeiron, looks out of the upstairs window to see two women at the front door. ... \nhalf months old, will have lived half his life without being allowed to be alone ... \nable to track the day-to-day movements of the child from activity plans and\u00a0...",
    "Find a Fitting Station; Child Passenger Restraint Law; CPS Videos; FAQ; Contact \n... Monroe Carell Jr. Children's Hospital and Safe Kids Cumberland Valley-ASK \n..... a certified child passenger safety technician to answer specific questions you \nmight have. ... When can my child sit in the front seat? .... CPS Training Courses.",
    "Jun 20, 2014 ... Sponsoring Member Form (Minor Child in Care of Sponsor) ..... Life Time Front \nDesk Team Members will track available guest privileges\u00a0...",
    "Learn about the safety of Child Car Seats and Safety Belts. ... If you don't install \nand use a shoulder harness with the lap belt, serious or fatal ... Only if there are \ntoo many children to put them all in back should a child be allowed to ride up \nfront. ... guardian cannot leave a child under the age of 6 years old or younger \ninside a\u00a0..."
  ],
  "displayUrl": [
    "www.theguardian.com",
    "www.law.cornell.edu",
    "www.theguardian.com",
    "cymca.org",
    "www.theguardian.com",
    "www.dmv.ca.gov",
    "www.theguardian.com",
    "tntrafficsafety.org",
    "mylt.lifetimefitness.com",
    "www.comedytrafficschool.com"
  ]
}