{
  "id": "Q278_R41_C10",
  "initial_query": "'Qatar' 'Qatar North' beaches road exit booze let know have ghaariya",
  "relaxed_query": "'Qatar' beaches let ",
  "links": [
    "https://www.qatarairways.com/en/destinations/flights-to-phuket.html",
    "https://www.airbnb.com/s/Doha--Qatar",
    "https://www.tripadvisor.com/Attractions-g294008-Activities-c61-t52-Qatar.html",
    "http://wavy.com/2017/04/28/va-beach-woman-sues-qatar-airways-for-850k-in-alleged-spilled-coffee-incident/",
    "https://en.wikipedia.org/wiki/List_of_beaches_in_Qatar",
    "https://dohanews.co/nine-public-beaches-to-check-out-in-qatar-this-summer/",
    "http://pilotonline.com/news/local/transportation/virginia-beach-woman-sues-qatar-airways-claiming-flight-attendant-spilled/article_e0c07d9c-7d16-5a23-abaa-121be9bed331.html",
    "http://www.iloveqatar.net/event/content/underwater-beach-clean-campaign",
    "https://pointandshootwanderlust.com/fuwairit-beach-qatar-gem-in-the-north/",
    "http://www.arabianbusiness.com/qatar-in-clampdown-on-alcohol-sales-in-hotel-pools-beaches-525708.html"
  ],
  "snippets": [
    "Exclusive fares on flights to Phuket with Qatar Airways. Discover an ultimate \nisland paradise, with beaches of soft, white sand and crystal-clear waters.",
    "Sep 24, 2017 - Rent from people in Doha, Qatar from $20/night. Find unique \nplaces to stay with ... Doha, Doha, Qatar. 1 single bedroom in luxury beach resort.",
    "Top Qatar Beaches: See reviews and photos of beaches in Qatar, Middle East on \nTripAdvisor.",
    "Apr 28, 2017 ... (WAVY) \u2014 A Virginia Beach woman is seeking $850,000 from Qatar ... reportedly \nsaw Azizkhani's burns and told her to not let her clothes touch\u00a0...",
    "Qatar is a peninsula with a 563 kilometre-long of coastline, numerous small islets\n, sandbars, and reefs. It is a popular destination with tourists in the Gulf\u00a0...",
    "Jul 30, 2017 ... There are many attractive #beaches in #Qatar equipped with all facilities. To \nchoose a suitable one for you, Have a look. #MME #weekend\u00a0...",
    "Apr 28, 2017 ... Virginia Beach woman sues Qatar Airways, claiming flight attendant ... cream and \nadvised her to not let her clothing touch the burned area.",
    "Dec 14, 2016 ... In the occasion of Qatar National Day and because Qatar deserve the best, let's \nclean our beach! Poseidon Dive Center is going to dive against\u00a0...",
    "Jul 10, 2017 ... Fuwairit Beach Qatar | Beach lovers will surely be delighted with this gem in the \nnorth of Qatar. Crystal clear turquoise waters and powdery\u00a0...",
    "Qatar in clampdown on alcohol sales in hotel pools and beaches .... your saying \ndo not make any sense..... go to your country and let them milk you like a cow so\n\u00a0..."
  ],
  "displayUrl": [
    "www.qatarairways.com",
    "www.airbnb.com",
    "www.tripadvisor.com",
    "wavy.com",
    "en.wikipedia.org",
    "dohanews.co",
    "pilotonline.com",
    "www.iloveqatar.net",
    "pointandshootwanderlust.com",
    "www.arabianbusiness.com"
  ]
}