{
  "id": "Q278_R41_C9",
  "initial_query": "'Qatar' 'Qatar Shammal' 'Al Gawariya' beaches resort booze party going know let private",
  "relaxed_query": "'Qatar' 'Qatar Shammal' beaches resort going know let private",
  "links": [
    "https://www.booking.com/hotel/qa/sultanbeachresort.html",
    "http://simaisma.com/en/",
    "http://marhaba.qa/qatarlinks/beaches-in-qatar/",
    "https://www.airbnb.com/s/Doha--Qatar",
    "http://doha.anantara.com/",
    "https://www.airbnb.com/s/Sumaysimah--Qatar",
    "http://www.timeoutdoha.com/aroundtown/features/69777-best-beach-clubs-in-doha",
    "http://www.ritzcarlton.com/en/hotels/qatar/sharq-village",
    "http://sealinebeachqatar.com/",
    "https://dohanews.co/new-simaisma-resort-soft-launches-in-qatar/"
  ],
  "snippets": [
    "... Beach Resort. P.O. Box 60002, Al Khor, Qatar \u2013 Show map ... Al Sultan Beach \nResort has been welcoming Booking.com guests since Jul 15, 2007. What would \nyou like ... Family Rooms. Private Beach Area ...... Good to Know Al Sultan Beach.",
    "Simaisma Resort is a relaxing place where enjoy the Simaisma Beach. As a \nMurwab Group Resort it offers ... Simaisma Seafront PO Box 2640 Simaisma, \nQatar\u00a0...",
    "If you want to go camping, Ras Abrouq (Bir Zekreet) beach is very popular. Many \nof Qatar's beaches are isolated with no facilities and there may be ... After the Al \nGhariya Beach Resort, drive 1.5 km until you reach an abandoned village. ... of Al \nShamal (North) Road and about 110 km from Doha, are some quiet beach areas\n\u00a0...",
    "Sep 24, 2017 - Rent from people in Doha, Qatar from $20/night. Find unique \nplaces to stay with ... Doha, Doha, Qatar. 1 single bedroom in luxury beach resort.",
    "Tucked away from Qatar's vibrant capital, Banana Island Resort Doha by \nAnantara ... Bask on our private 800 metre beach and refresh yourself at the 100 \nmetre long ... Experience how health and beauty go hand in hand with expert \ncare, from\u00a0...",
    "Sep 24, 2017 - Rent from people in Sumaysimah, Qatar from $20/night. ... 5 stars \nbeach resort contains the longest swimming pool in Qatar (free access for 2 ... \nQuiet area with no traffic jam. ... Private single room with own bathroom in ground \nfloor of family villa. ... You are only a 2 minute drive from Ikea and Al Shamal \nRoad.",
    "Feb 25, 2016 ... Doha beach clubs, free Qatar beaches and more seaside fun Discuss ... No bells \nand whistles, just peace and quiet that's perfect for relaxation. ... You can rent out \na private villa and the menu covers more than 250 ... Sealine Beach Resort ... \nYou can hop on a jet ski or a banana boat, give flyboarding a go,\u00a0...",
    "Experience Sharq Village & Spa, a luxury resort in the heart of Doha Qatar, \nfeaturing an idyllic spa, ... An indoor pool and Jacuzzi offer a private paradise to \nRoyal Villa guests. .... The Ritz Carlton Club, Vail; Waikiki Beach, HI - ... No \nMatches.",
    "",
    "Feb 27, 2016 ... Amid attempts to broaden Qatar's tourism appeal, a new resort has opened to ... \nThere's also Al Sultan Beach Resort by Al Khor and Banana Island resort ... and \nthe four-bed residences also have access to a private swimming pool. ... Let's be \nhonest Doha is no way a destination for tourists of Western tastes\u00a0..."
  ],
  "displayUrl": [
    "www.booking.com",
    "simaisma.com",
    "marhaba.qa",
    "www.airbnb.com",
    "doha.anantara.com",
    "www.airbnb.com",
    "www.timeoutdoha.com",
    "www.ritzcarlton.com",
    "sealinebeachqatar.com",
    "dohanews.co"
  ]
}