{
  "id": "Q280_R19_C4",
  "initial_query": "'AQUA' 'Hardees' places numbers road goldfish get buy find contact",
  "relaxed_query": "'AQUA' 'Hardees' places numbers road goldfish get buy find contact",
  "links": [
    "https://www.petsmart.com/store-locator/all/",
    "https://play.google.com/store/apps/details?id=com.sei.android&hl=en",
    "https://www.walmart.com/c/kp/10-gallon-aquariums",
    "http://www.freebieshark.com/sweepstakes",
    "http://www.snagajob.com/job-search/w-geneva,+il",
    "https://mishrmblog.org/2017/03/",
    "https://www.pinterest.com/explore/fish-baby-showers/",
    "http://www.snagajob.com/job-search/w-batavia,+il",
    "https://www.pinterest.com/pin/436145545137410920/",
    "https://www.bizquest.com/seminole-county-fl-businesses-for-sale/"
  ],
  "snippets": [
    "Find PetSmart Store locations by state. Use the PetSmart store locator to find a \nstore near you. ... Contact Our Experts. Phone Icon Call 1 888 839 9638 Email\u00a0...",
    "Put savings in your pocket with this convenient app from 7-Eleven that rewards \nyou for buying the drinks you already love! INTRODUCING 7REWARDS\u2120",
    "Aqua Culture 1 Gallon Aquarium Starter Kit 7.5\" x 7.5\" x 10.25\". Price. $12.97 ..... \nProduct Image. Penn Plax NWK25 1 gal Goldfish and Betta Aquarium Kit \u00b7 Price.",
    "Want to win a cool prize? Below you'll find a regularly updated list of both \nSweepstakes & Instant Win Games! Lots of FreebieShark readers have won all.",
    "Jobs 1 - 15 of 5257 ... Geneva employers are now hiring. Find your next job today! ... barista - Store# \n29257, North Ave & Kirk Rd. Starbucks. Saint Charles, Illinois\u00a0...",
    "Mar 29, 2017 ... Ulliance is proud to have been selected to partner with such an .... Michigan's \npremier total rewards Compensation and Benefits Conference will take place on \nMay 23 .... The court also determined that a jury could find that the employee was \n.... Goldfish's curriculum with Aqua Tots, or taken any client contact\u00a0...",
    "Find and save ideas about Fish baby showers on Pinterest. | See more ideas \nabout Baby goldfish, Fish party foods and Nemo party food. ... one fish two fish \nred fish blue fish. make a wish for the twins. Find this Pin and more on Baby \nShower Ideas ...... Snuggly soft baby blanket with aqua and turquoise watercolor \npolka dots.",
    "Jobs 1 - 15 of 4923 ... 4923 jobs in Batavia, IL are available at Snagajob. Batavia employers are now \nhiring. Find your next job today!",
    "Find out how to create beautiful color in your front yard, back yard or .... Have you \never thought about landscaping with rock instead of mulch? .... Another \nlandscape look for places where we don't want grass. ..... Keep your HVAC \nworking at peak efficiency and prolong its lifetime with these 10 simple task, \nespecially number.",
    "Buy or sell your Seminole County Florida business with BizQuest, the ... Owners \nare now old to run the place and are in the process of leaving the ... Please \ncontact for pricing and your offers. ... Together, both school can have up to 235 \nStudent. ..... Auto repair business with 24 year history in the same main road \nfrontage\u00a0..."
  ],
  "displayUrl": [
    "www.petsmart.com",
    "play.google.com",
    "www.walmart.com",
    "www.freebieshark.com",
    "www.snagajob.com",
    "mishrmblog.org",
    "www.pinterest.com",
    "www.snagajob.com",
    "www.pinterest.com",
    "www.bizquest.com"
  ]
}