{
  "id": "Q280_R45_C4",
  "initial_query": "'Doha' 'Hello' 'Doha Al Bidda' bottles places recycling locations recycling get find collected",
  "relaxed_query": "'Doha' 'Hello' 'Doha Al Bidda' bottles places recycling locations recycling get find collected",
  "links": [
    "https://dohaeco.com/",
    "https://www.pinterest.com/pin/353814114457134096/",
    "http://practicalcryptography.com/media/cryptanalysis/files/count_1w.txt"
  ],
  "snippets": [
    "Doha Qatar ALS Ice Bucket Challenge - We challenge three cities! ... A380-800 \nECONOMY CLASS QR041 PARIS - DOHA, Doha Green Bank ... I'm sure you can \nget creative. ..... to the world at COP18 event that is held at Doha's Exhibition \nCenter ..... new sustainable blankets made from 100% recycled plastic bottles.",
    "West Bay Lagoon Plaza Towers, Zig Zag Towers, Doha, Qatar designed by MZ .... \nDoha, Qatar - The Pearl, Doha. what an Amazing Place this must be to Live! .... to \ncalm down,\" recalled Amanda \" so I told him we would have to restrain him. ..... \nSkyscrapers on Skyline, Left to Right Palm Tower, Al Bidda Tower and Burj Qatar.",
    "... help 611054034 get 605984508 pm 604577485 view 602279334 online \n601317059 first ... service 519537222 than 502609275 find 502043038 price \n501651226 date ... account 203611349 times 202950880 sites 202755734 level \n202563642 ... groups 125814267 al 125787543 easy 125548527 given \n125542966 files\u00a0..."
  ],
  "displayUrl": [
    "dohaeco.com",
    "www.pinterest.com",
    "practicalcryptography.com"
  ]
}