{
  "id": "Q280_R19_C10",
  "initial_query": " family numbers kind places get buy i contact nasser different",
  "relaxed_query": " family numbers kind places get buy i contact nasser different",
  "links": [
    "http://www.nasserrealestate.com/",
    "https://www.tripadvisor.com/Restaurant_Review-g297749-d1887249-Reviews-Abu_Nassar_Hinnawi-Jaffa_Tel_Aviv_Tel_Aviv_District.html",
    "https://yalebooks.yale.edu/",
    "http://www.onemedical.com/sf/physicians/nasser-mohamed/",
    "http://graphics.wsj.com/saudi-arabia-family-tree/",
    "https://www.stlukesonline.org/communities-and-locations/facilities/clinics/st-lukes-clinic--capital-city-family-medicine",
    "https://www.theguardian.com/world/shortcuts/2014/dec/09/london-qatar-royal-family-regents-park-200m-palace-harrods",
    "https://en.wikipedia.org/wiki/Nasser_bin_Hamad_Al_Khalifa",
    "https://www.forbes.com/sites/natalierobehmed/2014/03/26/meet-the-richest-people-in-the-middle-east/",
    "https://www.nafcc.org/EIN"
  ],
  "snippets": [
    "Pennsylvania homes for sale from experienced real estate agents at Nasser Real \n... Contact Us .... Are you thinking of buying a home in Northeastern PA?",
    "After a long day in Jaffa we were famished and came across this place on trip \nadvisor, ... A nice place for a family dinner ... The starters, about 10-12 kinds of \nsalads, some typical to the region some bearing ... Get quick answers from Abu \nNassar-Hinnawi staff and past visitors. ... Address: 130 Kedem St., Jaffa, Tel Aviv, \nIsrael.",
    "... and cultural experiences. See other World Languages titles ... University Press \nE-Newsletter. Get news, articles, specials, and more delivered to your inbox.",
    "Nasser takes a caring, collaborative approach to medicine - building trusting \nrelationships with patients to address their concerns and guiding them as they\u00a0...",
    "Jan 22, 2015 ... For more than eight decades since the founding of the modern kingdom of Saudi \nArabia, in 1932, the title of king has passed along a line of\u00a0...",
    "Our clinic on State Street in Boise is dedicated to family medicine and urgent care\n. Our services include pediatric care, women's health, x-ray, and lab tests.",
    "Dec 9, 2014 ... So apart from Harrods, what else have they acquired in their ongong ... When the \nconversion of numbers 1, 2 and 3 Cornwall Terrace \u2013 acquired last year for \u00a3\n120m by Sheikha Mozah bint Nasser Al Missned, one of the three wives of \nSheikh ... the value of the Qatari royal family's other holdings in London.",
    "Sheikh Nasser bin Hamad Al Khalifa (born: 8 May 1987) is a member of the \nBahraini royal family and the commander of Bahrain's Royal Guard and ... Sheikh \nNasser is a son of the King of Bahrain, Hamad bin Isa Al Khalifa. ... Sheikh \nNaseer also has ten other half-siblings, the children of his father's other three \nwives.",
    "Mar 26, 2014 ... Egypt's Sawiris family and Mansour brothers comprise seven of the ... Turkey \nboasts the highest number of ten-digit fortunes, with 24 at last count. ... (These \nmonarchs, like Khalifa bin Zayed Al-Nahyan and Saudi King ... We have yet to \nfind billionaires in Bahrain, Iran, Iraq, Jordan, Qatar, Syria or Yemen.",
    "Purchase Tom Copeland's Family Child Care Record-Keeping Guide. ... to obtain \nan Employer Identification Number (EIN) that can be used in place of a social ... \nWe strongly recommend that all providers get an EIN number for their business. \n... (On all other tax forms, including Form 1040 and Form 1040SE, you should use\n\u00a0..."
  ],
  "displayUrl": [
    "www.nasserrealestate.com",
    "www.tripadvisor.com",
    "yalebooks.yale.edu",
    "www.onemedical.com",
    "graphics.wsj.com",
    "www.stlukesonline.org",
    "www.theguardian.com",
    "en.wikipedia.org",
    "www.forbes.com",
    "www.nafcc.org"
  ]
}