{
  "id": "Q280_R19_C9",
  "initial_query": "'Souq' places numbers goldfish i get buy i contact",
  "relaxed_query": "'Souq' places numbers goldfish i get buy i contact",
  "links": [
    "https://www.malabargoldanddiamonds.com/stores/united-arab-emirates/dubai/meenabazar/meena-bazar--bur-dubai-store",
    "https://visitabudhabi.ae/en/see.and.do/shopping/traditional.markets.and.souks.aspx",
    "https://uae.souq.com/ae-en/orbotix-bb-8-sphero-star-wars-toys-white-orange-9022707/i/",
    "https://www.tripadvisor.com/Restaurant_Review-g295424-d9769787-Reviews-Golden_Fish-Dubai_Emirate_of_Dubai.html",
    "https://uae.souq.com/ae-en/lego-pet-shop-10218-building-set-5678971/i/",
    "http://www.zoukclub.com.my/",
    "https://uae.souq.com/ae-en/samsung-850-evo-500gb-sata-internal-ssd-mz-75e500z-7971241/i/",
    "https://www.amazon.com/Goldfish-have-no-Hiding-Place/dp/184232103X",
    "https://uae.souq.com/ae-en/nisong-fish-bowl-glass-large-size-50d-7069574/i/",
    "https://www.amazon.com/Stun-Guns/b?ie=UTF8&node=7824770011"
  ],
  "snippets": [
    "Get contact details, store timings, latest stores offers, product availability & more. \n... Address. Malabar Gold & Diamonds, Souq Al Kabeer Building, Shop No: 01\u00a0...",
    "Take a trip to the Fish Souk at Mina Zayed, near Abu Dhabi's main port area, and \n... is bursting with colour as each seller arranges his produce outside the shops. \nThe choice is amazing, and you can buy by the kilo or the box. ..... Contact. Abu \nDhabi PO Box 94000, Abu Dhabi UAE tel: +971 2 444 0444, fax: ... Phone \nnumber",
    "All you need to do is download the BB 8 App Enabled Droid on your compatible \nApple or Android device to get started. You can use the app's drive or patrol\u00a0...",
    "Creek Side, Opposite NDB Bank Next to HSBC Bank, Al Souk al Kabir, Bur .... \"\nwater-taxis\" that take people across the creek) this is an excellent place to chill.",
    "Manufacturer Number: 10218 ... Details: Pet Shop includes dog, cat, 2 parrots \nand fish tank with goldfish; Also includes 3 dog bones, ball, frog toy, birdhouse,\u00a0...",
    "FAQTERMS OF SERVICECONTACT US. Zouk Club (KL) Sdn Bhd. 436, Jalan \nTun Razak, 50400 Kuala Lumpur. DOWNLOAD THE ZOUK APP. For \nreservations,",
    "Purchased on Souq.com. By aleugz1101 on ... 10/10 recommend over SATA who \nalmost make me kill my goldfish for being so slow. ... You get what you pay for.",
    "Goldfish have no Hiding Place [James Hadley Chase] on Amazon.com. ... them \nbased in the U.S. Chase developed a number of series characters, with several \nbooks dedicated to each and all are .... I hope someone will call me with some. .... \nWhat other items do customers buy after viewing this item? ... Clothing \u00b7 Souq.\ncom",
    "Features:Large Glass Fish BowlBrand : NisongSize : LargeModel Number ... \nFeatures: Large Glass Fish Bowl; Brand : Nisong; Size : Large; Model Number : \n50D\u00a0...",
    "Results 1 - 24 of 727 ... VIPERTEK VTS-880 - 400,000,000 Mini Stun Gun - Rechargeable with LED \nFlashlight, Pink. by VIPERTEK. 9 Prime. More Buying Choices."
  ],
  "displayUrl": [
    "www.malabargoldanddiamonds.com",
    "visitabudhabi.ae",
    "uae.souq.com",
    "www.tripadvisor.com",
    "uae.souq.com",
    "www.zoukclub.com.my",
    "uae.souq.com",
    "www.amazon.com",
    "uae.souq.com",
    "www.amazon.com"
  ]
}