{
  "id": "Q280_R41_C7",
  "initial_query": "'Homoglobin' 'Homoglobin Doctor' 'Hemoglobin' bcz please gamma viability carried regading explain low",
  "relaxed_query": "'Homoglobin' 'Homoglobin Doctor' 'Hemoglobin' bcz please carried regading explain low",
  "links": [
    "https://wagwalking.com/condition/low-platelet-count",
    "https://www.ncbi.nlm.nih.gov/pmc/articles/PMC4796504/"
  ],
  "snippets": [
    "Low platelet count compromises your dog's ability to control bleeding, which can \n... in red and white blood cell count as well as platelet and hemoglobin. ... \nHomoglobin 13 % .... We took her to see a vet because, besides a skin allergy, \nshe was ...... Please give me some advice on how can normalize the platelets of \nmy dogs\u00a0...",
    "Aug 15, 2014 ... The current qualitative investigation was carried out on 32 parents of ... 4- Lack of \nvisiting patients by physician in thalassemia ward; and 5- ... on type of reduced \nhemoglobin cycle: Alpha and Beta (Tarbiat Modares .... to describe and increase \nperception of human's experience and it is ..... Homoglobin."
  ],
  "displayUrl": [
    "wagwalking.com",
    "www.ncbi.nlm.nih.gov"
  ]
}