{
  "id": "Q280_R41_C6",
  "initial_query": "'Homoglobin' 'Homoglobin Doctor' 'Hi' bcz cells follwoing guyz regading explain join low",
  "relaxed_query": "'Homoglobin' 'Homoglobin Doctor' 'Hi' bcz cells follwoing guyz regading explain join low",
  "links": [
    "http://www.dartmouth.edu/~rpsmith/Oxygen_Transport.html",
    "https://patient.info/forums/discuss/browse/anaemia-1213",
    "https://www.nata.org/sites/default/files/SickleCellTraitAndTheAthlete.pdf",
    "http://www.steadyhealth.com/articles/elevated-hemoglobin-risks-symptoms",
    "https://www.health.harvard.edu/staying-healthy/your-blood-work-on-the-edge-of-normal",
    "https://familydoctor.org/condition/thalassemia/",
    "http://www.healthline.com/health/glucose-6-phosphate-dehydrogenase-deficiency",
    "https://www.theverge.com/2013/1/17/3886424/programming-your-body-lance-armstrong-and-doping-technology",
    "https://en.wikibooks.org/wiki/Human_Physiology/Pregnancy_and_birth",
    "http://www.pearsonitcertification.com/articles/article.aspx?p=402459"
  ],
  "snippets": [
    "One molecule of hemoglobin with its four heme groups is capable of binding four \n... small amount of dissolved oxygen is consumed first by cells in organs and \ntissues. ... in oxygenating the blood, and the arterial oxygen tension is abnormally \nlow. ... Purists would not include histotoxic hypoxia as a fourth type, because both\n\u00a0...",
    "16 hours ago ... New discussion Join group .... Hi! Has anyone ever used ferrous gluconate for \ntheir iron deficiency ... After testing and two hip replacements, Dr. thinks the iron \nhad .... At a recent Gyne visit for blood work they found my hemoglobin ... No sign \nof anemia but it's weird because i have shortness of breath\u00a0...",
    "In a recent review of non-traumatic sports deaths in high school and college ... \nSickle cell trait is the inheritance of one gene for sickle hemoglobin and one for ... \nUp to 13 college football players have died after a sickling collapse. ... No sickle-\ntrait athlete is ever disqualified, because simple precautions seem to suffice.",
    "Jun 23, 2017 ... Hemoglobin is the reason why red blood cells appear red, although ... \nHemoglobin A2 (\u03b12\u03b42) - This is a minor component of the hemoglobin found in \nred cells after birth .... Some experts believe that it could be because of the low \nlevel of ... A high hemoglobin count is usually found when your doctor has\u00a0...",
    "Jun 16, 2016 ... \"It's tricky, because in some tests, a borderline result makes no difference. ... What \nif a blood test result is at the very low or high end of normal, or even ... Dr. \nSalamon emphasizes the need to look at someone's entire picture of ... red blood \ncells), hemoglobin (a protein in red blood cells that carries oxygen),\u00a0...",
    "Having not enough red blood cell hemoglobin is anemia. ... Symptoms of \nthalassemia may include one or more of the following: ... If your doctor thinks you \nor your child might have thalassemia, he'll do a physical exam and ask ... Alpha \nthalassemia can sometimes be mistaken for low-iron anemia, and iron \nsupplements may\u00a0...",
    "Feb 8, 2016 ... This early destruction of red blood cells is known as hemolysis, and it ... In people \nwith G6PD deficiency, hemolytic anemia can occur after ... Talk with your doctor if \nyou're concerned about your risk for the condition. ... be done include a complete \nblood count, serum hemoglobin test, and a reticulocyte count.",
    "Jan 17, 2013 ... Armstrong's confession is notable in part because no... ... \"Doping\" is used in the \nbroad sense to describe the use of any banned ... Athletes use low-tech and high\n-tech hacks to avoid testing ... The extra hemoglobin and hematocrit cells that \nhelp a racer retain oxygen and avoid fatigue can be watered down\u00a0...",
    "The high amount of sperm in the ejaculate is needed because only around 100 ... \nfrom the egg and the 23 chromosomes of the sperm join and they become a \nzygote. ... After fertilization, the zygote begins a process of dividing by mitosis in a \n... The inner layer of cells is called the embryoblast, and will become the fetus.",
    "Aug 12, 2005 ... High Fowler's with knees flexed ... A 25-year-old male is admitted in sickle cell \ncrisis. ... Which of the following foods would the nurse encourage the client in .... \nThe client is instructed regarding foods that are low in fat and cholesterol. ..... \"I \nwill tell your doctor and let him explain to you the reason for the hot\u00a0..."
  ],
  "displayUrl": [
    "www.dartmouth.edu",
    "patient.info",
    "www.nata.org",
    "www.steadyhealth.com",
    "www.health.harvard.edu",
    "familydoctor.org",
    "www.healthline.com",
    "www.theverge.com",
    "en.wikibooks.org",
    "www.pearsonitcertification.com"
  ]
}