{
  "id": "Q280_R45_C1",
  "initial_query": "'Doha' 'Hello' bottles places locations q recycling get know collected",
  "relaxed_query": "'Doha' 'Hello' bottles places locations q recycling get know collected",
  "links": [
    "http://www.bathandbodyworks.com/",
    "http://www.ikea.com/us/en/",
    "https://www.highlandparkwhisky.com/",
    "https://www.vanityplanet.com/",
    "https://www.enasco.com/whirlpak/",
    "https://www.sephora.com/product/purity-made-simple-P7109",
    "https://www.promod.eu/women/whole-collection/index.html",
    "https://shop.mango.com/gb/women",
    "http://qatargbc.org/qsw-2016/qsw-2016",
    "https://www.kickstarter.com/projects/905031711/trago-the-worlds-first-smart-water-bottle"
  ],
  "snippets": [
    "6 new essential oil blends for mind & body Explore the Collection. Favorites of fall\n. It's never too early for everything autumn Shop Fall Collection. Now Trending\u00a0...",
    "Join our FREE loyalty program. Because IKEA FAMILY members get more. Sign \nup now. Join IKEA FAMILY. IKEA Restaurant Pulled Pork sandwich plate with\u00a0...",
    "with Viking Soul. SAY HELLO We'd love to hear from you. Please get in touch \nwith your questions, comments and suggestions! hello@highlandparkwhisky.com\n.",
    "... not your average beauty company. Stay pretty + go get 'em. ... 67.99 $ 75.98. \nPalette | Professional Makeup Brush Collection-Makeup Brushes-Vanity Planet\u00a0...",
    "Hello, Sign In. My Account. Login \u00b7 Register ... DID YOU KNOW? Whirl-Pak\u00ae \nbags were the first sterile bags on the market; Developed in 1959; Manufactured \nin\u00a0...",
    "What else you need to know: Purity Made Simple Cleanser is part of a collection \nof philosophy products designed to soothe even the most dry and sensitive skin.",
    "New spring collection: trenchcoats, plain tops, chic blouses, casual jumpers, \nshirts & many more styles! ... New spring collection for women 2016. Sort.",
    "Sign up now & get 10% off. Be the first to know about our new arrivals, exclusive \noffers and the latest fashion updates. * By clicking ... Discover the collection. C.",
    "Location: CNA-Q Campus, Arab League St./Jelaiah St. ... Recycling your Mobile \nis an ongoing collection item on Campus, but we are concentrating on it for\u00a0...",
    "Jun 2, 2015 ... Trago is the world's first connected smart water bottle. ... However, most of us don'\nt know how much water we drink every day and, ... plastic water bottles are \ntrashed each year; and only ~17% recycled. ... You can think of it as echo-\nlocation. ... the hydration of their groups to get a leg up on the competition."
  ],
  "displayUrl": [
    "www.bathandbodyworks.com",
    "www.ikea.com",
    "www.highlandparkwhisky.com",
    "www.vanityplanet.com",
    "www.enasco.com",
    "www.sephora.com",
    "www.promod.eu",
    "shop.mango.com",
    "qatargbc.org",
    "www.kickstarter.com"
  ]
}