{
  "id": "Q280_R45_C10",
  "initial_query": "'Doha' 'Hello' bottles places locations ql recycling get find collected",
  "relaxed_query": "'Doha' 'Hello' bottles places locations ql recycling get find collected",
  "links": [
    "http://www.bathandbodyworks.com/",
    "http://www.ikea.com/us/en/",
    "https://www.brother.co.uk/labelling",
    "http://www.westelm.co.uk/",
    "https://www.enasco.com/whirlpak/",
    "https://www.papermart.com/tissue-paper/id=19034-index",
    "https://stopandshop.com/",
    "https://finance.yahoo.com/news/inplay-briefing-com-125529772.html",
    "http://www.smh.com.au/news-wire",
    "https://www.amazon.com/SKLZ-Pro-Mini-Basketball-Hoop/dp/B01HRLW1LU"
  ],
  "snippets": [
    "... bath products! Find discontinued fragrances and browse bath supplies to treat \nyour body. ... It's never too early for everything autumn Shop Fall Collection.",
    "Join our FREE loyalty program. Because IKEA FAMILY members get more. Sign \nup now. Join IKEA FAMILY. IKEA Restaurant Pulled Pork sandwich plate with\u00a0...",
    "Our range of professional label printers have been designed to help you \neverywhere ... To find the right labeller for you, simply scroll down this page and \nvisit the\u00a0...",
    "We use cookies to provide you with a better service. Carry on browsing if you\u00b4re \nhappy with this, or find out how to manage cookies. Learn More Learn More.",
    "How to Place an Order \u00b7 Nasco Retail Stores \u00b7 Bilingual Products \u00b7 Search Help \u00b7 \nProgram Supplies \u00b7 Register or Login \u00b7 Summer Camp \u00b7 Prop 65 Q&A \u00b7 Gift Card\u00a0...",
    "Find colored tissue paper, printed tissue paper, and much more at Paper Mart. ... \nRecycled White Wrapping Tissue Paper, Natural Kraft Tissue, Snow White Roll ... \ntissue paper, all in stock and ready to be shipped as soon as you place your \norder. ... Stock up on Christmas wrap, decorate your office building, or get \neverything\u00a0...",
    "Don't have an account? Register. close. Placeholder for Sad Path. Sign Out. Find \na Store \u00b7 Shopping List. Search. COUPONS & WEEKLY CIRCULAR\u00a0...",
    "Aug 1, 2017 ... U.S. Treasuries have ticked up recently in a curve-flattening trade. ... at NEPCON \nSouth China, scheduled to take place August 29-31, 2017 at\u00a0...",
    "Far north Queensland is the perfect launch location for geostationary satellites. 1 \nhr ago. Despite ... Tigers get to wear traditional guernsey ... on the Record ... \nContractors collect oBikes from the Yarra River. .... Place an Ad \u00b7 Cars \u00b7 Dating \u00b7 \nJobs \u00b7 Real Estate \u00b7 Commercial Real Estate \u00b7 Oneflare \u00b7 Nabo \u00b7 Tributes \u00b7 \nCelebrations\u00a0...",
    "Use this location: ... The spring will instantly bounce the rim back into place once \nyou make the shot. ... We know you'll have hours of fun with the SKLZ Pro Mini \nBasketball Hoop XL. ... This is the perfect addition to every basketball enthusiasts \nequipment collection .... Goodbye Nerf hoops, hello realism. ..... Find Movie"
  ],
  "displayUrl": [
    "www.bathandbodyworks.com",
    "www.ikea.com",
    "www.brother.co.uk",
    "www.westelm.co.uk",
    "www.enasco.com",
    "www.papermart.com",
    "stopandshop.com",
    "finance.yahoo.com",
    "www.smh.com.au",
    "www.amazon.com"
  ]
}