{
  "id": "Q280_R41_C2",
  "initial_query": "'Homoglobin' 'Homoglobin Doctor' bcz component please anone explain regading is low",
  "relaxed_query": "'Homoglobin' 'Homoglobin Doctor' bcz component please anone explain regading is low",
  "links": [
    "https://www.ncbi.nlm.nih.gov/pmc/articles/PMC3685880/",
    "https://www.nih.gov/news-events/news-releases/study-shows-iron-supplementation-after-blood-donation-shortens-hemoglobin-recovery-time",
    "https://labtestsonline.org/understanding/analytes/a1c/tab/test/",
    "http://www.healthline.com/health/hematocrit",
    "https://health.usnews.com/health-news/patient-advice/articles/2016-08-24/know-your-a1c-what-this-blood-test-can-tell-you-about-your-risk-for-diabetes-and-cardiovascular-disease",
    "http://www.surgeryencyclopedia.com/Fi-La/Hemoglobin-Test.html",
    "http://www.breastcancer.org/symptoms/testing/types/blood_counts",
    "https://www.ghc.org/healthAndWellness/index.jhtml?item=/common/healthAndWellness/conditions/diabetes/a1c.html",
    "https://www.augustahealth.com/laboratory/lab-test-dictionary",
    "http://www.cercacor.com/exercise-affects-hemoglobin"
  ],
  "snippets": [
    "More than one-half of total-body iron is contained within hemoglobin. ... Iron \ndeficiency anemia is typically associated with low iron saturation of available \ntransferrin. ... Because 1.6 billion people are anemic (McLean et al. ... Pica is \ndefined as dietary compulsions for materials that may not usually be ..... Higgs \nDR 2013.",
    "Feb 10, 2015 ... The results of the Hemoglobin and Iron Recovery Study (HEIRS), ... Since iron is \nneeded for red blood cell production, low iron can ... hemoglobin, even in donors \nwith higher iron levels,\u201d explained the ... For additional information or to arrange \nan interview with Dr. Glynn please contact the NHLBI office of\u00a0...",
    "Jan 16, 2017 ... Learn about the hemoglobin A1c test, also called glycated ... Currently, point-of-\ncare tests, such as those that may be used at a doctor's office or a patient's \nbedside, ... diabetes because of classical signs or symptoms of increased blood \n... without experiencing excessive low blood glucose (hypoglycemia),\u00a0...",
    "Apr 11, 2017 ... Your doctor may order a hematocrit, or Hct, test if they think you have too ... Other \ntests in a CBC are a hemoglobin and reticulocyte count. ... Each component will \nsettle in a different part of the tube, with the red blood ... If your hematocrit levels \nare too low or too high, it can indicate .... Please try again later.",
    "Aug 24, 2016 ... The term A1C is short for HbA1c, or hemoglobin A1C. ... A1C is particularly \nimportant in people with diabetes because the higher the A1C level, ... At this \npoint, you need to talk to your doctor about appropriate lifestyle changes ... A \nlower A1C level in the blood means a lower amount of sugar in the blood on\u00a0...",
    "A hemoglobin test reveals how much hemoglobin is in a person's blood. ... to \nhelp physician's diagnose and monitor anemia (a low hemoglobin level) and \npolycythemia ... This is important because the amount of oxygen available to \ntissues depends ... A low hemoglobin measurement usually means the person \nhas anemia.",
    "Jun 23, 2016 ... Before & during treatment for breast cancer, your doctor will likely ... (When you \nhave low hemoglobin levels, a condition called anemia can result.) ... Another \noption is a transfusion, which is the process of transferring healthy blood or \nneeded blood components into your body. ... Please leave this field empty.",
    "Learn more about the glycosylated hemoglobin or A1c test and why it's ... Other \nnames for this test are glycosylated hemoglobin, glycohemoglobin, hemoglobin \nA1c, and ... The lower your A1c and eAG numbers, the lower your chances are for \nthese ... Talk with your doctor about what A1c and daily blood sugar levels you\u00a0...",
    "As part of routine health screening, or when your doctor suspects that you have \nan ... BMP components, he may order the entire BMP because it offers more \ninformation. ... DECREASED serum urea nitrogen (BUN) is seen in high \ncarbohydrate/low .... Iron is a critical part of hemoglobin, the protein in red blood \ncells that binds\u00a0...",
    "Add and rearrange any components you want. ... Because hemoglobin is a \nconcentration, any shift in the amount of plasma can change its value. ... For \nexample, it is noted that endurance athletes may have lower hemoglobin levels \nas their .... Consult your doctor before beginning or modifying any exercise \nprogram or if you\u00a0..."
  ],
  "displayUrl": [
    "www.ncbi.nlm.nih.gov",
    "www.nih.gov",
    "labtestsonline.org",
    "www.healthline.com",
    "health.usnews.com",
    "www.surgeryencyclopedia.com",
    "www.breastcancer.org",
    "www.ghc.org",
    "www.augustahealth.com",
    "www.cercacor.com"
  ]
}