{
  "id": "Q280_R45_C5",
  "initial_query": "'Doha' 'Hello' 'Doha Dahal' bottles places locations x recycling get know collected",
  "relaxed_query": "'Doha' 'Hello' 'Doha Dahal' bottles places recycling get know collected",
  "links": [
    "https://www.pinterest.com/pin/128000814381453363/",
    "https://www.pinterest.com/pin/522628731741707055/"
  ],
  "snippets": [
    "Place - Launch range in Westfield London and Oxford Circus, Mary kate and ... \neasiest if not the only job i can get on campus. while working a the food court i \nplan ... artisan bar GRAIN features a bar made of recycled old Queensland timber\n. .... Story by Shruti Dahal ... Nugget Design and Basic Collection, Bulgaria Mall \nSofia.",
    "15 Most Beautiful Places to Visit in Tennessee ..... To make sure that you get the \nbest tan every time, we have 10 simple tricks for scoring a summer glow."
  ],
  "displayUrl": [
    "www.pinterest.com",
    "www.pinterest.com"
  ]
}