{
  "id": "Q280_R19_C8",
  "initial_query": "'Najma' 'Tel' 'Aseela' numbers places goldfish i get buy leading resonable",
  "relaxed_query": "'Najma' 'Tel' numbers places get buy leading resonable",
  "links": [
    "https://www.zomato.com/doha/the-garden-restaurant-najma",
    "http://www.lifeinqatar.com/en/listing-category/living/shopping-malls",
    "https://www.zomato.com/doha/hot-chicken-najma",
    "http://www.yateemgroup.com/",
    "https://www.zomato.com/doha/bombay-sweets-restaurant-najma",
    "https://www.tripadvisor.com/Restaurants-g293737-Tangier_Tangier_Tetouan_Region.html",
    "https://www.zomato.com/doha/mr-broast-najma",
    "http://www.lifeinqatar.com/Pages/en/article/housing-in-qatar/buying-property.html",
    "http://www.ritzcarlton.com/en/hotels/canada/toronto",
    "https://citygymdoha.com/"
  ],
  "snippets": [
    "Aug 26, 2017 ... ... Garden Restaurant, Najma; Get Menu, Reviews, Contact, Location, Phone \nNumber, ... Serving variety of Indian dishes at reasonable prices.",
    "The Villagio shopping mall offers a good mix of shops, restaurants and recreation\n. ... Commercial Bank is pleased to have one of our branches located at ... One of \nthe largest malls in the Middle East, City Center Doha boasts five ... To purchase \njewellery or avail of personal shopping services head straight to ... Contact Us\u00a0...",
    "4 days ago ... ... Najma; Get Menu, Reviews, Contact, Location, Phone Number, ... were \nreasonable but of course wont recommend this place because of\u00a0...",
    "The work environment, benefits, and the learning experience make Yateem a \ngreat place to establish a flourishing career.",
    "May 8, 2017 ... ... Najma; Get Menu, Reviews, Contact, Location, Phone Number, ... Its \nVegetarian dishes at reasonable prices. ... Heard of this place before .",
    "Best Dining in Tangier, Tangier-Tetouan Region: See 9500 TripAdvisor traveler \nreviews of 234 Tangier restaurants and search by cuisine, price, location, and\u00a0...",
    "Mr. Broast Doha; Mr. Broast, Najma; Get Menu, Reviews, Contact, Location, \nPhone Number, Maps and more for Mr. Broast ... Serving mixture of authentic \nPakistani and Hyderabadi dishes at reasonable prices. ... Muhammad Shahid \nand 156 others have reviewed this place ..... Frequent searches leading to this \npage.",
    "One of the biggest decisions when you move to a new city is deciding where to \nrent or buy a home. ... Al Salata; Bin Mahmoud; Rawdat Al Khail; Al Mansoura, \nBin Dirham; Najma ... in the West Bay and The Pearl-Qatar areas, or compounds \nwhich also have apartments; ... Phone: 4482 0250 | Website | doha@john-taylor.\ncom.",
    "Elevate your stay on the Club Level with complimentary food and beverage as \nwell as exclusive amenities. Learn More. DISCOVER NEW PLACES\u00a0...",
    "Image is not available. We have something for every one. All ages, All fitness \nlevels, All abilities. Arrow. Slider. city-gym. Hotline - 50117799 Contact us."
  ],
  "displayUrl": [
    "www.zomato.com",
    "www.lifeinqatar.com",
    "www.zomato.com",
    "www.yateemgroup.com",
    "www.zomato.com",
    "www.tripadvisor.com",
    "www.zomato.com",
    "www.lifeinqatar.com",
    "www.ritzcarlton.com",
    "citygymdoha.com"
  ]
}