{
  "id": "Q280_R41_C9",
  "initial_query": "'Homoglobin' 'Homoglobin Doctor' 'Hemoglabin' bcz greengoblin forms vertebrate explain regading kidding coloring",
  "relaxed_query": "'Homoglobin' 'Homoglobin Doctor' bcz explain regading coloring",
  "links": [
    "https://en.wikipedia.org/wiki/Kastle%E2%80%93Meyer_test",
    "https://medlineplus.gov/ency/article/000562.htm",
    "https://en.wikipedia.org/wiki/Blood",
    "https://www.news-medical.net/health/What-is-Cyanosis.aspx",
    "http://www.emedicinehealth.com/stool_color_changes/page4_em.htm",
    "http://medical-dictionary.thefreedictionary.com/red+blood+cell+indices",
    "https://anthropology.ua.edu/bindon/ant475/Skincolor/SKINCOLOR.PDF",
    "https://www.med.upenn.edu/biocbiop/faculty/vanderkooi/chap10-13.pdf",
    "http://emedicine.medscape.com/article/204178-overview",
    "http://www.aafp.org/afp/1999/0915/p1143.html"
  ],
  "snippets": [
    "The Kastle\u2013Meyer test is a presumptive blood test, first described in 1903, in \nwhich the chemical indicator phenolphthalein is used to detect the possible \npresence of hemoglobin. It relies on the peroxidase-like activity of hemoglobin in \nblood to catalyze the ... The positive color test alone should not be interpreted as \npositive proof of\u00a0...",
    "May 20, 2016 ... Methemoglobinemia (MetHb) is a blood disorder in which an abnormal amount of \nmethemoglobin is produced. Hemoglobin is the protein in red\u00a0...",
    "Blood is a body fluid in humans and other animals that delivers necessary \nsubstances such as ... Vertebrate blood is bright red when its hemoglobin is \noxygenated and dark red ... does not contain oxygen-carrying molecules such as \nhemoglobin because their ... 4 Color. 4.1 Hemoglobin; 4.2 Hemocyanin; 4.3 \nChlorocruorin\u00a0...",
    "Oct 8, 2014 ... Nearly all of the oxygen in the blood is carried by hemoglobin. A small portion is \ncarried ... This leads to the dusky or blue color of the skin and mucous \nmembranes. (1-5) ... Sources. http://www.patient.co.uk/doctor/Cyanosis.htm ... \nScientists Describe Molecular Mechanisms in Evolution of Pinot Noir Clones.",
    "May 23, 2016 ... How are the causes of stool color changes diagnosed? ... test for blood in the \nstool that uses an antibody to hemoglobin to detect the blood. ... of the bleeding \nor other abnormality that may explain the change in stool color.",
    "These tests are the hematocrit, hemoglobin, and red blood cell count. ... Because \nthere is a physical limit to the amount of hemoglobin that can fit in a ... Just as \nMCV relates to the size of the cells, MCHC relates to the color of the cells. ... Red \nblood cell indices \u2014 Measurements that describe the size and hemoglobin \ncontent\u00a0...",
    "devise measurement techniques to use skin color in racial ... \u2022Deoxygenated \nhemoglobin has a purplish color. \u2013Produces the .... \u2013Ch 5, v 10: Our skin was \nblack like an oven because of ... \u2022This English physician published his view in his\n.",
    "C, H, O and N. The food part is explained through these basic concepts: ... \nSpecial properties of myoglobin and hemoglobin ensure that O2 is delivered to ... \nMyoglobin serves as a small store of O2 in this tissue and gives red meat its color\n. .... In the tissue, O2 levels are low because mitochondria are ..... The physician is\n.",
    "Jan 4, 2016 ... Hemoglobin electrophoresis to identify hemoglobin M (Hb M); some ... Bedside \ntests for methemoglobinemia - Examination of blood color on\u00a0...",
    "Sep 15, 1999 ... Microscopic hematuria is defined as the excretion of more than three ... in a \ncentrifuged urine specimen.1 Because the degree of hematuria ... degree of color \nchange directly related to the amount of hemoglobin present in the urine \nspecimen. ... Am Fam Physician 1989; 40(2):149\u201356, and Drugdex system."
  ],
  "displayUrl": [
    "en.wikipedia.org",
    "medlineplus.gov",
    "en.wikipedia.org",
    "www.news-medical.net",
    "www.emedicinehealth.com",
    "medical-dictionary.thefreedictionary.com",
    "anthropology.ua.edu",
    "www.med.upenn.edu",
    "emedicine.medscape.com",
    "www.aafp.org"
  ]
}