{
  "id": "Q280_R41_C3",
  "initial_query": "'Homoglobin' 'Homoglobin Doctor' bcz factors please anone known explain regading low",
  "relaxed_query": "'Homoglobin' 'Homoglobin Doctor' bcz factors please anone known explain regading low",
  "links": [
    "http://emedicine.medscape.com/article/200853-overview",
    "https://health.usnews.com/health-news/patient-advice/articles/2016-08-24/know-your-a1c-what-this-blood-test-can-tell-you-about-your-risk-for-diabetes-and-cardiovascular-disease",
    "https://www.ncbi.nlm.nih.gov/pmc/articles/PMC3685880/",
    "https://labtestsonline.org/understanding/analytes/a1c/tab/test/",
    "https://my.clevelandclinic.org/health/articles/anemia",
    "http://www.breastcancer.org/symptoms/testing/types/blood_counts",
    "http://www.irondisorders.org/iron-deficiency",
    "http://www.healthline.com/health/hematocrit",
    "http://betterhealthwhileaging.net/anemia-in-aging/",
    "http://www.hemochromatosis.org/"
  ],
  "snippets": [
    "Jan 19, 2017 ... Hemoglobin C (Hb C) is one of the most common structural ... Although the \nclinical complications of hemoglobin C disease are not severe ... upon \nencountering intravascular areas of low oxygen tension . ... the inhibitory effect of \nHb C on parasitemia may partially explain the protective effect against malaria .",
    "Aug 24, 2016 ... Doctors \u00b7 Hospitals ... Risk factors for Type 2 diabetes include older age, obesity, \na family history of ... The term A1C is short for HbA1c, or hemoglobin A1C. ... A1C \nis particularly important in people with diabetes because the higher the ... caused \nby blood sugar levels that are too low (called hypoglycemia).",
    "More than one-half of total-body iron is contained within hemoglobin. ... Iron \ndeficiency anemia is typically associated with low iron saturation of available ... \nPica is defined as dietary compulsions for materials that may not usually be ... \nIron deficiency is also known to cause cognitive dysfunction. ..... Higgs DR 2013.",
    "Jan 16, 2017 ... Learn about the hemoglobin A1c test, also called glycated ... Currently, point-of-\ncare tests, such as those that may be used at a doctor's office or a patient's \nbedside, ... diabetes because of classical signs or symptoms of increased blood \n... in adults who are overweight with the following additional risk factors:.",
    "Hemoglobin is a substance in the red blood cells that makes it possible for the \nblood to transport (carry) oxygen ... Each type of anemia results from one of these \nfactors: ... This type of anemia is called iron-deficiency anemia. ... Anyone can \ndevelop iron-deficiency anemia, although the following groups have a higher risk\n:.",
    "Jun 23, 2016 ... Before & during treatment for breast cancer, your doctor will likely order blood cell \ncounts. ... (When you have low hemoglobin levels, a condition called anemia can \nresult.) ... If your counts are too low, your doctor can give you medications called \ngrowth factors to stimulate the ... Please leave this field empty.",
    "Feb 26, 2011 ... Other intermittent symptoms include chest pain, can't sleep because ... But low \nferritin and normal hemoglobin doesn't match with anything. .... Can anyone tell \nme what type of doctor I should see to get to the bottom of this?? ..... Turns out I \nhad a very low iron binding factor-40 when it should be close to 100.",
    "Apr 11, 2017 ... Your doctor may order a hematocrit, or Hct, test if they think you ... Other tests in a \nCBC are a hemoglobin and reticulocyte count. ... If your hematocrit levels are too \nlow or too high, it can indicate various problems. ... Before getting the test, let your \ndoctor know if you've recently had a .... Please try again later.",
    "The most common causes of anemia, and tests often used to check for them. ... \nClinicians often confirm the lower hemoglobin level by repeating the CBC test. ... \nWe do this because the size of the red blood cells can help point doctors ... That's \nbecause the severity of symptoms depends on two crucial factors: ..... Please help\n.",
    "Type 1, also called Classic Hemochromatosis (HHC), is a leading cause of iron \noverload ... Iron carries oxygen (in hemoglobin) to all parts of the body. ... For this \nreason, the complete diagnosis is often delayed because these two .... Therefore, \nanyone with a mutated copy of HFE should periodically ask their doctor to check\n\u00a0..."
  ],
  "displayUrl": [
    "emedicine.medscape.com",
    "health.usnews.com",
    "www.ncbi.nlm.nih.gov",
    "labtestsonline.org",
    "my.clevelandclinic.org",
    "www.breastcancer.org",
    "www.irondisorders.org",
    "www.healthline.com",
    "betterhealthwhileaging.net",
    "www.hemochromatosis.org"
  ]
}