{
  "id": "Q280_R41_C1",
  "initial_query": "'Homoglobin' 'Homoglobin Doctor' 'Hemoglobin' bcz cells vegitables please regading explain is low",
  "relaxed_query": "'Homoglobin' 'Homoglobin Doctor' bcz cells regading explain is low",
  "links": [
    "http://kidshealth.org/en/parents/test-electrophoresis.html",
    "https://www.ucsfhealth.org/education/hemoglobin_and_functions_of_iron/",
    "http://www.nytimes.com/health/guides/disease/sickle-cell-anemia/print.html",
    "http://www.mayoclinic.org/tests-procedures/hemoglobin-test/home/ovc-20311734",
    "http://www.healthline.com/health/hemoglobin-electrophoresis",
    "http://www.webmd.com/a-to-z-guides/hemoglobin-electrophoresis",
    "http://emedicine.medscape.com/article/200853-overview",
    "https://www.ncbi.nlm.nih.gov/pmc/articles/PMC1895180/",
    "https://www.enotes.com/homework-help/what-some-effects-low-hemoglobin-level-189605",
    "https://www.uptodate.com/contents/indications-and-hemoglobin-thresholds-for-red-blood-cell-transfusion-in-the-adult"
  ],
  "snippets": [
    "Hemoglobin, the oxygen-carrying protein inside red blood cells, comes in many \n... A doctor may order hemoglobin electrophoresis to help diagnose diseases\u00a0...",
    "Hemoglobin is essential for transferring oxygen in your blood from the lungs to \nthe tissues. ... About 25 percent of the iron in the body is stored as ferritin, found \nin cells ... is chronically low, stores can become depleted, decreasing \nhemoglobin levels. ... Foods high in vitamin C also are recommended because \nvitamin C helps\u00a0...",
    "In sickle cell disease, the hemoglobin clumps together, which causes red blood \ncells to become ... Both low and high values can indicate disease states. .... The \ndamage of sickle cell disease occurs because the logjam that sickle cells cause \nin the .... Many doctors recommend that all adults with sickle cell disease undergo\n\u00a0...",
    "Mar 16, 2017 ... Hemoglobin test \u2014 Learn more about this blood test that checks for a protein \ncalled hemoglobin. Low levels indicate a low red blood cell count\u00a0...",
    "Mar 29, 2017 ... A hemoglobin electrophoresis test is a blood test your doctor may ask you to ... \nHemoglobin is the protein inside red blood cells responsible for\u00a0...",
    "Hemoglobin is the substance in red blood cells that carries oxygen. ... may cause \nhemoglobin A levels to be low and hemoglobin F levels to be high.",
    "Jan 19, 2017 ... Hemoglobin C (Hb C) is one of the most common structural hemoglobin ... Unlike \nsickle cell disease, Hb C does not cause linear intracellular polymerization upon \nencountering intravascular areas of low oxygen tension . ... that the inhibitory \neffect of Hb C on parasitemia may partially explain the protective\u00a0...",
    "The hematocrit, hemoglobin, MCV, TS, and white blood cell counts of ... For \nexample, compared to whites, African-Americans appear to have lower serum .... \nwith the wild-type (\u03b1\u03b1/\u03b1\u03b1) genotype because of the small number of homozygotes \nfor .... Decisions made by a physician regarding investigation of anemia usually \nare\u00a0...",
    "Aug 11, 2010 ... Get an answer for 'What are some effects of a low hemoglobin level? ... When \nhemoglobin levels are low cells, tissues, and organs are ... I suggest you consult \nwith your physician to determine the exact cause of the low hemoglobin. ... There \ncould be many explanations regarding low hemoglobin levels.",
    "Nov 14, 2016 ... For many decades, the decision to transfuse red blood cells (RBCs) ... Always \nseek the advice of your own physician or other qualified health care professional \nregarding ... hematocrit falls below 10 percent because greater cardiac output, .... \nIt is also important to recognize that lower hemoglobin thresholds\u00a0..."
  ],
  "displayUrl": [
    "kidshealth.org",
    "www.ucsfhealth.org",
    "www.nytimes.com",
    "www.mayoclinic.org",
    "www.healthline.com",
    "www.webmd.com",
    "emedicine.medscape.com",
    "www.ncbi.nlm.nih.gov",
    "www.enotes.com",
    "www.uptodate.com"
  ]
}