{
  "id": "Q280_R41_C8",
  "initial_query": "'Homoglobin' 'Homoglobin Doctor' 'Hemoglobin' bcz cells please kind explain regading goes low",
  "relaxed_query": "'Homoglobin' 'Homoglobin Doctor' 'Hemoglobin' bcz cells please kind explain regading goes low",
  "links": [
    "https://wagwalking.com/condition/low-platelet-count",
    "https://www.ncbi.nlm.nih.gov/pmc/articles/PMC4796504/"
  ],
  "snippets": [
    "Low platelet count compromises your dog's ability to control bleeding, which can \nlead ... in red and white blood cell count as well as platelet and hemoglobin. ... A \ndog can actually go through $1,000 of blood or blood components in a ... \nHomoglobin 13 % .... We took her to see a vet because, besides a skin allergy, \nshe was\u00a0...",
    "Aug 15, 2014 ... This article has been cited by other articles in PMC. Go to: ... 4- Lack of visiting \npatients by physician in thalassemia ward; and 5- Inappropriate ... on type of \nreduced hemoglobin cycle: Alpha and Beta (Tarbiat Modares .... to describe and \nincrease perception of human's experience and it is ..... Homoglobin."
  ],
  "displayUrl": [
    "wagwalking.com",
    "www.ncbi.nlm.nih.gov"
  ]
}