{
  "id": "Q284_R29_C3",
  "initial_query": "'Qatar National' 'Just' 'Qatar' hi day december thanks wanted is ",
  "relaxed_query": "'Qatar National' 'Just' 'Qatar' hi day december thanks wanted is ",
  "links": [
    "http://www.telegraph.co.uk/expat/expatlife/9753329/Do-they-know-its-Christmas-in-Qatar.html",
    "http://www.mirror.co.uk/sport/football/news/what-qatar-winter-world-cup-6514982",
    "http://www.justhere.qa/2013/10/10-things-know-employed-qatar/",
    "http://foreignpolicy.com/2014/09/30/the-case-against-qatar/",
    "https://www.hrw.org/report/2012/06/12/building-better-world-cup/protecting-migrant-workers-qatar-ahead-fifa-2022",
    "http://www.everyculture.com/No-Sa/Qatar.html",
    "https://en.wikipedia.org/wiki/Taliban_in_Qatar",
    "http://www.nytimes.com/2012/12/06/world/africa/weapons-sent-to-libyan-rebels-with-us-approval-fell-into-islamist-hands.html",
    "https://www.flyertalk.com/forum/qatar-airways-privilege-club/1731702-flight-wifi.html",
    "http://nhsq.info/app/media/1166"
  ],
  "snippets": [
    "Dec 19, 2012 ... My husband was offered a job in Qatar just before Christmas 2008. ... Some of \nthese disappear for Qatar National Day on December 18, mind you, but ... the US, \nleft over after Thanksgiving; a more cheerless bird you will never find. ... There \nhasn't been a single ingredient I've wanted for my christmas lunch\u00a0...",
    "Sep 25, 2015 ... The tournament due to last just 28 days will end on December 18 - making it ... \nChristmas - with the showpiece event now taking place on Qatar National Day ... \ninjury to players as opposed to a 'high and extreme' threat in the summer. ..... \nmissing from home feared to be with wanted man on run from police.",
    "Oct 1, 2013 ... Here are some essential points compiled from the Qatar Labour Law, Ministry of \n... 1 working day for National Sports Day. ..... December 16, 2013. Reply. sheem. \nHi i came to qatar just 2 months ago with a sponsor that ..... Now I wanted to know \nthat whether i can get my stay extened by another one month or\u00a0...",
    "Sep 30, 2014 ... Paul McLeary | 3 days ago ...... Just over a week earlier, Qatar instituted a new \nlaw to regulate ... Beneath the high-chandeliered ceilings of Doha's five-star hotel \n.... But Doha also wanted to help build up rebel capacity on the ground. .... foreign \naffairs, argued at a security conference in December of that year\u00a0...",
    "Jun 12, 2012 ... Building a Better World Cup Protecting Migrant Workers in Qatar Ahead of FIFA \n2022. ... In December 2010, the small Gulf state of Qatar won its bid to host the ... \nwith cooling technology to beat temperatures that reach an average high of 40 .... \nof abuse, the Qatar National Human Rights Committee (NHRC),\u00a0...",
    "Culture of Qatar - history, people, women, beliefs, food, family, social, dress, ... \nHadar are descendants of Bedouin, most descend from migrants from present-\nday Iran, ... Qatar and Bahrain both claim the uninhabited Hawar Islands just west \nof Qatar. ... Symbols of national identity include the family, items associated with \nthe\u00a0...",
    "Senior leaders of the Taliban are currently stationed in Doha, Qatar. The original \npurpose for ... The Afghan government initially wanted to open an office for the \nTaliban, ... of Afghanistan's High Peace Council argue that the five should remain \nin Qatar ... In December 2015, rumors began to spread that the Taliban 5 had\u00a0...",
    "Dec 5, 2012 ... The weapons and money from Qatar strengthened militant groups in ... But they \nsaid the United States has growing concerns that, just as in ... Expresses Support \nfor New Syrian Opposition Coalition DEC. ... the Libyan rebels, the Obama \nadministration wanted to avoid getting ... Thank you for subscribing.",
    "Effective December 17, to celebrate Qatar National Day, Qatar Airways ... is just \n10USD; and for passengers on longer Qatar Airways flights, a set price ... As a \nresult, if you wanted WiFi on both Journeys, you would ... Thanks for sharing! ... Hi\n, On 3 different legs I was unable to access to the wi-fi poral on my\u00a0...",
    "Qatar. National. Mental. Health. Strategy. Changing Minds, Changing Lives ... \nPublished, December 2013 ... Only a small proportion of people ... a \ncomprehensive, high quality mental health system that will deliver ... We thank \nthe small group of Qatari people who stepped forward to share ... \u201cI wanted to \nseek help, so."
  ],
  "displayUrl": [
    "www.telegraph.co.uk",
    "www.mirror.co.uk",
    "www.justhere.qa",
    "foreignpolicy.com",
    "www.hrw.org",
    "www.everyculture.com",
    "en.wikipedia.org",
    "www.nytimes.com",
    "www.flyertalk.com",
    "nhsq.info"
  ]
}