{
  "id": "Q284_R29_C4",
  "initial_query": "'Qatar National' 'Just' 'Qatar' hi plz day december confirm wanted vote ",
  "relaxed_query": "'Qatar National' 'Just' 'Qatar' hi plz day december confirm wanted vote ",
  "links": [
    "http://www.gulf-times.com/",
    "https://en.wikipedia.org/wiki/2018_and_2022_FIFA_World_Cup_bids",
    "https://www.theguardian.com/football/blog/2010/dec/01/world-cup-2018-2022-zurich",
    "http://www.nationalreview.com/corner",
    "http://indianembassyqatar.gov.in/pages/importantannouncements.php",
    "https://www.reuters.com/news/world",
    "https://www.nytimes.com/2014/07/16/sports/worldcup/a-qatari-soccer-program-looking-to-rise-buys-a-foothold-in-europe.html",
    "https://www.wsj.com/news/opinion",
    "http://oilprice.com/Latest-Energy-News/World-News/Russia-Is-Reportedly-Set-To-Release-Intercepted-Messages-From-Clintons-Private.html",
    "https://www.nytimes.com/2017/04/01/sports/soccer/qatar-world-cup-2022.html"
  ],
  "snippets": [
    "Gulf Times - Qatar's top-selling English daily newspaper published in Qatar and \nprovide the latest information ... Please sign in now. ... PICTURES OF THE DAY.",
    "The bidding process for the 2018 and 2022 FIFA World Cups was the process by \nwhich the ... Bids for the 2022 World Cup came from Australia, Japan, Qatar, \nSouth Korea, ... On 2 December 2010, Russia and Qatar were selected as the \nlocations for the ... Two members of the FIFA Executive Committee had their \nvoting rights\u00a0...",
    "Dec 2, 2010 ... Qatar beat USA 14-8 in the fourth round of voting, but almost claimed it in the first \nround. ... Spain/Portugal 7 and Russia 9, Fifa have confirmed.",
    "12 hours ago ... Only a few hours later, almost none of that looked quite so certain. ... parties both \nhad heavy vote losses, and between them they now account for only .... President \nLincoln, during the Civil War, proclaimed a \u201cDay of .... Please try again later. ..... \nBut if I wanted to prevail here, I wouldn't have taken this course.",
    "A- A A+; Standard View High Contrast View .... Embassy of India, Doha will \nremain closed on Sunday, 25 December, 2016, on the ... As per RBI Guidelines \nDemand draft can only have maximum validity of 3 months ... Holiday Notice \nQatar National Day - 15 December 2016 ..... Please confirm if our understanding \nis correct?",
    "Turnout high as Iraqi Kurds defy threats to hold independence vote | Video ... \nBrexit as a new round of talks began in Brussels on Monday, three days after \nPrime\u00a0...",
    "Jul 15, 2014 ... The biggest commotion on any given day is when the children at the ... There is \neven a formal plan, Qatar National Vision 2030, which ... \u201cThey wanted to run a \nteam, and just a team \u2014 we understood that,\u201d ... Please try again later. ... any \ncommissions to Savane, who travels often to Eupen to check on them.",
    "Podcast: Kissel and Sternberg on the German election, the Kurdish vote. ... Meet \nthe Party Germany Just Put in Parliament\u00a0...",
    "Jun 13, 2016 ... Clinton had alleged was no worse than the mishandling of a few documents by \nCIA Director David Petraeus or Clinton's National Security\u00a0...",
    "Apr 1, 2017 ... When that elimination is mathematically confirmed \u2014 perhaps as soon ... to avoid \nsince the day they controversially won the hosting rights in 2010 ... \u201cQatar \ndesperately wanted to play in a World Cup before they host it,\u201d ... and it has been \ncriticized for its silent stance as the national team's hopes have faded."
  ],
  "displayUrl": [
    "www.gulf-times.com",
    "en.wikipedia.org",
    "www.theguardian.com",
    "www.nationalreview.com",
    "indianembassyqatar.gov.in",
    "www.reuters.com",
    "www.nytimes.com",
    "www.wsj.com",
    "oilprice.com",
    "www.nytimes.com"
  ]
}