{
  "id": "Q284_R29_C9",
  "initial_query": "'Qatar National' 'Just' 'Qatar' hi look day december founding wanted confirm actual",
  "relaxed_query": "'Qatar National' 'Just' 'Qatar' hi look day december founding wanted confirm actual",
  "links": [
    "https://www.defenddemocracy.org/content/uploads/publications/Qatar_Part_I.pdf",
    "http://www.gulf-times.com/",
    "https://www.ncbi.nlm.nih.gov/pmc/articles/PMC4275179/",
    "https://en.wikipedia.org/wiki/Sainsbury%27s",
    "http://oilprice.com/Energy/Oil-Prices/The-Coming-Fracture-Of-Saudi-Arabia.html",
    "http://onemileatatime.boardingarea.com/2017/06/06/qatar-airways-rebooking-situation/",
    "https://www.consumer.ftc.gov/blog/2015/07/faking-it-scammers-tricks-steal-your-heart-and-money?page=2",
    "http://www.nationalreview.com/corner",
    "https://www.ft.com/fastft",
    "http://www.timesofisrael.com/arab-states-demand-qatar-close-al-jazeera-sever-iran-ties/"
  ],
  "snippets": [
    "finance confirmed in October after visiting Qatar that ... on Abdulrahman al-\nNuaymi, a Qatari national who ... high-level terror finance networks with links to \nQatari ... some countries they look at some movements as ... just one of many \nextremist networks that benefit from .... designations but within a matter of days \nreturned to.",
    "Gulf Times - Qatar's top-selling English daily newspaper published in Qatar and \nprovide the latest information on weather, currency rates, Prayer in addition to\u00a0...",
    "Search database ... Published online 2014 Dec 23. doi: 10.1371/journal.pone.\n0109615 ... A high percentage of cancer deaths in Qatar occur in hospital. ... The \nNational Center for Cancer Care and Research (NCCCR) is the only tertiary \ncancer care ..... and only 3% wanted to spend their last days in a hospital ward (\nFig. 3).",
    "Sainsbury's is the second largest chain of supermarkets in the United Kingdom, \nwith a 16.9% share of the supermarket sector in the United Kingdom. Founded in \n1869, by John James Sainsbury with a shop in Drury Lane, ... The largest overall \nshareholder is the sovereign wealth fund of Qatar, the Qatar Investment Authority,\n\u00a0...",
    "The day of reckoning may soon be at hand for Saudi Arabia, as the country faces \n... By ZeroHedge - Dec 13, 2016, 3:00 PM CST Salman bin Abdul Aziz ... Aziz, \nalso known as the \u00abRed Prince\u00bb for his support for a national constitution and ... \nIn addition to the families of the other sons of the Saudi founder, the families of \nthe\u00a0...",
    "Jun 6, 2017 ... How is Qatar Airways doing with handling their present crisis? ... If you're \nscheduled to fly Qatar Airways, they've only issued a travel waiver for ... up to 30 \ndays after their current confirmed departure date, one time free of charge. ... \nthough if they wanted to take a customer focused approach, I think even\u00a0...",
    "Jul 15, 2015 ... Did you know you can do an image search of your love interest's photo in ... And \nif the person's online profile disappears a few days after they meet you, .... I truly \nfell for him, but he got what he wanted and that was God's money, not mine. .... Hi. \nPlease don't trust. I just found out the guy I have been sending\u00a0...",
    "12 hours ago ... Only a few hours later, almost none of that looked quite so certain. .... What did \nthe founding father of our secular republic have to say? ... President Lincoln, \nduring the Civil War, proclaimed a \u201cDay of Thanksgiving and ..... States below that \nmark under current law \u2014 in particular the non-expansion states,\u00a0...",
    "... announced an upcoming public listing, in only the second IPO on the Moscow \nmarket this year that will ... Oil producers rally as crude hits 26-month high .... \nTech sector clocks worst day in more than 5 weeks, US stocks slide ... Apple has \nswapped Microsoft's Bing for Google text search results inside its Siri virtual \nassistant,\u00a0...",
    "Jun 23, 2017 ... Those countries have now given Qatar 10 days to comply with all of the ... \ndemanding that Qatar hand over all individuals who are wanted by ... Qatar any \nmembers of the Iran's elite Revolutionary Guard, and only ... National Press Club \nabout a lawsuit against Qatar's al-Jazeera June .... Current Top Stories."
  ],
  "displayUrl": [
    "www.defenddemocracy.org",
    "www.gulf-times.com",
    "www.ncbi.nlm.nih.gov",
    "en.wikipedia.org",
    "oilprice.com",
    "onemileatatime.boardingarea.com",
    "www.consumer.ftc.gov",
    "www.nationalreview.com",
    "www.ft.com",
    "www.timesofisrael.com"
  ]
}