{
  "id": "Q284_R29_C1",
  "initial_query": "'Qatar National' 'Just' 'Qatar' hi day december thanks wanted confirm is 18th",
  "relaxed_query": "'Qatar National' 'Just' 'Qatar' hi day december thanks wanted confirm is 18th",
  "links": [
    "http://www.mirror.co.uk/sport/football/news/what-qatar-winter-world-cup-6514982",
    "http://www.justhere.qa/2013/10/10-things-know-employed-qatar/",
    "http://onemileatatime.boardingarea.com/2017/06/05/what-should-you-do-if-youre-scheduled-to-fly-qatar-airways/",
    "https://dohanews.co/qatar-hotels-strive-balance-national-day-christmas-festivities/",
    "http://oilprice.com/Energy/Oil-Prices/The-Coming-Fracture-Of-Saudi-Arabia.html",
    "http://www.nytimes.com/2012/12/06/world/africa/weapons-sent-to-libyan-rebels-with-us-approval-fell-into-islamist-hands.html",
    "http://indianembassyqatar.gov.in/pages/importantannouncements.php",
    "http://www.dailymail.co.uk/sport/football/article-2966477/Qatar-2022-World-Cup-looks-set-start-November-final-played-December-23-Christmas-Day.html",
    "https://pinayflyinghigh.com/frequently-asked-questions-about-schengen-visa-application/",
    "https://issuu.com/qatarhappening/docs/qatar_happening_-_december_2014"
  ],
  "snippets": [
    "Sep 25, 2015 ... Thank you for subscribing! ... FIFA have confirmed a winter World Cup for 2022, \nstarting on ... The tournament due to last just 28 days will end on December 18 - \nmaking ... with the showpiece event now taking place on Qatar National Day ... to \nplayers as opposed to a 'high and extreme' threat in the summer.",
    "Oct 1, 2013 ... Here are some essential points compiled from the Qatar Labour Law, Ministry of \nInterior directives and ... 1 working day for National Sports Day.",
    "Jun 5, 2017 ... Booked a discounted business class ticket on Qatar Airways, given their \nconsistently great fares ... We'll have to wait a few days to see the full impact this \nhas on flights, so unless you're ..... Just planned to fly QR CAI-DOH-KUL on 18th \nJune. .... Hi Guys, thanks for such a long but valuable discussion.",
    "Dec 16, 2014 ... Photo for illustrative purposes only. ... With final preparations and pre-\ncelebrations for Qatar National Day in ... 18 event, in line with guidelines issued \nby the Qatar Tourism ... 3, with carols, mince pies and a 15ft high tree outside in \nthe garden. ... The Four Seasons hotel also held Christmas festivities on Dec.",
    "The day of reckoning may soon be at hand for Saudi Arabia, as the country faces \n... By ZeroHedge - Dec 13, 2016, 3:00 PM CST Salman bin Abdul Aziz ... Abdul \nAziz, also known as the \u00abRed Prince\u00bb for his support for a national constitution \nand ... The Saudi government has never wanted to conduct a religious census of \nthe\u00a0...",
    "Dec 5, 2012 ... The weapons and money from Qatar strengthened militant groups in ... But they \nsaid the United States has growing concerns that, just as in ... Expresses Support \nfor New Syrian Opposition Coalition DEC. ... the Libyan rebels, the Obama \nadministration wanted to avoid getting ... Thank you for subscribing.",
    "Agri Leadership Summit from 18 to 20 March, 2017 - 5 March 2017 ... Company \nonly) at the Embassy of India, Doha on the same day at 1200 hrs. 3. ... Holiday \nNotice Qatar National Day - 15 December 2016 ..... Please confirm the \nunderstanding. ..... I must share with you the high regard that the Qatari \nleadership has for the\u00a0...",
    "Feb 24, 2015 ... October - December are the only months the 2022 World Cup can be held, .... of \nthe task force confirmed on Tuesday that November-December 2022 ... The \nEuropean Clubs' Association of the major sides in Europe wanted a May-June ... \nDecember 18 2022 - which also happens to be Qatar National Day.",
    "Jun 27, 2015 ... The next day, he got a call from the Italian consulate that they need to see .... \nMuch appreciation and thank you in advance! .... I am Pakistani National, \nWorking in Qatar since 2014 , My Salary is .... Reply Rahul December 29, 2016 at \n18:08 ..... So to anyone who wanted to apply for visa, just complete your\u00a0...",
    "Thank you for making us a part of your lives throughout the year as we look \ntowards the ... Readers are advised to confirm details with the event organizers. \n... In Your Face In honour of Qatar National Day on December 18, we asked our \n.... golden ticket if you just reach for it \u2013 especially for young expats seeking high-\nquality\u00a0..."
  ],
  "displayUrl": [
    "www.mirror.co.uk",
    "www.justhere.qa",
    "onemileatatime.boardingarea.com",
    "dohanews.co",
    "oilprice.com",
    "www.nytimes.com",
    "indianembassyqatar.gov.in",
    "www.dailymail.co.uk",
    "pinayflyinghigh.com",
    "issuu.com"
  ]
}