{
  "id": "Q284_R29_C2",
  "initial_query": "'Qatar National' 'Just' 'Qatar' hi day december thanks wanted confirm is ",
  "relaxed_query": "'Qatar National' 'Just' 'Qatar' hi day december thanks wanted confirm is ",
  "links": [
    "http://www.mirror.co.uk/sport/football/news/what-qatar-winter-world-cup-6514982",
    "http://www.justhere.qa/2013/10/10-things-know-employed-qatar/",
    "http://www.nytimes.com/2012/12/06/world/africa/weapons-sent-to-libyan-rebels-with-us-approval-fell-into-islamist-hands.html",
    "http://onemileatatime.boardingarea.com/2017/06/05/what-should-you-do-if-youre-scheduled-to-fly-qatar-airways/",
    "http://www.everyculture.com/No-Sa/Qatar.html",
    "https://dohanews.co/al-rayyan-stadium-demolished-ahead-of-rebuild-as-qatar-world-cup-venue/",
    "https://www.nytimes.com/2017/04/01/sports/soccer/qatar-world-cup-2022.html",
    "https://dohanews.co/",
    "http://www.theaustralian.com.au/business/wall-street-journal/qatar-airways-what-passengers-gulf-travellers-need-to-know/news-story/0932e050d01d85571589826eee90a537",
    "https://www.nytimes.com/2014/07/16/sports/worldcup/a-qatari-soccer-program-looking-to-rise-buys-a-foothold-in-europe.html"
  ],
  "snippets": [
    "Sep 25, 2015 ... Thank you for subscribing! ... FIFA have confirmed a winter World Cup for 2022, \nstarting on ... The tournament due to last just 28 days will end on December 18 - \nmaking ... with the showpiece event now taking place on Qatar National Day ... to \nplayers as opposed to a 'high and extreme' threat in the summer.",
    "Oct 1, 2013 ... Here are some essential points compiled from the Qatar Labour Law, Ministry of \nInterior ... 1 working day for National Sports Day. ..... just for confirmation: I am \nworking in Company through the visa or sponsorship of ..... December 16, 2013. \nReply. sheem. Hi i came to qatar just 2 months ago with a sponsor\u00a0...",
    "Dec 5, 2012 ... The weapons and money from Qatar strengthened militant groups in ... But they \nsaid the United States has growing concerns that, just as in ... Expresses Support \nfor New Syrian Opposition Coalition DEC. ... the Libyan rebels, the Obama \nadministration wanted to avoid getting ... Thank you for subscribing.",
    "Jun 5, 2017 ... Booked a discounted business class ticket on Qatar Airways, given their ... We'll \nhave to wait a few days to see the full impact this has on flights, so unless you're \n..... to DPS-DOH-CDG in 3mn, and confirmed the new routing should fly on 10th \nJune. ..... Hi Guys, thanks for such a long but valuable discussion.",
    "Culture of Qatar - history, people, women, beliefs, food, family, social, dress, ... \nHadar are descendants of Bedouin, most descend from migrants from present-\nday Iran, ... Qatar and Bahrain both claim the uninhabited Hawar Islands just west \nof Qatar. ... Symbols of national identity include the family, items associated with \nthe\u00a0...",
    "Mar 26, 2015 ... Qatari man thanks nanny 'Yaya' with message in Tagalog ... The design unveiling \nhad previously been scheduled for Qatar National Day (Dec. ... So far, eight \nstadiums have been confirmed as venues for the World Cup, ... However, FIFA \nregulations only require a minimum of eight, and it is expected that\u00a0...",
    "Apr 1, 2017 ... When that elimination is mathematically confirmed \u2014 perhaps as ... \u201cQatar \ndesperately wanted to play in a World Cup before they host it,\u201d ... and it has been \ncriticized for its silent stance as the national team's ... has been the subject of \ninternational debate since December 2010, ... Thank you for subscribing.",
    "Passengers who wish to try out Qatar Airways' new double beds in business \nclass can now do so when flying from London to Doha. The national carrier has\u00a0...",
    "Jun 6, 2017 ... Qatar may be hard to find on a map, but its state-owned airline has grown into \none of the worlds most recognisable carriers, thanks to big sports-endorsement \ndeals, ... up to 30 days after their current confirmed departure date, one time free \n... Lyle Shelton at the National Press Club in Canberra, Wednesday\u00a0...",
    "Jul 15, 2014 ... EUPEN, Belgium \u2014 In the southeast corner of Belgium, there is a town of about \n20,000 that is known, to the extent it is known at all, as a key\u00a0..."
  ],
  "displayUrl": [
    "www.mirror.co.uk",
    "www.justhere.qa",
    "www.nytimes.com",
    "onemileatatime.boardingarea.com",
    "www.everyculture.com",
    "dohanews.co",
    "www.nytimes.com",
    "dohanews.co",
    "www.theaustralian.com.au",
    "www.nytimes.com"
  ]
}