{
  "id": "Q285_R20_C6",
  "initial_query": "'US Embassy Qatar' 'US Embassy Qatar Roundabout' 'Doha Turn' left passports appointment directions know coming get driving",
  "relaxed_query": "'US Embassy Qatar' 'US Embassy Qatar Roundabout' 'Doha Turn' left passports appointment directions know coming get driving",
  "links": [
    "http://wikitravel.org/en/Iran",
    "https://www.osac.gov/pages/ContentReportDetails.aspx?cid=19398",
    "https://wikitravel.org/en/Tanzania",
    "https://www.osac.gov/MajorEvents/Pages/ContentReportDetails.aspx?cid=21146",
    "https://wikitravel.org/en/Muscat",
    "http://www.dubaifaqs.com/consulates-in-dubai.php",
    "https://dohanews.co/visitors-canada-expected-double-new-visa-center-opens-doha/",
    "http://qatarvisitor.blogspot.com/2006/10/",
    "http://www.edi-uae.com/VIP-Driving",
    "https://ap4.fas.nus.edu.sg/fass/geojds/research/shards%20and%20stages%20migrant%20lives%20power%20and%20space%20viewed%20from%20doha%20qatar%20(1).pdf"
  ],
  "snippets": [
    "To get the visa, US citizens must work in advance with an Iranian travel agency to \nset up a ... Then, you should refer to the consulate to lodge your passports and .... \nAdditionally, Qatar airlines offers several flights to Iran and provides non-stop .... \nSometimes it's easier to bargain if the taxi drivers know that you know the price.",
    "Mar 30, 2016 ... As Qatar prepares for the 2022 World Cup, Doha is saturated with a massive ... \nAmerican visitors are less likely to be a victim of crime in Doha than in most large \nU.S. cities. ... Q-CERT works to address the cyber security threats in order to ... \nsafe place (U.S. Embassy, police station, hotel, etc) to call for help.",
    "Travelers and merchants from the Persian Gulf and Western India have ... From \nthe late 1970s, Tanzania's economy took a turn for the worse. .... The website of \nTanzania Embassy in the U.S. gives the current requirements, [5]. .... drivers to \"\nKeep Left\" when entering the roundabouts named this fascinating Mzungu \ninvention.",
    "Jan 30, 2017 ... Embassy Doha does not assume responsibility for the professional ability or \nintegrity ... Violent crime targeting U.S. and other Western expatriates, although \nrelatively rare, does occur. ... These areas tend to have higher incidents of crime. \n... so it is better left to the experienced \"off-road\" driver with a suitably\u00a0...",
    "The city referred to as \"Muscat\" is in fact three smaller towns which have grown \ntogether over time. ... There is also a very long beach road from Qurum to Seeb, \nsome 50km. ... Certain nationalities holding a Qatar or UAE tourist visa do not \nneed to purchase an Omani visa if entering the country directly from Doha or \nDubai.",
    "Search for \"consular services\" on embassy or consulate website if a visa section \nis ... Passport must almost always have two blank pages, and be valid for at least \n6 months .... Qatar Consulate, +971-4-3960444, www.mofa.gov.qa, dubai@mofa.\ngov.qa .... Off Umm Al Sheif Rd (driving Al Wasl Rd to SZ Rd turn right just after\u00a0...",
    "Nov 3, 2014 ... Canada first opened its Embassy in Qatar in 2012, but it initially operated only in \na ... Canadian visa applications have hit problems in the past.",
    "Oct 30, 2006 ... You'll have to go to the Traffic Department first and get the driving ... riyals (about \nfour thousand US dollars) for a half decent second hand car. .... I met the first \nsecretary of the Indonesian Embassy at a party ... Address: PO Box 9660, Doha, \nQatar ..... Turn left straight after the railings, and just before the Qatar\u00a0...",
    "Gold Driving Course offered by Emirates Driving Institute is a fast-track training \nprogram to ... Get hands-on training at EDI : EDI students get more than just a \nlicense. ... Pedestrian crossing; Junctions and roundabouts; Steering control; \nOvertaking; Maintaining a safe distance; Ensuring clear roads before exiting; \nTurning left\u00a0...",
    "Aug 31, 2016 ... Annals of the American Association of Geographers ... Qatar has been projecting \npower through a series of spectacles, investments, ... the new Doha skyline; \nownership of the tallest building in Europe ... migrants have particular resonance \nin postcolonial ... Figure 2), leading in turn to a drive for the recruit-."
  ],
  "displayUrl": [
    "wikitravel.org",
    "www.osac.gov",
    "wikitravel.org",
    "www.osac.gov",
    "wikitravel.org",
    "www.dubaifaqs.com",
    "dohanews.co",
    "qatarvisitor.blogspot.com",
    "www.edi-uae.com",
    "ap4.fas.nus.edu.sg"
  ]
}