{
  "id": "Q285_R20_C2",
  "initial_query": "'US Embassy Qatar' 'US Embassy Qatar LULU' way road appointment directions coming know get driving",
  "relaxed_query": "'US Embassy Qatar' 'US Embassy Qatar LULU' way road appointment directions coming know get driving",
  "links": [
    "http://www.qatar.northwestern.edu/docs/publications/guide-to-life-in-qatar.pdf",
    "http://www.afcent.af.mil/Portals/82/CSP%20Portal/CSP%20Home/CSP%20Resource%20Guide.pdf",
    "http://uae.embassy.gov.au/",
    "http://www.afcent.af.mil/Portals/82/CSP%20Portal/Pre%20and%20Post%20Arrival/CSP%20Post-Arrival%20Checklist%20v3.1.pdf",
    "https://wikitravel.org/en/Doha",
    "http://www.gulf-times.com/",
    "https://dohanews.co/six-things-to-know-about-using-the-bus-system-in-qatar/",
    "http://www.newhorizons.com.qa/",
    "https://wikitravel.org/en/Muscat",
    "https://www.rta.ae/wps/portal/rta/ae/contact-us/help-and-support/AllGuides?lang=en"
  ],
  "snippets": [
    "Jun 27, 2016 ... appointment letter and it is offered solely for informational purposes. ...... Driving \nin Qatar . ... U.S. Embassy Registration and Services . .... Although it cannot \nanswer every question you may have, it should help .... Due in part to its Islamic \nfoundations, the culture of Qatar is in many ways significantly different.",
    "In closing, know that the Command Sponsorship Program is ... for specific \ninstructions on Residency application ... US Embassy in Doha at commercial 011\n-974-4496- ... your family members to obtain a Qatar Driver's .... way to receive \ninformation from the US Embassy ..... Lulu Hypermarket - located on D-Ring \nRoad, Old.",
    "Welcome to the website of the Australian Embassy in the United Arab ... \nInstructions on survey participation will be published on the Australian Bureau ... \nPassport applications can be lodged in Abu Dhabi and Dubai by appointment \nonly. ... Your registration will help us contact you or your family in the event of an \nemergency.",
    "There is a Q-tel booth at the Doha IAP arrival terminal and Q-tel stores at the \nfollowing locations: ... LuLu's Hypermarket (D Ring Road and Jabbar Bin Hayyan \nStreet) ... HousingManager@auab.afcent.af.mil to set up appoint with ... You will \nbe advised on how to register with the U.S. Embassy's notification system should \nyou\u00a0...",
    "For those with longer layovers in Doha and desire to get out of the airport, ... The \nonly other way to get around without your own vehicle is by taxi. ... Occasionally, \na local driver will offer to give you a ride if he or she sees you on the side of the \nroad. ... nationals of the US, Britain, Australia and other Western countries to \napply.",
    "Gulf Times - Qatar's top-selling English daily newspaper published in Qatar and \nprovide the latest ... Don't have an account? ... Qatar Foundation event features \ntelecast of the address of His Highness the Emir at UN Gl ... Annual Burning Man \narts and music festival in the Black Rock Desert of Nevada, US ..... Coming Soon\n\u00a0...",
    "Apr 8, 2016 ... About Us ... If you have a smart card, fares around the Doha area will cost you \nQR3 to ... So if you're planning to ride the bus to get to work or an appointment, \nyou ... Here's the current route map, according to Mowasalat's website: ... at the \nintersection of the Abu Hamour Road and Industrial Area (Street 52)\u00a0...",
    "New Horizons Qatar provides computer training for Individuals,Businesses, \nGovernment and Military.We are authorized training partners for many vendors.",
    "The city referred to as \"Muscat\" is in fact three smaller towns which have grown \ntogether over time. ... This main road, The Sultan Qaboos Highway, goes past \nmany areas on its way out to ... Once there, explain that you've come directly from \nDubai/Doha. .... Make sure that you will get a proper induction on driving in Oman\n.",
    "How many Sharekni permits is the driver allowed to have? ..... If the vehicle is \nregistered in Dubai and is in Qatar, and the owner wants to transfer its ownership\n\u00a0..."
  ],
  "displayUrl": [
    "www.qatar.northwestern.edu",
    "www.afcent.af.mil",
    "uae.embassy.gov.au",
    "www.afcent.af.mil",
    "wikitravel.org",
    "www.gulf-times.com",
    "dohanews.co",
    "www.newhorizons.com.qa",
    "wikitravel.org",
    "www.rta.ae"
  ]
}