{
  "id": "Q285_R20_C3",
  "initial_query": "'US Embassy Qatar' 'US Embassy Qatar US' regards point appointment directions get know am driving",
  "relaxed_query": "'US Embassy Qatar' 'US Embassy Qatar US' regards point appointment directions get know am driving",
  "links": [
    "https://qa.usembassy.gov/",
    "https://ae.usembassy.gov/",
    "http://www.swedenabroad.com/en-GB/Embassies/Washington/Visit-Sweden/Visa-Information/",
    "https://uk.usembassy.gov/u-s-citizen-services/contact-passport-unit/",
    "https://br.usembassy.gov/embassy-consulates/jobs/",
    "http://www.qatar.northwestern.edu/docs/publications/guide-to-life-in-qatar.pdf",
    "https://www.uscis.gov/about-us/find-uscis-office/international-offices/kenya-uscis-nairobi-field-office",
    "http://www.ustraveldocs.com/in/in-niv-deliveryaddressmodify.asp",
    "http://www.afcent.af.mil/Portals/82/CSP%20Portal/Pre%20and%20Post%20Arrival/CSP%20Post-Arrival%20Checklist%20v3.1.pdf",
    "https://wikitravel.org/en/United_States_of_America"
  ],
  "snippets": [
    "The mission of the United States Embassy is to advance the interests of the \nUnited States, and to serve and protect U.S. citizens in Qatar.",
    "The mission of the United States Embassy is to advance the interests of the \nUnited States, and to serve and protect U.S. citizens in the United Arab Emirates.",
    "A complete application must be submitted to the Embassy at least 15 days ... All \nappointments for interviews for family reunification are made through the ... travel \nto Sweden can be submitted to the five VFS Office locations in the USA listed \nbelow. ... Finland in the greater Washington D.C. area in regards to visa \napplications.",
    "FAQS about US passports and how to contact the Passport Unit at Embassy \nLondon. ... question remains unanswered, please get in touch using our contact \nform. ... I have confirmed travel and there are no appointments available before I \nam ... My UK address/Phone number doesn't fit into the boxes on the application \nform.",
    "Vacancy announcements for positions at the Embassy in Brasilia, Consulates \nGeneral in Rio de Janeiro, Sao Paulo and Recife, Consular Agencies in Belo\u00a0...",
    "Jun 27, 2016 ... appointment letter and it is offered solely for informational purposes. ...... Driving \nin Qatar . ... U.S. Embassy Registration and Services . .... turning points in Qatar's \ndevelopment. .... during fasting hours, i.e., approximately 5:00 a.m. until 6:00 p.m. \nApproximate .... colleagues, and get a sense of life in Qatar.",
    "Jul 12, 2017 ... Get Email Updates ... from 9 a.m. to 11 a.m. The office is closed on Kenyan and \nAmerican holidays. ... To schedule an appointment, please call us at 254-20-\n3636111 or ... you must pay the fees to the U.S. Embassy cashier in either \nKenyan ... To see if there are any special instructions for filing at this office,\u00a0...",
    "You may change your document delivery address or document pick-up location \nat any time prior to 11:59 p.m. on the day of your interview at the Embassy or\u00a0...",
    "You will be advised on how to register with the U.S. Embassy's notification ... call \nahead to set up appointment by calling DSN 437-6108; if calling from Qatar ... + \nU.S. state license; after residency is granted, all must have a Qatari Driver's \nLicense (QDL) .... Contact CAS Security at DSN 432-3534 to get current e-mail \naddress.",
    "The United States of America is a large country in North America, often ... into the \neven younger volcanic Cascade range, with some of the highest points in the \ncountry. ... The west is largely very hot with mostly mild winters, until you get to \nthe ...... you must visit a US Embassy or Consulate in your home country to apply \nfor\u00a0..."
  ],
  "displayUrl": [
    "qa.usembassy.gov",
    "ae.usembassy.gov",
    "www.swedenabroad.com",
    "uk.usembassy.gov",
    "br.usembassy.gov",
    "www.qatar.northwestern.edu",
    "www.uscis.gov",
    "www.ustraveldocs.com",
    "www.afcent.af.mil",
    "wikitravel.org"
  ]
}