{
  "id": "Q285_R20_C5",
  "initial_query": "'US Embassy Qatar' 'US Embassy Qatar Villagiio' 'Al Saad' left comimg appointment directions be get know right",
  "relaxed_query": "'US Embassy Qatar' 'US Embassy Qatar Villagiio' 'Al Saad' left comimg appointment directions be get know right",
  "links": [
    "http://www.afcent.af.mil/Portals/82/CSP%20Portal/CSP%20Home/CSP%20Resource%20Guide.pdf",
    "https://dohanews.co/six-things-to-know-about-using-the-bus-system-in-qatar/",
    "http://www.olympic.qa/",
    "https://issuu.com/bqmagazine4/docs/bqplus_january_web",
    "http://www.alibinali.com/wp-content/uploads/2014/05/Newsletter-6.pdf",
    "https://issuu.com/bqmagazine4/docs/bqplus_march17_web",
    "https://raw.githubusercontent.com/ManiacDC/TypingAid/master/Wordlists/Wordlist%20333333%20frequency%20weighted%20(Norvig).txt",
    "https://issuu.com/marhabaqatar/docs/marhaba_information_guide_issue_64",
    "https://issuu.com/oryxmags/docs/10_qt_november_2016"
  ],
  "snippets": [
    "To get the most from this guide, use it in ... In closing, know that the Command \nSponsorship Program is ready to assist in ... for specific instructions on \nResidency application ... US Embassy in Doha at commercial 011-974-4496- ... \nTo call an Al Udeid DSN line from within Qatar, dial 4458- ..... Al Saad Rent a Car \n(4444-9300).",
    "Apr 8, 2016 ... Qtip left hand ... About Us ... Here are some things to know about using public \ntransport in Qatar: ... So if you're planning to ride the bus to get to work or an \nappointment, ... Here's the current route map, according to Mowasalat's website: \n... who used the bus system to go from Al Khor to Doha for a year, the\u00a0...",
    "National Day Products \u00b7 Olympic Community Programs \u00b7 Qatar Olympic Cultural \nand Education Program \u00b7 Sport and The Environment \u00b7 UNODC (Drugs and\u00a0...",
    "Jan 22, 2017 ... Qatar's lifestyle magazine bq-magazine.com .... beauty Giselle Bundchen's half \nbrunette half ash blonde coloring left us with balayage envy.",
    "As editor, I would like to extend a special invitation to those among us who haven'\nt yet ... Twin Palm Tower, Majlis Al Taawon Street, Al Dafna, West Bay, Doha - \nQatar .... Do you know where our newest iSpot showroom is? ... As always with \niSpot, our customers are able to get all the .... The Lebanese Embassy of Qatar \nheld.",
    "Mar 27, 2017 ... Qatar's lifestyle magazine bq-magazine.com ... Make-up & Hairstyle Icons Get the \nRight Fit for Your Inner Wear ... COVER STORY Meet Multi-Talented Dana Al \nFardan ... Read on to know more about this girl with the golden voice. .... The \nacclaimed actress and social activist introduced us to the now highly\u00a0...",
    "... at as your all have new more an was we will home can us about if page my has \n... so his when contact here business who web also now help get pm view online \nc ... details line terms before hotels did send right type because local those using \n... sales look english left team estate box conditions select windows photos gay\u00a0...",
    "Nov 29, 2015 ... Easily share your publications and get them in front of Issuu's millions of monthly \nreaders. ... Marhaba wishes you the best of this double celebration of Qatar \nNational ... Villaggio) \u2022 Family Food Centre (Airport Street, Al Mirqab Al Jadeed ... \nThe Qatar Labour Law Register at Your Embassy Residence/Work\u00a0...",
    "Nov 12, 2016 ... Title: Qatar Today November 2016, Author: Oryx Group of ... HH the Emir Sheikh \nTamim bin Hamad Al Thani's address conveyed a strong call to ... It also included \nfive international pavilions from France, Germany, the United States, ... with \nmembers of the Qatar Chamber, embassy labour representatives,\u00a0..."
  ],
  "displayUrl": [
    "www.afcent.af.mil",
    "dohanews.co",
    "www.olympic.qa",
    "issuu.com",
    "www.alibinali.com",
    "issuu.com",
    "raw.githubusercontent.com",
    "issuu.com",
    "issuu.com"
  ]
}