{
  "id": "Q286_R21_C7",
  "initial_query": "'Family Visa' 'NOC' 'Qatar Airways' hi wife please husband kapila give help new",
  "relaxed_query": "'Family Visa' 'NOC' 'Qatar Airways' hi wife please husband kapila give help new",
  "links": [
    "https://dohanews.co/qatars-emir-approves-kafala-reforms-changes-more-than-one-year-away/",
    "http://www.letstravelzine.com/schengenvisaforindians.html",
    "https://dohanews.co/report-changes-qatars-kafala-law-take-effect-dec-14-2016/",
    "http://www.dubaicustoms.gov.ae/en/procedures/registrationandlicensing/noc/Pages/default.aspx",
    "https://www.justlanded.com/english/Saudi-Arabia/Forums/Visas-Permits/After-I-stamp-an-exit-visa-am-I-allowed-to-go-to-any-country-or-only-my-home-country",
    "https://nricafe.com/changes-to-qatars-driving-license-policy/",
    "https://www.mea.gov.in/Uploads/PublicationDocs/26525_26525_External_Affairs_English_AR_2015-16_Final_compressed.pdf",
    "http://practicalcryptography.com/media/cryptanalysis/files/count_1w.txt",
    "http://indianexpress.com/article/india/india-news-india/money-laundering-case-opposition-walks-out-of-himachal-assembly-bjp-demands-immediate-discussion/",
    "http://archives.ndtv.com/articles/2016-05.html"
  ],
  "snippets": [
    "Oct 27, 2015 ... The main reforms appear to be that there will be a new system to ... work in Qatar \nagain if an employer refused to grant a no objection certificate to ... Qatar Airways\n/Flickr ... If there is a lawsuit pending between an employee and his sponsor, .... \nAnalagous to meaningful change in Qatar, I give you the world's\u00a0...",
    "Apr 21, 2012 ... Useful information about Schengen Visa for Indians including what is the \nSchengen Visa, the ... below before posting a new one of your own, and we'll try \nto help you. ...... Hi, my wife is traveling to Slovakia for an official purpose on \n21.04.2013 ... Can you please give me the format of notarised consent letter.",
    "Dec 25, 2015 ... New legislation that is expected to make it easier for expats to ... Qatar Airways/\nFlickr ... in Qatar again if an employer refused to grant a no objection certificate to \n... the Ministry of Interior at least three business days before his/her exit. .... to \ncontracts signed before December, 2016 and only helps those on\u00a0...",
    "New NOC issuance fees of AED 500 shall be collected. 4. The NOC ... Passport \ncopies of all partners (visa copy & the file number of the U.A.E. national partner).",
    "Jul 25, 2006 ... I recently got a visa and in order for me to leave saudi arabia, I have to obtain ... \nHi: I am an Indian passport holder and have resigned from my ... Please help me \nif you can. ... permanent EXIT from Saudi..asking EXIT Letter for new visa ... it \npossible for me to take a family visa. please give me a suitable reply.",
    "Feb 21, 2016 ... Determined to make Qatar's roads safer, the Traffic Department has ... Qatar \nAirways Offer ... to explain the points mentioned in the new curriculum and the \ntraffic law to ... Myself and my wife has Bahrain driving license , what is the ... on \nemployment visa how i get now Qatar driving licence please advice.",
    "Published by : Policy Planning and Research Division, Ministry of External Affairs\n, New Delhi ... Consular, Passport and Visa Services. 194. 23. .... Republics, his \nvisits to the Indian Ocean island countries ... Malaysia and Singapore have \nfocused on giving shape to the ... with USA to help India develop secure and \nintegrated.",
    "... all 2022459848 have 1564202750 new 1551258643 more 1544771673 an ... \nthere 701170205 see 681410380 only 661844114 so 661809559 his \n660177731 when ... help 611054034 get 605984508 pm 604577485 view \n602279334 online ... between 255436698 forum 254478181 family 254164055 \nlong 252519588\u00a0...",
    "Mar 29, 2016 ... Related News ... Chief Minister intervened briefly and denied that his property \nwas attached in ... Last week,the ED had attached Virbhadra Singh's property \ngiving a fresh ... Ranveer Singh to play cricketer Kapil Dev in Kabir Khan's film ... \nIn Varanasi, officials tweak norms, families left with half-built toilets\u00a0...",
    "May 1, 2016 ... Suffering From Heart Tumour, This Man Got A Second Lease Of Life \u00b7 To Stop \nThe Next Forest Fire, Satellite Alerts Begin, Air Tankers On Radar ... Qatar \nInvestigates Death at World Cup Site as Labour Rights Under Scrutiny ...... Report \n\u00b7 JKCA Denies Visa NOC To Ranji Pacer Seeking To Play In England\u00a0..."
  ],
  "displayUrl": [
    "dohanews.co",
    "www.letstravelzine.com",
    "dohanews.co",
    "www.dubaicustoms.gov.ae",
    "www.justlanded.com",
    "nricafe.com",
    "www.mea.gov.in",
    "practicalcryptography.com",
    "indianexpress.com",
    "archives.ndtv.com"
  ]
}