{
  "id": "Q286_R21_C1",
  "initial_query": "'Family Visa' 'NOC' 'Qatar Airways' hi wife please embassy help does have possible",
  "relaxed_query": "'Family Visa' 'NOC' 'Qatar Airways' hi wife please embassy help does have possible",
  "links": [
    "http://www.lifeinqatar.com/en/article/living/getting-setup-in-qatar-as-an-expat.html",
    "http://www.justhere.qa/2014/03/legal-column-visas-sponsorships/",
    "https://www.moveoneinc.com/old-blog/immigration/enimmigration-qatar/",
    "http://www.justhere.qa/2013/10/10-things-know-employed-qatar/",
    "https://www.tripadvisor.com/ShowTopic-g294008-i3511-k7733766-Visa_Cancellation-Qatar.html",
    "https://pinayflyinghigh.com/frequently-asked-questions-about-schengen-visa-application/",
    "https://www.onlineqatar.com/living/labour-laws.aspx",
    "https://nricafe.com/qatar-visit-visa-family-members/",
    "https://www.onlineqatar.com/info/maid-visa-qatar.aspx",
    "https://nricafe.com/how-expatriates-can-change-jobs-qatars-new-residency-law/"
  ],
  "snippets": [
    "Family members can either come for a short term using a visit visa or apply for a \nresident visa. If you have a visa query or wish to find out details for acquiring a \nQatar visa for ... Please note that you will need an Arabic translation of this \ncertificate, done ... it is possible to change sponsors if granted a no objection \ncertificate.",
    "Mar 16, 2014 ... If you are living and working in Qatar, you, like most others, have a lot of \nquestions ... Can I get an NOC from him, if I want to shift again? ... Please note, \nbuying and selling of visas is illegal as per Qatar law. ...... My wife was previously \nworking in Qatar Airways, she was got ... 4) Passport copy of family (Wife)",
    "Jun 2, 2011 ... Comprehensive immigration profile on Qatar for those considering a relocation. ... \nimportant it is to make the transition to your new home as seamless as possible. \n... If there are family members: nationality, age, planned arrival date, foreigner's ... \nNationals of 33 countries can get an entry visa to Qatar without\u00a0...",
    "Oct 1, 2013 ... Though Qatar Airways was found violating this, according to recent ... You will \nhave to exit the entry after this, and re-enter on a fresh visa. .... I would like to \nknow that, If I got a offer from government establishment, Is it possible to get NOC \n... Hi! please i need your help.. can you help me find the provision in\u00a0...",
    "Answer 1 of 75: Hi, would be a pleasure to get an advise. ... Please advise me. ... \nmy wife cancel visa 2014-11-28......she want come back visit visa or husben ... I \nwork in qatar 2011 one day my family have problem there in India I try to going ... \nNow is it possible he can apply tourist visa in qatar again with out NOC since he\u00a0...",
    "Jun 27, 2015 ... Do I need to open a separate bank account for visa application or the .... It sure of \ncourse will help you get a better chance to have the visa but no, .... Hi! I'll like to \nknow how I'll get the schengen visa me and my wife from .... If NOC expire .... \nplease advice to me at this my visa application in italy embassy. i\u00a0...",
    "The employment contract will have a provision wherein the employee will be \nsubjected ... the employer, by law, is required to fully compensate the families of \nthe victims. ... Although the embassies can help their nationals in settling disputes\n, the .... Hi, My wife is in business visa and now she is pregnant now in qatar, \ndoctor\u00a0...",
    "Nov 24, 2015 ... Qatar Airways Offer ... The visa can be extended for another five months for first \nand second ... Sponsor's wife's passport copy with RP page OR copy of Qatar ID \n... spouse's name, then you will need to supply a marriage certificate to ... Hi ! I \nreally need your help since im traveling under Family visit visa on\u00a0...",
    "Several expat families employ domestic help in Qatar. ... A married man, looking \nto hire a maid for his family, should first obtain an NOC from the maid's ... But, \nwhen the maid arrives, she will have to undergo the usual residency procedure, \n... based on the agreement between Qatari government and relevant embassy.",
    "Dec 26, 2016 ... Expatriates will no longer need exit permits to leave Qatar. ... The expatriate has \nto provide a written notice to his employer prior to ... If the employer does not give \nNOC, the expatriate will have to stay out ... and has a new job contract and visa, \nhe can immediately come back .... Qatar Family-Visa-Application."
  ],
  "displayUrl": [
    "www.lifeinqatar.com",
    "www.justhere.qa",
    "www.moveoneinc.com",
    "www.justhere.qa",
    "www.tripadvisor.com",
    "pinayflyinghigh.com",
    "www.onlineqatar.com",
    "nricafe.com",
    "www.onlineqatar.com",
    "nricafe.com"
  ]
}