{
  "id": "Q286_R21_C3",
  "initial_query": "'Family Visa' 'NOC' 'Qatar Airways' hi wife please husband help does have ",
  "relaxed_query": "'Family Visa' 'NOC' 'Qatar Airways' hi wife please husband help does have ",
  "links": [
    "http://www.lifeinqatar.com/en/article/living/getting-setup-in-qatar-as-an-expat.html",
    "http://www.justhere.qa/2013/10/10-things-know-employed-qatar/",
    "https://www.tripadvisor.com/ShowTopic-g294008-i3511-k7287003-Visa_for_doha-Qatar.html",
    "http://www.justhere.qa/2014/03/legal-column-visas-sponsorships/",
    "https://www.moveoneinc.com/old-blog/immigration/enimmigration-qatar/",
    "http://www.qatarairways.com/us/en/special-services.page",
    "https://dohanews.co/unannounced-changes-to-sponsorship-rules-cause-hardship/",
    "http://www.qatarairways.com/us/en/conditions-of-carriage.page",
    "https://www.qatarairways.com/en/verify-credit-card.html",
    "https://pinayflyinghigh.com/frequently-asked-questions-about-schengen-visa-application/"
  ],
  "snippets": [
    "Family members can either come for a short term using a visit visa or apply for a \n... If you have a visa query or wish to find out details for acquiring a Qatar visa for \nyour ... Please note that you will need an Arabic translation of this certificate, \ndone ... When you pick Commercial Bank as your financial services partner, you \ncan\u00a0...",
    "Oct 1, 2013 ... Though Qatar Airways was found violating this, according to recent reports. ... \nYou will have to exit the entry after this, and re-enter on a fresh visa. .... Hi! please \ni need your help.. can you help me find the provision in the Labor ..... UNDER MY \nWIFE SPONSERSHIP AND IF I WILL NOT GET NOC FROM MY\u00a0...",
    "Answer 1 of 26: My husband and I are both british travelling to doha end ... Do we \nneed a visa and how much and how do we obtain this visa. ... his company \ncancelled visa , the guy want to come back under wife sponsor ? ... Hi guyz, help \nme out. ... letter (instead of NOC), as Qatar rule doesnt allow to give NOC before \n1 yr.",
    "Mar 16, 2014 ... If you are living and working in Qatar, you, like most others, have a lot of ... [Q] \nWhat is the procedure to transfer visa from husband to company? Do I ... Can I \nget an NOC from him, if I want to shift again? ...... I dont know which is one right, \nhow to clarify please help me. .... 4) Passport copy of family (Wife)",
    "Jun 2, 2011 ... Comprehensive immigration profile on Qatar for those considering a relocation. ... \nIf there are family members: nationality, age, planned arrival date, foreigner's ... \nNationals of 33 countries can get an entry visa to Qatar without special ... The \nPRO must have supporting documents to prove his relation with the\u00a0...",
    "family-mother-357x180. To avoid ... Click here to learn more about the assistance \nthat we offer to passengers in need of additional and special assistance.",
    "Nov 7, 2012 ... Qatar appears to have quietly revised its sponsorship rules to make it more ... in \u201c\nsemi-government\u201d groups like Qatar Airways, Al Jazeera and Qatar Foundation ... \ncan now only sponsor their families for a six-month family visit visa,\u201d Anas ... in \nQatar before a man is allowed to sponsor his wife and children.",
    "May 19, 2016 ... We will provide carriage only to the Passenger holding such Ticket or holding ... \nof his or her immediate family accompanying the Passenger may be likewise \nmodified. ... You will have to pay any difference between the price paid and the ... \n3.7 Please be advised that in the event you do not show up for any\u00a0...",
    "If you did not recieve such an email, you will not have to present the payment \ncard ... Please fill out the below form to verify the credit card you used to book on\n\u00a0...",
    "Jun 27, 2015 ... Before going through it, please be advised that THE INFORMATION ON THIS ... \nDo I need to open a separate bank account for visa application or the .... It sure of \ncourse will help you get a better chance to have the visa but .... Hi! I'll like to know \nhow I'll get the schengen visa me and my wife .... If NOC expire."
  ],
  "displayUrl": [
    "www.lifeinqatar.com",
    "www.justhere.qa",
    "www.tripadvisor.com",
    "www.justhere.qa",
    "www.moveoneinc.com",
    "www.qatarairways.com",
    "dohanews.co",
    "www.qatarairways.com",
    "www.qatarairways.com",
    "pinayflyinghigh.com"
  ]
}