{
  "id": "Q286_R21_C5",
  "initial_query": "'Family Visa' 'NOC' 'Qatar Airways' hi wife please husband enter help does dependent",
  "relaxed_query": "'Family Visa' 'NOC' 'Qatar Airways' hi wife please husband enter help does dependent",
  "links": [
    "http://www.lifeinqatar.com/en/article/living/getting-setup-in-qatar-as-an-expat.html",
    "https://www.moveoneinc.com/old-blog/immigration/enimmigration-qatar/",
    "http://www.justhere.qa/2014/03/legal-column-visas-sponsorships/",
    "https://www.onlineqatar.com/info/dependent-family-visa.aspx",
    "https://nricafe.com/qatar-visit-visa-family-members/",
    "https://www.visit-kuwait.com/info/kuwait-visa.aspx",
    "https://pinayflyinghigh.com/frequently-asked-questions-about-schengen-visa-application/",
    "https://www.schengenvisainfo.com/austria-visa/",
    "https://www.tripadvisor.co.uk/ShowTopic-g294008-i3511-k7733766-Visa_Cancellation-Qatar.html",
    "http://gulfnews.com/business/visas/residency-visa-for-your-wife-1.183523"
  ],
  "snippets": [
    "Family members can either come for a short term using a visit visa or apply for ... \nPlease note that you will need an Arabic translation of this certificate, done ... \nResidents (except the spouse or children) always require an exit visa to leave \nQatar. ... home schooling, the Doha Home Educators network can help get you \nstarted.",
    "Jun 2, 2011 ... Comprehensive immigration profile on Qatar for those considering a relocation. ... \nIf there are family members: nationality, age, planned arrival date, ... All visitors \nrequire a visa to enter Qatar, but not all nationals need to apply ... specialists at \nMove One can help set you and your company on the right track.",
    "Mar 16, 2014 ... Can I get an NOC from him, if I want to shift again? ... Please note, buying and \nselling of visas is illegal as per Qatar law. .... My husband terminated his \ncompany, we ask them a favor to grand as NOC even they don't ...... can not \ntransfer business visa to family RP & advising to exit & enter again for my wife.",
    "Family visa or dependent visa in Qatar, visa rules and requirements, types of \nvisas. ... in Qatar can enter the country on a short-term Family Visit Visa, with one-\nmonth ... if necessary, either under the sponsorship of their spouse, or by \ntransferring the ... is dependent visa is possible for mother in qatar , can anyone \nplease help\u00a0...",
    "Nov 24, 2015 ... Qatar Airways Offer ... Family members of sponsored residents may enter Qatar \non a ... in your spouse's name, then you will need to supply a marriage certificate \nto ... for each visa, and QR 50 for each registered dependent or companion. ... Hi ! \nI really need your help since im traveling under Family visit visa\u00a0...",
    "Kuwait visa information, visit and residence visa requirements, types of visas. ... \nOther countries can obtain visa through Kuwait Airways offices. ... private sector \nemployees), salary certificate from sponsor's employer, and authentic proof of \nfamily relationship. ... Even a working wife can sponsor her husband as a \ndependent.",
    "Jun 27, 2015 ... I didn't do it though on my first Schengen visa application. ... I am going to visit \nsomeone I know in the Schengen state, is it easier for me to get .... It sure of \ncourse will help you get a better chance to have the visa but no, ..... If NOC expire \n...... and I am working in Belgium (But I'm dependent on my husband).",
    "You can apply for the Austrian Schengen Visa since 1997 when Austria as an ... \nProof of civil status (marriage certificate, birth certificate of children, death \ncertificate of spouse, ... Proof of enrollment; No-objection certificate from school or \nuniversity ... Invitation letter with the address and phone number from family \nmember or\u00a0...",
    "Aug 22, 2014 ... Hi, would be a pleasure to get an advise. I came on a visit visa and found a job \nand change to a sponsor here and ... my wife cancel visa 2014-11-28......she \nwant come back visit visa or husben ... Now is it possible he can apply tourist visa \nin qatar again with out NOC since he will ... Please kindly help reply.",
    "Oct 28, 2007 ... The husband can send a visit visa to his new spouse and she can enter the \ncountry on this visa. After arrival the husband has to apply for a\u00a0..."
  ],
  "displayUrl": [
    "www.lifeinqatar.com",
    "www.moveoneinc.com",
    "www.justhere.qa",
    "www.onlineqatar.com",
    "nricafe.com",
    "www.visit-kuwait.com",
    "pinayflyinghigh.com",
    "www.schengenvisainfo.com",
    "www.tripadvisor.co.uk",
    "gulfnews.com"
  ]
}