{
  "id": "Q289_R35_C1",
  "initial_query": "'Discos' 'Qatar' 'Disco' bars friends pack night ladies knows rocking joint",
  "relaxed_query": "'Discos' 'Qatar' 'Disco' bars friends pack night ladies knows rocking joint",
  "links": [
    "http://www.travelstart.co.ke/blog/10-best-nightlife-spots-nairobi/",
    "https://en.wikipedia.org/wiki/List_of_Pump_It_Up_songs",
    "http://www.dailymail.co.uk/news/article-3284428/Women-allow-filmed-stripping-naked-middle-Russian-nightclub-win-iPhone-isn-t-new-model.html",
    "http://www.ahlanlive.com/31-ladies-night-in-dubai.html",
    "http://www.dailymail.co.uk/femail/article-2940230/Why-wash-bras-two-days-clean-phone-daily-disgusting-truth-hygiene-habits.html",
    "https://www.zomato.com/kolkata/opium-sector-5-salt-lake",
    "http://brucespringsteen.net/albums/the-river",
    "http://www.eecs.wsu.edu/~holder/courses/CptS223/spr09/document.txt",
    "https://raw.githubusercontent.com/ManiacDC/TypingAid/master/Wordlists/Wordlist%20550000%20frequency%20weighted%20(BNC).txt",
    "http://cs.brynmawr.edu/Courses/cs325/fall2013/bigWordList.txt"
  ],
  "snippets": [
    "Feb 19, 2015 ... Are you trying to find the perfect spot to while the night away? ... Nairobi bars and \nclubs invest heavily on decor, furnishings and ... The location is convenient \nespecially if you are not driving and it is a great place to party with friends. ... that \nbranches to Carnivore and it is one of the popular joints on that road.",
    "This is a master song list for Andamiro's Pump It Up video game series. Pump It \nUp features the ... In Pump It Up Fiesta EX, it marks the first game since Pump It \nUp 3rd Dance Floor .... and Asian women in various places, so they transform \nthemselves inside the capsules. ... Mixes Festival, Scarlet and I Don't Know \nAnything.",
    "Oct 22, 2015 ... The embarrassing dance routine happened in the city of Berezniki ... The two \nwomen were filmed at a Russian nightclub stripping on stage for the chance to ... \nInstagram user honeymary23 tagged her friends asking: 'Is this the ..... for star-\nstudded Metropolitan Opera Opening Night in NYC Dazzling display.",
    "Sep 7, 2014 ... We get you 31 of best Ladies Night from Hottest Bars & Clubs in Dubai ... has the \nperfect location to get your night out with the girls rocking. ... With a deal this good\n, it's no surprise that the venue packs out, .... Boudoir's banquettes, so you never \nknow who you could bump into. ..... Qatar Stars \u00b7 Competitions\u00a0...",
    "Feb 4, 2015 ... How do we know when to clean the things we use every day? ... cells every day, \nmany of them in bed, and lose a litre of sweat in a typical night.",
    "Full Bar Available ... Beer in a bar ... Friend circle masti or romantic date with \ngirlfriend good for every occasion. Njoy to know how great a bar can be. ... \nambience....not too heavy on the pocket...and courteous staff are features of this \npopular joint. ... Malaysia \u00b7 New Zealand \u00b7 Philippines \u00b7 Poland \u00b7 Portugal \u00b7 Qatar \u00b7 \nSingapore.",
    "A blowout double-album split evenly between huge house-party numbers (and a \nwealth of live staples) and darker, real-world tales in the vein of the title track,\u00a0...",
    "... aut ave awe awl awn axe aye baa bad bag bah ban bar bas bat bay bed bee \n.... knot know knox koan koch kola kong kook koso kung kuru kyat labs lace lack \nlacy lade lads lady lags laid lain lair lait lake laky lama lamb lame lamp land lane \n... owls owns oxen oyer oyez pace pack pact pads page paid pail pain pair pais\u00a0...",
    "... n't her were get know see my go make no your been all their has take people \nwhat ... family per_cent such turn night business money start side water provide \nmust ... carry share happen girl quite paper decision round shall bank until \nlanguage ... friends dry reform spirit admit chief museum royal shown anyone \njoint push\u00a0...",
    "... reviews program life know games way days management p part could great \nunited ... march la september better say questions july yahoo going medical test \nfriend ... girls additional password z latest something road gift question changes \nnight ... album regional stop supplies started administration bar institute views \nplans\u00a0..."
  ],
  "displayUrl": [
    "www.travelstart.co.ke",
    "en.wikipedia.org",
    "www.dailymail.co.uk",
    "www.ahlanlive.com",
    "www.dailymail.co.uk",
    "www.zomato.com",
    "brucespringsteen.net",
    "www.eecs.wsu.edu",
    "raw.githubusercontent.com",
    "cs.brynmawr.edu"
  ]
}