{
  "id": "Q291_R34_C5",
  "initial_query": "'French' 'Does' 'French Doha' percy speaking anyone details have contact know i",
  "relaxed_query": "'French' 'Does' 'French Doha' percy speaking anyone details have contact know i",
  "links": [
    "https://en.wikipedia.org/wiki/Samoa",
    "http://anz.pg.com/",
    "https://en.wikipedia.org/wiki/Royal_22nd_Regiment",
    "https://www.asaptickets.com/",
    "http://www.imdb.com/title/tt5186714/",
    "http://money.cnn.com/2017/03/21/news/airline-electronics-ban-middle-east-africa/index.html",
    "https://www.theguardian.com/notesandqueries/query/0,5753,-21634,00.html",
    "http://www.kiwireport.com/11-incredibly-designed-restaurants-world/",
    "http://content.knightfrank.com/research/83/documents/en/the-wealth-report-2017-4482.pdf",
    "https://www.engelvoelkers.com/en-ae/dubai/"
  ],
  "snippets": [
    "The Independent State of Samoa commonly known as Samoa (Samoan: S\u0101moa) \nand, until ... The oldest date so far for remains in Samoa has been calculated by \nNew ... This visit was followed by French explorer Louis-Antoine de Bougainville, \n... Contact was limited before the 1830s, which is when English missionaries and\n\u00a0...",
    "34 Days Ago. P&G Researchers Invent Breakthrough Technology that Will \nRevolutionize the Recycling Industry .... Media Contacts. A young girl wipes a \nbrown\u00a0...",
    "The Royal 22nd Regiment (R22R), or rather the Royal 22e R\u00e9giment) in both \nEnglish and ... In the process, the new structure failed to create French-speaking \nunits, such as ... strictly speaking it is incorrect; only \"Royal 22e R\u00e9giment\" has \nbeen official in ...... Privacy policy \u00b7 About Wikipedia \u00b7 Disclaimers \u00b7 Contact \nWikipedia\u00a0...",
    "Please, click on each banner to learn all the advertised promo details. Savings of \nup to 50% off are indicated off the full un-restricted (i.e. refundable) published\u00a0...",
    "Drama \u00b7 While both participating in a production of \"Death of a Salesman,\" a \nteacher's wife is ..... Details ... Show detailed company contact information on \nIMDbPro \u00bb ... (the old man) with heart problems can run away and no one can get \nthis ? ... friend played by Babak Karimi...and that's all you need to know about the \nplot\u00a0...",
    "Mar 21, 2017 ... Those devices will have to be checked into the luggage hold. ... Related: Airline \nelectronics ban: What you need to know ... the U.S. ban are in Cairo, Egypt; \nDubai and Abu Dhabi, U.A.E.; Istanbul, Turkey; Doha, Qatar; ... Another official, \nspeaking separately from the senior administration officials, said there's\u00a0...",
    "The Japanese have a word 'natsukashii' which is used when describing \nsomething which ... Can anyone tell me what it is? .... with trivial details \nkatzenjammer - a monumentally severe hangover Schlimmbesserung - an ... \nPercy Hales, Doha Qatar ... Anyone know what it is? ... There is no French word \nfor 'accountability.",
    "Jan 18, 2017 ... Diners at this restaurant, located at the St.Regis Hotel of Doha will ... Designer \nJacques Garcia uses incredible attention to detail and ... French Blue has tall \nwindows which connect the dining room to a ... In the '30s, architect Oliver Percy \nBernard took over with an Art Deco ... Little did I know then about.",
    "pivotal German and French elections and a critical succession of power ... \nanswers. Do please get in touch so that we can help you address .... Sydney \nhicago. Dubai. Singapore. Bangkok. Jakarta. Riyadh. Hangzh. Doha. D. Delhi ... \nPercy Barnevik's approach to .... which will thrash out the details of the country's \nleadership.",
    "Buying price: 85,000,000 AED Details ... Colombia, Czech Republic, France, \nGermany, Greece, Hong Kong, Hungary, Ireland ... Over the past 30 years, Engel \n& V\u00f6lkers has made its name throughout the world as a ... Through this new joint \nventure, Nakheel will be able to market its properties to ... Licence Partner \nContact."
  ],
  "displayUrl": [
    "en.wikipedia.org",
    "anz.pg.com",
    "en.wikipedia.org",
    "www.asaptickets.com",
    "www.imdb.com",
    "money.cnn.com",
    "www.theguardian.com",
    "www.kiwireport.com",
    "content.knightfrank.com",
    "www.engelvoelkers.com"
  ]
}