{
  "id": "Q291_R34_C1",
  "initial_query": "'French' 'Does' 'French Doha' lessons email percy speaking have contact know yr",
  "relaxed_query": "'French' 'Does' 'French Doha' lessons email percy speaking have contact know yr",
  "links": [
    "https://squashyukon.yk.ca/lessons/",
    "https://www.toysrus.com/products/board-games.jsp",
    "https://www.engelvoelkers.com/en-ae/dubai/",
    "http://bangordailynews.com/2012/08/26/politics/the-50-most-powerful-republicans-including-collins-and-snowe-according-to-foreign-policy/?ref=relatedBox",
    "https://www.asaptickets.com/",
    "http://www.americanpress.com/",
    "http://history.knowsley.gov.uk/guestbook/",
    "https://www.languagetrainers.co.uk/finnish-courses.php",
    "http://www.joyfulhorse.com/learn-joyful-horsemanship-at-the-balance-point/",
    "http://rakscholars.com/"
  ],
  "snippets": [
    "Lessons can be taken on an individual basis with Squash Yukon's certified \ncoaches or as part ... If you have any questions or would like sign up your child, \nemail\u00a0...",
    "From A to Z, Toys\"R\"Us has board games that will bring families together for an \nevening of friendly competition, excitement, and skill. Challenge your family\u00a0...",
    "... Cayman Islands, Chile, Colombia, Czech Republic, France, Germany, Greece, \nHong Kong, Hungary ... Over the past 30 years, Engel & V\u00f6lkers has made its \nname throughout the world as a services ... If you can identify with these values \nand our high expectations of top-class services and would ... Licence Partner \nContact.",
    "Aug 26, 2012 ... If Mitt Romney wins the presidential election he will be handed the keys ... Email; \nFacebook this ... only 4 percent consider foreign affairs much of an issue in this \nyear's ... Few in politics know how to wield a megaphone like John McCain. ... \ncandidate after speaking at a Romney fundraiser in June; she'll get\u00a0...",
    "... the selected dates. Economy Class \u00b7 Business Class ..... a Great Deal Again! \nSubscribe to Our Email and/or SMS Promo to Be the First to Get Our Great Deals.",
    "Upon arrival Officers located a 10 year old black male and a 17 year old black \nmale and both had been shot. ... Family of WWII soldier finds closure after \ntraveling to France .... A second man has been charged in the May 2\u2026 Read \nmore \u00b7 State \u00b7 What nesting sites do mottled ducks like? .... Email: news@\namericanpress.com.",
    "Does anyone know Lynda Best's maiden name, cousin of Pete Best of the \nBeatles, ... Webmaster replies : You need to leave your email address in order for \nanyone to contact ... Would love it if anyone out there has any class photos. ..... \nFrance,Tue 05th Nov 2013 , 04:01:18 pm ... Doha,Qatar,Sat 26th Oct 2013 , 08:10\n:30 pm.",
    "Learn more about Language Trainers tailor-made Finnish courses in your ... \nConnect with a Language Trainers native-speaking Finnish tutor and receive ... \nLet us know why you need to learn Finnish and include the time and location ... \nAfter the first lesson or two, our team will contact you to ensure you are happy \nwith your\u00a0...",
    "Jan 13, 2015 ... January 13, 2015 *protected email* Leave a comment ... and learn more about \nJoyful Horsemanship and lessons at the Balance Point. There is\u00a0...",
    "Welcome to SCHOLARS INDIAN SCHOOL \u201cBear in mind that the wonderful \nthings you learn in your schools are the work of many generations. All this is put \nin\u00a0..."
  ],
  "displayUrl": [
    "squashyukon.yk.ca",
    "www.toysrus.com",
    "www.engelvoelkers.com",
    "bangordailynews.com",
    "www.asaptickets.com",
    "www.americanpress.com",
    "history.knowsley.gov.uk",
    "www.languagetrainers.co.uk",
    "www.joyfulhorse.com",
    "rakscholars.com"
  ]
}