{
  "id": "Q291_R34_C3",
  "initial_query": "'French' 'Does' 'French Doha' nursery education speaking anyone have was register best",
  "relaxed_query": "'French' 'Does' 'French Doha' nursery education speaking anyone have was register best",
  "links": [
    "https://www.edarabia.com/nurseries/doha/",
    "https://qa.ambafrance.org/-English-",
    "https://www.edarabia.com/nurseries/qatar/",
    "http://www.dohamums.com/guides/details/petits-pas-nursery",
    "http://www.lifeinqatar.com/en/listing-category/education/schools-in-qatar",
    "https://www.french-property.com/guides/france/public-services/school-education/operation/discipline-attendance/",
    "https://www.state.gov/documents/organization/176076.pdf",
    "http://www.imperialnannies.com/overseasnannies.aspx",
    "https://www.afdubai.org/",
    "http://www.lfpondichery.net/web/index.php/en/"
  ],
  "snippets": [
    "Jul 6, 2017 ... List of 500+ Best Nurseries in Doha > Complete Guide - Fees, Reviews, ... Qatar's \nfastest growing city, Doha, has a population of 1,351,000. ... Doha is the \neducational center of the country which houses the majority of ... Whether you're \nlooking for British or French nurseries which follow .... Register Now\u00a0...",
    "Minister for Europe and Foreign Affairs, Jean-Yves Le Drian, Visit to Doha ... This \nvictory has made France proud as well as all the people working on Paris' bid ... I \ncan be sure of excellent quality with the Qualit\u00e9 fran\u00e7ais langue \u00e9trang\u00e8re label ... \nfor information about procedures to be completed and how best to settle in?",
    "Jul 6, 2017 ... List of 500+ Best Nurseries in Qatar > Complete Guide - Fees, Reviews, ... Many \nnurseries and pre-schools follow the educational principles uniform to ... There \nare a number of British and French nurseries which adhere to ... This gets \ntougher when you have just moved in to a new country. .... Register Now\u00a0...",
    "Petits Pas Nursery base their work on helping children become successful \nlearners, ... Children will learn through a balance of free and guided play times. ... \nIt is located in Al Dafna and has an American-French curriculum. ... Lycee \nVoltaire, Doha College West Bay, Doha English Speaking School, ... Registration \nfee.",
    "As a co-educational, multilingual international school, we offer an exciting and ... \nAlmer\u00eda, Pontevedra, Dublin (Ireland), Les Alpes (France) and Doha (Qatar). ... \nmaamoura@littleacademynursery.com ... Doha English Speaking School (DESS) \n... IGCSE, and develops the skills and confidence your child will need to thrive.",
    "Whilst there are inevitably problems of a serious nature in some inner cities, most \nschools can be expected to offer a protected environment, and one that has a\u00a0...",
    "This list of schools offering Special Education and/or Gifted and Talented \nprograms is ..... have a Learning Support Coordinator (Special Needs \nCoordinator), who will .... Secondary School French Baccalaureate Program for \nthe Telopea Park School, .... parents in order to best assess the educational \noptions for the children.",
    "INV5170, Educated flexible nanny, Riyadh, Saudi Arabia, ASAP, \u00a31200 ... If you \nwould like to be considered for this role and are not registered with ... They live in \na beautiful home and the nanny will have her own bedroom. ... INV5157, \nFRENCH Speaking Top Nanny Sought, Istanbul, Turkey, October 2017, \u00a31000 \nper week.",
    "Plenty of resources for adults, teenagers and kids to enrich your French! ... \nFrench-speaking professional teachers, graduated from the best French \nuniversities\u00a0...",
    "Our International French School is a passport to higher education abroad. Your \nchild doesn't need to speak French before joining. ... Students were asked to \nregister for the sports and games, both, the young ones and the senior .... The \nmanagement and staff at Lycee wish the very best and will continue to support \nhim\u00a0..."
  ],
  "displayUrl": [
    "www.edarabia.com",
    "qa.ambafrance.org",
    "www.edarabia.com",
    "www.dohamums.com",
    "www.lifeinqatar.com",
    "www.french-property.com",
    "www.state.gov",
    "www.imperialnannies.com",
    "www.afdubai.org",
    "www.lfpondichery.net"
  ]
}