{
  "id": "Q300_R18_C6",
  "initial_query": "'Medical Test' 'Hep B' hi professionals everyone job getting are checked non-medical",
  "relaxed_query": "'Medical Test' 'Hep B' hi professionals everyone job getting are checked non-medical",
  "links": [
    "https://patient.info/health/hepatitis-b-leaflet",
    "https://www.health.ny.gov/diseases/aids/providers/testing/law/faqs.htm",
    "https://patient.info/health/hepatitis-b-immunisation",
    "https://www.eeoc.gov/facts/health_care_workers.html",
    "https://www.cdc.gov/hepatitis/hbv/bfaq.htm",
    "http://www.nhs.uk/Conditions/vaccinations/Pages/hepatitis-b-vaccine.aspx",
    "http://www.visabureau.com/australia/visa-health-requirements.aspx",
    "http://www.hepb.org/blog/do-you-have-to-tell-your-employer-about-your-hepatitis-b/",
    "https://www.texasliver.com/hepatitiscfaq/",
    "http://www.mayoclinic.org/diseases-conditions/sexually-transmitted-diseases-stds/diagnosis-treatment/diagnosis/dxc-20180602"
  ],
  "snippets": [
    "The hepatitis B germ (virus) can cause a short-term (acute) infection, which may \n... All women in the UK are now tested for hepatitis B when they are pregnant. ... \nFrom using equipment which is not sterile for dental work, medical ... Symptoms \ninclude feeling sick (nausea), being sick (vomiting), tummy (abdominal) pains, \nhigh\u00a0...",
    "Prior to being asked to consent to HIV testing, patients must be provided ... in \norder to participate in some federal programs, such as the Job Corps and the ... \nState HIV testing law does not change the Emergency Medical Treatment ..... my \nblood will be tested for HIV, Hepatitis B and Hepatitis C to determine risk of \nexposure.",
    "Jun 5, 2015 ... What if I come into contact with hepatitis B and am not immunised? ... Some \npeople need blood tests to check if they are immune. ... Anyone who is at \nincreased risk of being infected with the hepatitis B virus should consider being \nimmunised. ... Also, if you may need a medical or dental procedure in these\u00a0...",
    "Feb 2, 2011 ... The U.S. Equal Employment Opportunity Commission (EEOC) .... In addition to \nbeing employers, many health care providers ... Steven applies for a physician's \nassistant position in a medical clinic. ... The employee did not finish high school \ndue to her disability and ..... Medical Exam of Current Employee.",
    "May 23, 2016 ... Many people with chronic Hepatitis B virus infection do not know ... Are infants \nborn to infected mothers; Are exposed to blood on the job ... No, if you have ever \ntested positive for the Hepatitis B virus, experts .... Travelers to regions with \nmoderate or high rates of Hepatitis B should get the Hepatitis B vaccine.",
    "Find out who is eligible for hepatitis B vaccine on the NHS, how the vaccine helps \nand how to get vaccinated against hepatitis B. ... Although the risk of hepatitis B is \nlow in the UK, children and adults in high-risk groups are offered the ... Pregnant \nwomen have a routine blood test for hepatitis B as part of their antenatal care.",
    "The request to undertake a medical examination will come from DIBP and the \nresults are ... In the case of a visa application being delayed beyond 12 months, \nthe ... The decision as to whether or not an applicant meets the health \nrequirement is not ... Hepatitis B will be tested for all applicants with tattoos or \nbody piercings.",
    "Jul 15, 2015 ... Can an employer require a medical exam or ask medical questions after an offer \nis made? ... Hi i am hepatitis b carrier for 7 years but i been work in different ... \nweek medical check up but I have hbs b positive so am unfit or fit? ... In nearly all \ncountries, having hepatitis B does not disqualify you for any job.",
    "Hepatitis C is a liver disease caused by the hepatitis C virus (HCV), which is \nfound in the blood of ... What blood tests are available to check for hepatitis C?",
    "Aug 18, 2017 ... Blood tests can confirm the diagnosis of HIV or later stages of ... The one STI \nscreening test suggested for everyone ages 13 to 64 is a blood or ... Screening \nfor HIV, hepatitis B, chlamydia and syphilis generally ... All sexually active women \nunder age 25 should be tested for .... For Medical Professionals."
  ],
  "displayUrl": [
    "patient.info",
    "www.health.ny.gov",
    "patient.info",
    "www.eeoc.gov",
    "www.cdc.gov",
    "www.nhs.uk",
    "www.visabureau.com",
    "www.hepb.org",
    "www.texasliver.com",
    "www.mayoclinic.org"
  ]
}