{
  "id": "Q300_R18_C8",
  "initial_query": "'Medical Test' 'Hep B' hi professionals residence everyone getting know are u",
  "relaxed_query": "'Medical Test' 'Hep B' hi professionals residence everyone getting know are u",
  "links": [
    "https://www.cdc.gov/hepatitis/hbv/bfaq.htm",
    "https://patient.info/health/hepatitis-b-immunisation",
    "https://www.acog.org/Patients/FAQs/Protecting-Yourself-Against-Hepatitis-B-and-Hepatitis-C",
    "http://www.medicinenet.com/is_hepatitis_b_contagious/article.htm",
    "http://www.visabureau.com/australia/visa-health-requirements.aspx",
    "http://www.canadavisa.com/canada-immigration-discussion-board/threads/hepatitis-b-and-immigration.52874/",
    "https://www.osha.gov/pls/oshaweb/owadisp.show_document?p_table=PREAMBLES&p_id=811",
    "http://www.uofmhealth.org/health-library/hw40968",
    "http://www.expat.com/forum/viewtopic.php?id=301421",
    "http://www.catie.ca/en/practical-guides/hepc-in-depth/faq/when-person-legally-required-tell-other-people-"
  ],
  "snippets": [
    "May 23, 2016 ... Many people with chronic Hepatitis B virus infection do not know they are ... \nAlthough anyone can get Hepatitis B, some people are at greater risk, such as \nthose who: ... No, if you have ever tested positive for the Hepatitis B virus, experts \n... A person has high levels of virus in his or her blood and can easily\u00a0...",
    "Jun 5, 2015 ... The hepatitis B vaccine can also be used to prevent infection if for example,. ... \nSome people need blood tests to check if they are immune. .... If you have, you \nwill not be able to get it (ie you are immune.) ... These rapid schedules may be \nused if you are at very high risk of infection and need to be immune as\u00a0...",
    "Learn how to protect yourself from liver infection caused by hepatitis B and \nhepatitis C in this ... A carrier is a person who is not able to get rid of the hepatitis \nB or hepatitis C virus. ... The hepatitis B virus also can be spread if you live with \nan infected person and share ... There are different blood tests for the hepatitis B \nvirus.",
    "Some of the symptoms of hepatitis B are fever, nausea, vomiting, yellow skin (\njaundice), ... How will I know if I'm infected with hepatitis B? How is hepatitis B \nspread? ... are advised to consult their physician to interpret the results of HBV \nblood tests. ... transmission of their disease to others with your health-care \nprofessional.",
    "The request to undertake a medical examination will come from DIBP and the ... If \napplying for permanent residency a HIV test will also be required. ... If you are \npregnant, you are advised not to be x-rayed until after the birth of your baby. ... of \nhepatitis transmission from migrants to be high but screening for hepatitis B and \nC\u00a0...",
    "Hi, I have chronic Hepatitis B,but my doctor said to me\"you do not need any \ntreatment because you are in a good condition\".But for safty I\u00a0...",
    "Risks among health-care professionals vary during the training and working \ncareer of each ... of cases of hepatitis B infection have not been associated with a \nknown risk factor. ... The record contradicts this and contains evidence that the \nhepatitis B virus can .... You get different congealed blood in sheets and in \nblankets.",
    "Medical experts recommend that all pregnant women get tested for hepatitis B. If \n... Many people with hepatitis B don't know they have it, because they don't ... A \nsimple blood test can tell your doctor if you have the hepatitis B virus now or if ... \nThere are medicines for chronic hepatitis B, but they may not be right for \neveryone.",
    "I wanted to know, whether they will give my residence visa in dubai or not. ... Is \nthere any software professional underwent medical test after Jan, 2013 with Heb \nB and ... Hi John, Welcome to Expat-Blog :) I suggest you check out this .... All the \nbest for everyone and don't worry you will get through until your\u00a0...",
    "This FAQ answers some questions you may have about privacy, hepatitis C \ninfection ... Also, healthcare professionals and staff cannot tell other people about \n... b) At home: ... to know about the hepatitis C infection in order to provide high-\nquality ... be used to force a person to get tested for hepatitis C after his or her \nblood or\u00a0..."
  ],
  "displayUrl": [
    "www.cdc.gov",
    "patient.info",
    "www.acog.org",
    "www.medicinenet.com",
    "www.visabureau.com",
    "www.canadavisa.com",
    "www.osha.gov",
    "www.uofmhealth.org",
    "www.expat.com",
    "www.catie.ca"
  ]
}