{
  "id": "Q300_R18_C5",
  "initial_query": "'Medical Test' 'Hep B' hi professionals everyone residence getting u are non-medical",
  "relaxed_query": "'Medical Test' 'Hep B' hi professionals everyone residence getting u are non-medical",
  "links": [
    "http://www.visabureau.com/australia/visa-health-requirements.aspx",
    "https://www.cdc.gov/hepatitis/hbv/bfaq.htm",
    "https://patient.info/health/hepatitis-b-immunisation",
    "https://www.health.ny.gov/diseases/aids/providers/testing/law/faqs.htm",
    "https://www.eeoc.gov/facts/health_care_workers.html",
    "https://www.osha.gov/pls/oshaweb/owadisp.show_document?p_table=PREAMBLES&p_id=811",
    "http://drshem.com/2013/10/09/dubai-residency-visa-medical-blood-tests-waste-time/",
    "http://www.canadavisa.com/canada-immigration-discussion-board/threads/hepatitis-b-and-immigration.52874/",
    "https://www.acog.org/Patients/FAQs/Protecting-Yourself-Against-Hepatitis-B-and-Hepatitis-C",
    "https://ufhealth.org/hepatitis-b"
  ],
  "snippets": [
    "The request to undertake a medical examination will come from DIBP and the \nresults are ... In the case of a visa application being delayed beyond 12 months, \nthe ... Applicants for temporary residency are not normally required to undergo \nHIV ... hepatitis transmission from migrants to be high but screening for hepatitis \nB and\u00a0...",
    "May 23, 2016 ... Many people with chronic Hepatitis B virus infection do not know they are ... If a \nperson who has been exposed to Hepatitis B virus gets the Hepatitis B ... positive \nfor the Hepatitis B virus, experts recommend that you not donate blood, .... They \nalso should check with a health professional before taking any\u00a0...",
    "Jun 5, 2015 ... The hepatitis B vaccine can also be used to prevent infection if for example,. ... \nWhat if I come into contact with hepatitis B and am not immunised? ... Some \npeople need blood tests to check if they are immune. ... B virus, you can pass it \non to your baby as the baby is being born. ... Medical laboratory workers.",
    "Prior to being asked to consent to HIV testing, patients must be provided ... If you \nbelieve your health care provider is not complying with the law, send your ... State \nHIV testing law does not change the Emergency Medical Treatment ..... my blood \nwill be tested for HIV, Hepatitis B and Hepatitis C to determine risk of exposure.",
    "Feb 2, 2011 ... In addition to being employers, many health care providers ... Steven applies for \na physician's assistant position in a medical clinic. ... The employee did not finish \nhigh school due to her disability and has several times tried ..... a medical \nexamination or answer disability-related questions if everyone who will\u00a0...",
    "Patients being treated for unrelated injuries or illnesses, dental patients, trauma \n... Risks among health-care professionals vary during the training and working \ncareer of ... vaccination should be completed during training in schools of \nmedicine, ... Unlike AIDS, a substantial number of cases of hepatitis B infection \nhave not\u00a0...",
    "Oct 9, 2013 ... No, I'm not squeamish about blood being drawn from my arm, nor do I ... to all \nnon-locals living in Dubai the luxurious city everyone seeks to reside to ... AIDS/\nHIV: All new and renewal residence visa applicants tested. ... AED 250 for AIDS, \nhepatitis B, tuberculosis, leprosy and syphilis; AED .... Hi everyone,.",
    "Hi, I have chronic Hepatitis B,but my doctor said to me\"you do not need any ... But \nfor safty I should take medical exam every 6 months. Do you\u00a0...",
    "Learn how to protect yourself from liver infection caused by hepatitis B and \nhepatitis C in ... What if I have been recently exposed to the hepatitis B virus and I \nhave not had the vaccine? ... The hepatitis B virus also can be spread if you live \nwith an infected person and ... There are different blood tests for the hepatitis B \nvirus.",
    "Aug 20, 2015 ... You can catch hepatitis B through contact with the blood or body fluids ... for \nblood transfusions is screened, so the chance of getting the virus in ... You have \nhigh levels of the HBV in your blood. ... Not everybody who needs to take these \nmedicines responds well. ... When to Contact a Medical Professional."
  ],
  "displayUrl": [
    "www.visabureau.com",
    "www.cdc.gov",
    "patient.info",
    "www.health.ny.gov",
    "www.eeoc.gov",
    "www.osha.gov",
    "drshem.com",
    "www.canadavisa.com",
    "www.acog.org",
    "ufhealth.org"
  ]
}