{
  "id": "Q300_R18_C2",
  "initial_query": "'Medical Test' 'Hep B' 'Hep B Medical Check' professionals everyone residence hepatitis getting are checked non-medical",
  "relaxed_query": "'Medical Test' 'Hep B' 'Hep B Medical Check' professionals everyone residence hepatitis getting are checked non-medical",
  "links": [
    "https://patient.info/health/hepatitis-b-immunisation",
    "https://www.cdc.gov/hepatitis/hbv/bfaq.htm",
    "http://www.visabureau.com/australia/visa-health-requirements.aspx",
    "http://www.canadavisa.com/canada-immigration-discussion-board/threads/hepatitis-b-and-immigration.52874/",
    "http://www.expat.com/forum/viewtopic.php?id=301421",
    "https://forums.studentdoctor.net/threads/hep-b-vaccine-non-responder.1146241/",
    "http://www.expat.com/forum/viewtopic.php?id=65214",
    "https://www.thenational.ae/uae/health/uae-hepatitis-screening-rules-have-been-relaxed-1.297970",
    "https://www.health.ny.gov/diseases/aids/providers/testing/law/faqs.htm",
    "http://drshem.com/2013/10/09/dubai-residency-visa-medical-blood-tests-waste-time/"
  ],
  "snippets": [
    "Jun 5, 2015 ... The hepatitis B vaccine can also be used to prevent infection if for ... Some \npeople need blood tests to check if they are immune. ... Anyone who is at \nincreased risk of being infected with the hepatitis B virus should consider being \nimmunised. ... Also, if you may need a medical or dental procedure in these\u00a0...",
    "May 23, 2016 ... Many people with chronic Hepatitis B virus infection do not know they are ... been \nexposed to the Hepatitis B virus, call your health professional or your health \ndepartment. ... Can a person spread Hepatitis B without having symptoms? ... \nWhat are the common blood tests available to diagnose Hepatitis B?",
    "The Australian Government insist on a medical examination to protect the country \nfrom high ... In the case of a visa application being delayed beyond 12 months, \nthe applicant may ... If applying for permanent residency a HIV test will also be \nrequired. ... Hepatitis B will be tested for all applicants with tattoos or body \npiercings.",
    "Hi, I have chronic Hepatitis B,but my doctor said to me\"you do not ... But for safty I \nshould take medical exam every 6 months. Do you know I can get visa from CIC? \n... Hep B is specifically tested for certain occupations (but for most people .... \nSkilled Worker / Professional Immigration \u00b7 Canadian Experience\u00a0...",
    "I suggest you check out this discussion on the Hepatitis B please as it ... So it is \nsure that Hep B is not been tested if your job category does not ... When your \ncompany PRO applies for medical test make sure and get it confirm from them on \n.... i want to apply residency visa for my wife. she is hbv+ i don't know\u00a0...",
    "So I'm starting medical school at the end of the summer, and my school, like \nmany I understand, required me to get a quantitative titer of hep B.. ... a point: http\n://www.hepb.org/professionals/vaccine_non-responders.htm - I don't ..... During \nresidency I tested neg again for rubella titers and received another 2\u00a0...",
    "Please help - medical rules for hepatitis b (residence visa) Doha forum. ... food \nhandling are being tested for HIV, HBV and PTB. but for professions ... From my \nunderstanding, they only check for major viruses such as HIV. ... Hep B & C. If you \nhave any of these you WILL NOT get residency. .... Hi everyone",
    "Jul 28, 2013 ... Mandatory tests for hepatitis C no longer exist and visa screening and \ndeportation for hepatitis B only applies to certain professions. ... It was in 2010 \nthat the Ministry of Health announced an overhaul of the residency medical law. \n... Moves are now being made to relax the rules further, so they do not apply\u00a0...",
    "Prior to being asked to consent to HIV testing, patients must be provided .... State \nHIV testing law does not change the Emergency Medical Treatment ... notified an \nHIV test is being performed or 'check' patient declined HIV testing. ..... my blood \nwill be tested for HIV, Hepatitis B and Hepatitis C to determine risk of exposure.\"\u00a0...",
    "Oct 9, 2013 ... There are many conflicting reports as to what gets tested, not even the nurse ... \nAED 250 for AIDS, hepatitis B, tuberculosis, leprosy and syphilis; AED 50 for ... As \na professional working in Dubai, I'm subjected to a whole list of tests that infringe \non my medical privacy. ... Either screen everybody or nobody."
  ],
  "displayUrl": [
    "patient.info",
    "www.cdc.gov",
    "www.visabureau.com",
    "www.canadavisa.com",
    "www.expat.com",
    "forums.studentdoctor.net",
    "www.expat.com",
    "www.thenational.ae",
    "www.health.ny.gov",
    "drshem.com"
  ]
}