{
  "id": "Q302_R79_C8",
  "initial_query": "'USA License' 'Doha' 'USA Driver License' car week agency measure go rent need pretty",
  "relaxed_query": "'USA License' 'Doha' 'USA Driver License' car week agency measure go rent need pretty",
  "links": [
    "http://lifeinqatar.com/en/article/living/getting-around.html",
    "http://www.taxcollector.com/docs/dl/RoadTestChecklist.pdf",
    "https://travel.state.gov/content/passports/en/country/kuwait.html",
    "https://www.theaa.com/driving-advice/driving-abroad/idp",
    "https://www.intltravelnews.com/2015/04/received-traffic-ticket-overseas",
    "https://www.europcar.com/van-and-truck-rental",
    "https://www.yasmarinacircuit.com/en/products/experiences/yas-racing-school/",
    "https://thepointsguy.com/2015/08/rental-insurance-with-credit-cards/",
    "http://www.affordablecarhire.com/",
    "https://finance.yahoo.com/news/inplay-briefing-com-125529772.html"
  ],
  "snippets": [
    "If you've been in Doha during the summer months, you will already know that ... If \nyou have an International Driving Permit, you can drive a rental car in Qatar for ... \nfor Qatar, you need to get a Qatari Driving License in order to be able to drive in \n... Korea, Spain, Sweden, Switzerland, United Kingdom, USA and Vatican City.",
    "YOU MUST PROVIDE THE VEHICLE FOR YOUR DRIVING SKILLS ROAD TEST \n... IF YOU HAVE A GOLD STAR ON YOUR LICENSE OR ID CARD YOU ARE ... \nNON US CITIZENS MUST BRING IMMIGRATION DOCUMENTS ... Deaf or Hard \nof Hearing and require a Sign Language Interpreter, please Contact Our Office 2.",
    "May 10, 2017 ... International Parental Child Abduction. |. Contact Us \u00b7 U.S. Embassies & \nConsulates Find U.S. Embassies & Consulates \u00b7 Your U.S. Passport.",
    "If you're planning to drive abroad, you might need an IDP before you go. ... to get \none, and everything else you need to know about the International Driving Permit\n. ... carry it as well as your UK licence, it usually allows you to drive a private \nvehicle. ... country \u2013 it's recommended or required in around 140, including the \nUSA.",
    "How did you go about taking care of a traffic ticket sent from overseas? ... on one \nof our frequent trips to Italy, it would catch up with us when we went to rent a car. \n... After I got home, I received, through our car rental agency Europcar, a traffic \nticket from the .... also imposes a number of \u201cpoints\u201d on the offender's driver \nlicense.",
    "Hire our vans for weeks, months or more - our flexible packages make it easy to \nrent a van for as long as you need it, whether that's 28 hours or 28 days.",
    "After a one-hour classroom training session, your group of just four drivers is ... \nThe test will measure your understanding of the various signal flags that can be ... \nlap records - you just need to prove you have the skill to control the car on circuit. \n... Book your FIA Assessment Racing License Course by calling us on 800 YAS\u00a0...",
    "Aug 31, 2015 ... A look at what goes into filing a car rental insurance claim with ... I called Hertz's \nUSA Customer Service number and was told I needed to contact ... the credit card \ncompanies would pressure the car rental agencies to be more reasonable. .... \nany insurance, so I took their Drivers License and License Plate.",
    "Affordable Car Hire, Compare our cheap car hire prices with over 15000 \nlocations and over 192 suppliers in the UK, Europe, USA and Worldwide \nlocations\u00a0...",
    "Aug 1, 2017 ... ... relative strength for the second day in a row, extending its week-to-date gain to \n1.0%. ... Guidance on U.S. Vehicle Inventory Levels \"We anticipate we will end \n2017 at or ... Due to decline in rental and commercial sales. ... as well as a trust \noffice in Greenville, Delaware, the private wealth management\u00a0..."
  ],
  "displayUrl": [
    "lifeinqatar.com",
    "www.taxcollector.com",
    "travel.state.gov",
    "www.theaa.com",
    "www.intltravelnews.com",
    "www.europcar.com",
    "www.yasmarinacircuit.com",
    "thepointsguy.com",
    "www.affordablecarhire.com",
    "finance.yahoo.com"
  ]
}