{
  "id": "Q302_R74_C7",
  "initial_query": "'GCC' 'Egyptian' license work visa have visiting drive ",
  "relaxed_query": "'GCC' 'Egyptian' license work visa have visiting drive ",
  "links": [
    "http://www.driverabroad.com/self-drive/international-driving-permit/",
    "https://www.expatica.com/de/moving-to/Exchanging-a-foreign-drivers-licence-in-Germany_107645.html",
    "https://www.massrmv.com/rmv/forms/21317.pdf",
    "http://settlement.org/ontario/daily-life/transportation/driver-s-licence/is-the-international-driver-s-permit-idp-valid-in-canada/",
    "https://en.wikipedia.org/wiki/Visa_policy_of_Jordan",
    "http://www.dubaifaqs.com/driving-licence-international-dubai.php",
    "https://www.thenational.ae/business/can-dubai-tourists-drive-only-hired-cars-1.137523",
    "http://europeforvisitors.com/europe/driving/international-driving-permit.htm",
    "http://www.swedenabroad.com/en-GB/Embassies/Pretoria/Visit-Sweden/Driving-in-Sweden/",
    "https://www.emirates.com/ae/english/before-you-fly/visa-passport-information/uae-visas/"
  ],
  "snippets": [
    "Useful info on International Driving permit/International Driving Licence/IDP. ... \nYou have not had your licence suspended or cancelled or your visiting driver ..... \nSo you're an Indian National working in Saudi and need an IDP to drive there? .... \nvalid GCC. please let me know, is there any possibility to get a valid oman driving\n\u00a0...",
    "You can opt to get an International Driving Permit (IDP), which provides a \nGerman translation of your licence, but you will still need to carry your foreign \ndriver's\u00a0...",
    "what an International Driving Permit or International Driver's License is, and what \nrights, if any, they ... International Driving Permits and International Driver \nLicenses have come under more intense ... (AAA) and the American Automobile \nTouring .... Ecuador. Egypt. El Salvador. Fiji. Finland. France (inc. Overseas \nTerritories).",
    "Also known as International Driving Permit (IDP), is usually valid for a year in \nmost ... If you will be in Ontario as a visitor for more than 90 days, you might need \nto get ... If you are a temporary resident, such as a foreign student or foreign \nworker,\u00a0...",
    "The visa policy of Jordan deals with the requirements which a foreign national \nwishing to enter Jordan must meet to be permitted to travel to, enter and remain \nin the country. Visitors to Jordan must obtain a visa from one of the Jordanian \ndiplomatic ... However, citizens of Egypt and residence of the Palestinian \nAuthority have\u00a0...",
    "Jul 25, 2010 ... International Driving Permit or License (IDP) in Abu Dhabi, Dubai, UAE \ninformation. ... If you travel to a foreign country, unless you're sure you don't need \nan .... GCC residents who visit the UAE and rent a car were permitted to\u00a0...",
    "Apr 22, 2016 ... ... and would like to lend them my car to drive while I am at work, but I have found \n... It is no longer the case that someone on a visit visa can only drive a rental car. \n... visitor can drive in the UAE if they have an international driving licence. ... (\nThese countries include those in the GCC, Austria, Belgium, Spain,\u00a0...",
    "If you're driving in Europe and you come from outside the EU, get an IDP--but don\n't be taken in by 'International Driver's License' scams.",
    "If your driving licence does not have a photograph, it is only valid together with an \n... >For more information, visit the website of the Swedish Road Administration\u00a0...",
    "Visa, passport and immigration information for entering the UAE. ... As of 29 April \n2016, GCC residence permit holders will need to apply for a UAE visa before \narriving in Dubai. ... A minimum of four international working days prior to arrival \nin Dubai is ... Check-in \u00b7 Manage your booking \u00b7 Chauffeur drive \u00b7 Baggage \u00b7 Visa \n&\u00a0..."
  ],
  "displayUrl": [
    "www.driverabroad.com",
    "www.expatica.com",
    "www.massrmv.com",
    "settlement.org",
    "en.wikipedia.org",
    "www.dubaifaqs.com",
    "www.thenational.ae",
    "europeforvisitors.com",
    "www.swedenabroad.com",
    "www.emirates.com"
  ]
}