{
  "id": "Q302_R79_C6",
  "initial_query": "'USA License' 'Doha' 'USA Driver License' car week days months need visiting rent good",
  "relaxed_query": "'USA License' 'Doha' 'USA Driver License' car week days months need visiting rent good",
  "links": [
    "https://www.onlineqatar.com/living/driving-license-in-qatar.aspx",
    "http://www.driverabroad.com/self-drive/international-driving-permit/",
    "http://www.telegraph.co.uk/expat/before-you-go/moving-guide-10-things-to-know-before-relocating-to-qatar/",
    "http://lifeinqatar.com/en/article/living/getting-around.html",
    "https://www.internations.org/kuwait-city-expats/forum/driving-in-kuwait-1049995",
    "https://www.bali.com/traffic-driving-on-bali-license.html",
    "https://qa.indeed.com/Driver-jobs",
    "https://www.dollaruae.com/index.php/pages/terms",
    "http://www.drivers.com/article/937/",
    "https://travel.state.gov/content/passports/en/country/kuwait.html"
  ],
  "snippets": [
    "But, for individuals planning to reside in Qatar for more than six months, it is \nnecessary to ... With a temporary license you can drive rental cars, although you \nmay not be insured to ... driving license (for those on a short visit of one to two \nweeks) you need to be among .... Good day! i would like to inquire regarding my \nLicence.",
    "Useful info on International Driving permit/International Driving Licence/IDP. \nWhat is an IDP, How to get an IDP, which countries you need them in. ... to visit \nIndia for couple of months, can I drive the car with USA licence, if not what should \nI do. ...... Mogbazar, Tel : +880 2 8311492 ( Office time, 10am \u2013 3pm, weekdays).",
    "Oct 15, 2015 ... With hundreds of expats flooding into Qatar every day, British .... Drivers who hold \nvalid licenses from any country can drive a rented car in Doha for a maximum of a \nweek. After that, you will need to have an International Driver's License ... \nincluding US citizens, have to take a Qatari driving test before taking\u00a0...",
    "Visit Life in Qatar to find comprehensive information about getting a driving ... If \nyou've been in Doha during the summer months, you will already know that ... If \nyou have an International Driving Permit, you can drive a rental car in Qatar for \nup to ... Korea, Spain, Sweden, Switzerland, United Kingdom, USA and Vatican \nCity.",
    "Some of my colleagues have been waiting since 3 months for Kuwait license ... If \nincase you're on visit then you only require the international driving license ... I \nrent a car, and buy insurance at the rental car company,within a few days of my ... \nI got a clearance paper from qatar and also stamped by kuwait embassy in Doha.",
    "Playing it Safe; Bali Driving License; Car Rental. Traffic on Bali. Driving on Bali is \nutterly different from driving in Australia, Europe, USA, Japan ... Good to Know ... \nMost of them these days are automatic, so you don't need to bother with the gears\n. ... If you want to go to the beach, do some shopping, visit some restaurants etc\u00a0...",
    "Jobs 1 - 10 of 347 ... Can speak English With GCC experience Must have existing Residence permit \nwith NOC Familiar with all places in Doha Flexible can work\u00a0...",
    "Please note that driving without a Valid UAE driving license when on residence ... \nto have an International Driving License/Permit prior from arrival to the UAE. ... \nSweden, Switzerland, Turkey, United Kingdom and United States of America, ... \nCredit card should be valid for a minimum of 3 months from the day of rental and\n\u00a0...",
    "Aug 1, 2007 ... Last week moved to Norway for work permanently. ... I was wondering if my \nInternational Licences are good in NC while visiting my family for 5-6 months out \nof the year? .... hi ,i have us driver's license can i use it in the philippines? .... i \nhave pakistani driving licence, coming to uk on visit visa can i hire car.",
    "May 10, 2017 ... International Parental Child Abduction. |. Contact Us \u00b7 U.S. Embassies & \nConsulates Find U.S. Embassies & Consulates \u00b7 Your U.S. Passport."
  ],
  "displayUrl": [
    "www.onlineqatar.com",
    "www.driverabroad.com",
    "www.telegraph.co.uk",
    "lifeinqatar.com",
    "www.internations.org",
    "www.bali.com",
    "qa.indeed.com",
    "www.dollaruae.com",
    "www.drivers.com",
    "travel.state.gov"
  ]
}