{
  "id": "Q302_R74_C5",
  "initial_query": "'Egypitian' license work person visa have visiting drive egyptian",
  "relaxed_query": "'Egypitian' license work person visa have visiting drive egyptian",
  "links": [
    "http://www.newsnow.co.uk/h/World+News/Africa/Egypt",
    "http://english.ahram.org.eg/"
  ],
  "snippets": [
    "Read the latest Egypt headlines, all in one place, on NewsNow: the one-stop ... 7 \nopenings planned for 2018 that GTOs should have on their radar Group Leisure \n00:18 .... Egypt Arrests Seven People for Raising Rainbow Flag at Music Concert \n..... for becoming Israeli citizens without permit Ahram Online 04:36 Sun, 24 Sep.",
    "Ahram Online - News, Business, Culture, Sports & Multimedia from Egypt. ... A \nCairo criminal court has upheld a one year jail sentence for Al-Ahram Arabic \nnews ... Festival, adding that it mirrors the identity crises many young people go \nthrough ... Exploring Cairo: Modernist Egyptian art at the Mahmoud Mokhtar \nMuseum."
  ],
  "displayUrl": [
    "www.newsnow.co.uk",
    "english.ahram.org.eg"
  ]
}