{
  "id": "Q302_R74_C4",
  "initial_query": "'Visa' 'Int' visiting license work residence have visiting guess egyptian",
  "relaxed_query": "'Visa' 'Int' visiting license work residence have visiting guess egyptian",
  "links": [
    "http://www.state.nj.us/mvc/Licenses/LicensesNon-Citizens.htm",
    "https://igoogledisrael.com/can-i-visit-arab-countries-with-an-israeli-visa-stamp-in-my-passport/",
    "https://www.bermuda-attractions.com/bermuda2_00005d.htm",
    "http://www.cic.gc.ca/english/study/study-after.asp",
    "https://blogs.fco.gov.uk/tomfletcher/2012/11/14/top-secret-how-to-get-a-uk-visa/",
    "http://traveltips.usatoday.com/visa-passport-requirements-egypt-21664.html",
    "https://www.careersinpoland.com/article/legal-taxes/how-to-become-a-temporary-resident-in-poland",
    "https://www.nyidanmark.dk/en-us/coming_to_dk/visa/when_is_visa_granted/private_or_tourist_visits.htm",
    "https://andreasmoser.blog/2012/08/23/israeli-passport-stamp/",
    "https://wikitravel.org/en/Egypt"
  ],
  "snippets": [
    "Mar 13, 2017 ... If you are not a U.S. citizen and have recently moved to New Jersey, you must \nhave temporary visa status and fit into one of the following categories ... license \nas proof of driving experience if you have an International Driver Permit ... After \nyou get the permit, visit any Driver Testing Center to take a vision test\u00a0...",
    "Recommended: Check if you need a visa to visit Israel. ... What can give the \ngame away and cause the end of your visit is Egyptian or .... I guess you just can't \nqualify what types of countries hate Israeli visitors and which .... I have a work \nvisa for Afghanistan in my passport as well as resident visa for Kuwait from past \nwork.",
    "Sep 7, 2017 ... So tourists, persons on business and work permit holders from such countries (\nincluding ... Q. \"One is an Egyptian and the other is a national of Philippine. ... If \nyou are a permanent resident of UK and do not hold UK Passport, then you need \nto .... Hi, no you do not need any visa to visit Bermuda as a tourist.",
    "Jul 26, 2017 ... Get a study permit \u2013 Find out what to do after you apply. ... The visa office will \nreview your application to make sure you: ... In this case, you still have temporary \nresident (student) status. ... You need a valid visa or eTA to return, unless you are \ncoming back from a trip where you visited the United States or\u00a0...",
    "Nov 14, 2012 ... I want more Lebanese people to visit the UK, and much of our work is focused on \n..... and the best part is guess what is written on my rejection letter? ... college \nthen to the one i have a cas for and secondly the first interview was in ... Hi can u \nhelp with a visa my partner is from Egypt and wants to come to the\u00a0...",
    "If your visit is for tourist purposes, you can purchase a visa at the Egyptian airport \nthat is ... If you plan to work in Egypt, you need to obtain a work permit. ... We Can \nGuess Your Education Level With This QuizDefinition ... Attribution: AHMED XIV; \nLicense: Creative Commons Attribution-Share Alike 4.0 International license.",
    "Jan 8, 2016 ... Obtaining a visa is usually the first step to legalise your stay in Poland, but it ... It \nalso allows you to visit other Schengen countries for touristic ... able to get a \ntemporary residence card and work permit at the same time. .... Meanwhile I \nfound a job in Poland and start work with this company I guess I can work\u00a0...",
    "It is possible to obtain a visa to visit family and friends, as well as for tourist visits. \n... case if the applicant previously has violated the rules for visa or a residence \npermit, ... Armenia, Azerbaijan, Burma (Myanmar), Burundi, Cameroon, Egypt, \nIvory Coast .... The Danish Immigration Service | The Danish Agency for \nInternational\u00a0...",
    "Aug 23, 2012 ... 2: With an Israeli visa stamp in your passport, you cannot travel to any ..... i have \nmy various EGYPT student residence permit on my passport,i have also visited ... \nmy residence visa since, I am having Israeli work visa on my passport. .... I'd be \nwilling to guess that a Moroccan passport office isn't going to be\u00a0...",
    "Citizens of China (only Hong Kong and Macau SAR) may have a 30 day visit \nwithout visa. ... of a residence permit in Egypt are not required to obtain an entry \nvisa if they ... Cairo International Airport \u2014 the primary entry point and the hub of \nthe ..... This means that many people who work in the service/hospitality industry \ntry to\u00a0..."
  ],
  "displayUrl": [
    "www.state.nj.us",
    "igoogledisrael.com",
    "www.bermuda-attractions.com",
    "www.cic.gc.ca",
    "blogs.fco.gov.uk",
    "traveltips.usatoday.com",
    "www.careersinpoland.com",
    "www.nyidanmark.dk",
    "andreasmoser.blog",
    "wikitravel.org"
  ]
}