{
  "id": "Q302_R79_C5",
  "initial_query": "'USA License' 'Doha' 'USA Driver License' car week vist traffic visiting need qatari legal",
  "relaxed_query": "'USA License' 'Doha' 'USA Driver License' car week vist traffic visiting need qatari legal",
  "links": [
    "https://www.onlineqatar.com/living/driving-license-in-qatar.aspx",
    "https://travel.state.gov/content/passports/en/country/qatar.html",
    "http://lifeinqatar.com/en/article/living/getting-around.html",
    "https://www.justlanded.com/english/Qatar/Qatar-Guide/Travel-Leisure/Driving-rules-and-regulations",
    "http://www.driverabroad.com/self-drive/international-driving-permit/",
    "https://dohanews.co/new-rules-make-it-harder-for-qatar-expats-to-get-drivers-licenses/",
    "https://www.hziegler.com/articles/qatar-faq.html",
    "https://www.gov.uk/guidance/living-in-qatar",
    "https://wwwnc.cdc.gov/travel/destinations/traveler/none/qatar",
    "http://www.expatwoman.com/qatar/monthly_home_car_Drivers_License_6185.aspx"
  ],
  "snippets": [
    "With a temporary license you can drive rental cars, although you may not be \ninsured to ... driving license for a Qatari one at the Medinat Khalifat Traffic \nDepartment, ... driving license (for those on a short visit of one to two weeks) you \nneed to be .... Korea, Spain, Sweden, Switzerland, United Kingdom, USA and \nVatican City.",
    "Sep 14, 2017 ... U.S. Embassy Doha. Al-Luqta District 22nd February Street PO Box 2399. Doha, \nQatar. Telephone +(974) 4496-6000, extension 0 or 6600\u00a0...",
    "Visit Life in Qatar to find comprehensive information about getting a driving ... If \nyou have an International Driving Permit, you can drive a rental car in Qatar for \nup to ... Korea, Spain, Sweden, Switzerland, United Kingdom, USA and Vatican \nCity. ... new driving license, an application has to be made to the Traffic \nDepartment of\u00a0...",
    "Getting a driving licence in Qatar: In Qatar you must be 18 years of age to be \neligible ... The legal age to drive in Qatar is 18, you must have a valid driver's \nlicence, car ... To apply for a temporary licence you must visit the Traffic \nDepartment of the ... Korea, Spain, Sweden, Switzerland, United Kingdom, USA \nand Vatican City.",
    "Useful info on International Driving permit/International Driving Licence/IDP. ... \nthe terms of the 1949 Geneva convention amoxicillin 50mg on traffic and one \nrelating ..... and no photo ID license would I be able to legally drive a car in \nAustralia (WA) ? .... I am visiting USA in New York, I have driving license from \nNepal can you\u00a0...",
    "Feb 1, 2017 ... Some expats have also told Doha News that driving schools have recently ... For \nexample, a mandatory driving test was rolled out for US citizens in 2009. ... a test, \nhowever license-holders should check with the Traffic Department. ... allow the \nQataris to drive their cars in the UK without passing a UK driving\u00a0...",
    "A Qatar driving license is required to drive after your first week in the country. ... \nSee: Traffic in Qatar. ... Doha also has countless cheap, cheerful, and clean \nrestaurants that serve quality food. For around QR20 (US$6) you can enjoy \nArabian grills, local fish, local sweet .... I have friends and family who would like to \nvisit me.",
    "Nov 25, 2013 ... Before coming to Qatar, visit the Health section of our Travel Advice ... The British \nEmbassy Doha cannot issue exit permits for British ... Expatriate workers are \nrequired to have a residence permit in order to ... All persons driving in Qatar are \nrequired to carry a valid driving licence. .... Help us improve GOV.",
    "Jun 13, 2017 ... Check the vaccines and medicines list and visit your doctor (ideally, 4-6 weeks) \nbefore your trip to get vaccines or medicines you may need. ... what you will be \ndoing, and if you are traveling from a country other than the US. ..... for Disease \nControl and Prevention concerning the legal status of any country,\u00a0...",
    "Jun 19, 2017 ... UK, USA & Aus Education Systems Compared .... However, after some time, \nexpats either rent or buy a car. ... Within the week, a temporary driver's licence \ncan be obtained from ... need to apply in person at the Madinat Khalifa Traffic \nDepartment, ... Tags: driving in qatardriving license in dohaqatar license."
  ],
  "displayUrl": [
    "www.onlineqatar.com",
    "travel.state.gov",
    "lifeinqatar.com",
    "www.justlanded.com",
    "www.driverabroad.com",
    "dohanews.co",
    "www.hziegler.com",
    "www.gov.uk",
    "wwwnc.cdc.gov",
    "www.expatwoman.com"
  ]
}