{
  "id": "Q302_R79_C1",
  "initial_query": "'USA License' 'Doha' 'USA Driver License' car week companies visiting need driving legal",
  "relaxed_query": "'USA License' 'Doha' 'USA Driver License' car week companies visiting need driving legal",
  "links": [
    "https://www.onlineqatar.com/living/driving-license-in-qatar.aspx",
    "http://www.driverabroad.com/self-drive/international-driving-permit/",
    "http://www.telegraph.co.uk/expat/before-you-go/moving-guide-10-things-to-know-before-relocating-to-qatar/",
    "https://travel.state.gov/content/passports/en/country/qatar.html",
    "https://www.bls.gov/ooh/transportation-and-material-moving/heavy-and-tractor-trailer-truck-drivers.htm",
    "https://www.justlanded.com/english/United-States/Articles/Travel-Leisure/Car-Rental",
    "http://www.drivers.com/article/937/",
    "https://www.theaa.com/driving-advice/driving-abroad/idp",
    "http://www.drivers.com/article/207/",
    "https://www.hziegler.com/articles/qatar-faq.html"
  ],
  "snippets": [
    "With a temporary license you can drive rental cars, although you may not be \ninsured to drive a privately owned car (as this is decided by the insurance \ncompany, ... To convert a temporary license into a permanent driver's license you \nwill require: ... driving license (for those on a short visit of one to two weeks) you \nneed to be\u00a0...",
    "In my experience your car hire company can usually arrange this for a fee before \nyou arrive ... week I got Australian student visa. so that i have bangladeshi \noriginal driver ..... I am visiting USA in New York, I have driving license from \nNepal can you ..... There is a story here from April which says that a law meaning \nIDP was\u00a0...",
    "Oct 15, 2015 ... Many companies include a school fee allowance in their expat packages, so it's \nworth ... Drivers who hold valid licenses from any country can drive a rented car \nin Doha for a maximum of a week. ... some other nationalities, including US \ncitizens, have to take a Qatari driving test before taking to the roads.",
    "Sep 14, 2017 ... U.S. Embassy Doha. Al-Luqta District 22nd February Street PO Box 2399. Doha, \nQatar. Telephone +(974) 4496-6000, extension 0 or 6600\u00a0...",
    "Most tractor\u2013trailer drivers are long-haul drivers and operate trucks with a gross \n... the combined weight of the vehicle, passengers, and cargo\u2014exceeds 26000\u00a0...",
    "All you need to know for renting a car in the US: Car rental is common in the US, \nas public ... all companies offer special rates, e.g. corporate, 24-hour, weekend, \nweekly, ... You must usually be 21 to rent a car and must have held a licence for a \n... Many rental companies levy a 'young driver' surcharge per day on all drivers\u00a0...",
    "Aug 1, 2007 ... If I drive my friends car in TX USA what will be the ways to get insurance? ... Last \nweek moved to Norway for work permanently. .... and would like to know if I can \ndrive in the uk and if so which car hire companies will allow me to hire from them \n... hi ,i have us driver's license can i use it in the philippines?",
    "Your UK driving licence is all you need in most European countries, but venture \nfurther ... If you do need an IDP, the quickest way of getting one is to visit your \nnearest ... isn't the same as an International Driving Licence (IDL) \u2013 which isn't a \nlegally ... country \u2013 it's recommended or required in around 140, including the \nUSA.",
    "Is it legal for me to drive here while awaiting the reply for my visa extension? ... I \nhave a Baharani Driver License, can I drive in IL, Chicago,U.S.A ? .... I plan to \nvisit korea next week and i plan to self drive in Jeju, i like to know how to apply for \nan ... Do I need an IDP or will my american license suffice to rent a car for a day?",
    "A Qatar driving license is required to drive after your first week in the country. A \nCanadian driver's license is endorsed, so Canadians may apply for a Qatari ... \nDoha also has countless cheap, cheerful, and clean restaurants that serve quality \nfood. For around QR20 (US$6) you can enjoy Arabian grills, local fish, local \nsweet\u00a0..."
  ],
  "displayUrl": [
    "www.onlineqatar.com",
    "www.driverabroad.com",
    "www.telegraph.co.uk",
    "travel.state.gov",
    "www.bls.gov",
    "www.justlanded.com",
    "www.drivers.com",
    "www.theaa.com",
    "www.drivers.com",
    "www.hziegler.com"
  ]
}