{
  "id": "Q302_R74_C2",
  "initial_query": "'RENT' license work visa driving have visiting know egyptian",
  "relaxed_query": "'RENT' license work visa driving have visiting know egyptian",
  "links": [
    "http://www.state.nj.us/mvc/Licenses/Visitors.htm",
    "http://www.driverabroad.com/self-drive/international-driving-permit/",
    "http://www.visitflorida.com/en-us/visitor-services/driving-in-florida-tips-for-visitors-and-vacationers.html",
    "https://new.goisrael.com/FAQ",
    "https://www.massrmv.com/rmv/forms/21317.pdf",
    "https://www.ontario.ca/page/drive-ontario-visitors",
    "https://www.newzealand.com/int/feature/international-driving-licences-and-permits/",
    "http://www.drivers.com/article/937/",
    "https://www.expatica.com/de/moving-to/Exchanging-a-foreign-drivers-licence-in-Germany_107645.html",
    "http://settlement.org/ontario/daily-life/transportation/driver-s-licence/is-the-international-driver-s-permit-idp-valid-in-canada/"
  ],
  "snippets": [
    "Mar 13, 2017 ... Foreign motorists with valid driver licenses from qualifying countries* are free to \ndrive personal or rental cars while visiting the United States as a tourist and are \nadvised to carry an International Driving Permit. ... a period not exceeding one \nyear and are not authorized to work or attend school in the country.",
    "Useful info on International Driving permit/International Driving Licence/IDP. ... i \nam from nepal\u2026i want to get this IDP,,i dont know how to get this out,,,i am in \npotugal .... If you are going to be renting a car though I would suggest you get ..... \nIam an indian working in Uganda. i have an indian driving license. recently i got a\n\u00a0...",
    "To rent a car you must have your driving license, passport and a credit card. The \nminimum age for car hire is 21, but some agencies will charge more for drivers\u00a0...",
    "Everything You Need to Know before Visiting ISRAEL ... You will need a visa for \nJordan and Egypt, but U.S. and Canadian citizens can obtain these at the ... If you \ndon't have an adapter that seems to work, call the hotel's front desk or visit a \nhardware store. ... Your American or Canadian drivers' license is valid in Israel.",
    "what an International Driving Permit or International Driver's License is, and what \n... International Driving Permits and International Driver Licenses have come\u00a0...",
    "Aug 19, 2016 ... Here's what you need to know if you are, or will be, visiting Ontario \u2013 and ... need \nan International Driver's Permit ( IDP ) from your own country.",
    "Put yourself in the driver's seat using the AA's new Visiting Drivers Training \nProgramme ... You can legally drive in New Zealand for up to 12 months if you \nhave either a current driver's licence from your home country or an International \nDriving Permit (IDP). ... The common legal age to rent a car in New Zealand is 21 \nyears.",
    "Aug 1, 2007 ... I'm Egyptian, i have a valid driving license from Egypt do your permit is valid to .... \nwould want to know if I can rent a car to drive in France with that license. ... Hi, I'm \nfrom the Philippines, and I'll be going to Japan and hopefully be ... can I work as a \nbus driver with international driving permit in those country's.",
    "You can opt to get an International Driving Permit (IDP), which provides a \nGerman translation of your licence, but you will still need to carry your foreign \ndriver's\u00a0...",
    "Also known as International Driving Permit (IDP), is usually valid for a year in \nmost countries and can be renewed. ... Immigration & Citizenship \u00b7 Housing \u00b7 \nHealth \u00b7 Employment \u00b7 Education \u00b7 Community ... You must have a valid driver's \nlicence from another country to use an IDP in Canada. ... Visiting or Moving to \nOntario?"
  ],
  "displayUrl": [
    "www.state.nj.us",
    "www.driverabroad.com",
    "www.visitflorida.com",
    "new.goisrael.com",
    "www.massrmv.com",
    "www.ontario.ca",
    "www.newzealand.com",
    "www.drivers.com",
    "www.expatica.com",
    "settlement.org"
  ]
}