{
  "id": "Q302_R79_C4",
  "initial_query": "'USA License' 'Doha' 'USA Driver License' car best passport week get visiting need legal",
  "relaxed_query": "'USA License' 'Doha' 'USA Driver License' car best passport week get visiting need legal",
  "links": [
    "https://travel.state.gov/content/passports/en/country/qatar.html",
    "https://www.onlineqatar.com/living/driving-license-in-qatar.aspx",
    "https://travel.state.gov/content/passports/en/country/kuwait.html",
    "https://www.bali.com/traffic-driving-on-bali-license.html",
    "http://www.driverabroad.com/self-drive/international-driving-permit/",
    "http://lifeinqatar.com/en/article/living/getting-around.html",
    "https://www.nomadicmatt.com/travel-blogs/that-time-i-lost-my-passport/",
    "http://www.drivers.com/article/207/",
    "https://wikitravel.org/en/United_Arab_Emirates",
    "https://www.gov.uk/guidance/living-in-saudi-arabia"
  ],
  "snippets": [
    "Sep 14, 2017 ... Contact Us \u00b7 U.S. Embassies & Consulates Find U.S. Embassies ... BLANK \nPASSPORT PAGES: Minimum of 2. TOURIST VISA REQUIRED: Yes\u00a0...",
    "With a temporary license you can drive rental cars, although you may not be \ninsured to ... Valid Qatar Driving License; Passport-size photos - 2 nos. ... driving \nlicense (for those on a short visit of one to two weeks) you need to be .... All the \nBest. ... Korea, Spain, Sweden, Switzerland, United Kingdom, USA and Vatican \nCity.",
    "May 10, 2017 ... About Us \u00b7 Newsroom \u00b7 Passport Statistics \u00b7 Legal Considerations \u00b7 Find a U.S. \nEmbassy or Consulate \u00b7 Contact Us \u00b7 Careers \u00b7 Consular\u00a0...",
    "Traffic rules, driving license and how to be safe. ... If you have never driven a car \nor scooter in Bali or cities like Jakarta, Bangkok then you might need some time\u00a0...",
    "Useful info on International Driving permit/International Driving Licence/IDP. ... \nDriving Licence/IDP is a grey booklet, a bit like a passport, which allows you to \ndrive ..... and no photo ID license would I be able to legally drive a car in Australia \n(WA) ? .... I am visiting USA in New York, I have driving license from Nepal can \nyou\u00a0...",
    "Visit Life in Qatar to find comprehensive information about getting a driving \nlicense ... the latest communication and navigation systems to give customers the \nbest ... If you have an International Driving Permit, you can drive a rental car in \nQatar for ... Korea, Spain, Sweden, Switzerland, United Kingdom, USA and \nVatican City.",
    "Jun 6, 2011 ... The story of how I lost my passport and how you get a new one when you do. ... \nTake the forms to the US Embassy or Consulate during morning hours. ... See, \nlast weekend I was supposed to fly to New York City for my friend's ...... Luckily we \nhave a police report, copies of our passports, driver's licenses\u00a0...",
    "Is it legal for me to drive here while awaiting the reply for my visa extension? ... I \nhave a Baharani Driver License, can I drive in IL, Chicago,U.S.A ? .... I plan to \nvisit korea next week and i plan to self drive in Jeju, i like to know how to apply for \nan ... Do I need an IDP or will my american license suffice to rent a car for a day?",
    "There is a legal but roundly overlooked requirement to have a license to buy \nalcohol. .... a valid US visa or Green Card do not require an advance visa for visit \npurpose and can ... After Dubai, the airport at Abu Dhabi has the next best \ninternational ... Renting a car or driving in the UAE requires an international \ndriver's license,\u00a0...",
    "Mar 25, 2013 ... The essential regulations, laws and social customs you need to ... Overview; \nPassports in Saudi Arabia; Dual Saudi-British nationality; Visas ... you retain your \nIqama (residency permit) for day to day purposes. ... Women who are travelling \nalone and are not met by sponsors have ..... Help us improve GOV."
  ],
  "displayUrl": [
    "travel.state.gov",
    "www.onlineqatar.com",
    "travel.state.gov",
    "www.bali.com",
    "www.driverabroad.com",
    "lifeinqatar.com",
    "www.nomadicmatt.com",
    "www.drivers.com",
    "wikitravel.org",
    "www.gov.uk"
  ]
}