{
  "id": "Q302_R74_C3",
  "initial_query": "'GCC' 'Qatari' 'Sudani' license work procedure visa can have visiting egyptian",
  "relaxed_query": "'GCC' 'Qatari' 'Sudani' license work procedure visa can have visiting egyptian",
  "links": [
    "https://en.wikipedia.org/wiki/Visa_policy_of_Egypt",
    "http://gulfnews.com/news/gulf/bahrain/bahrain-eases-visa-procedures-for-gcc-residents-1.1848453",
    "https://www.southafrica.to/transport/visa-requirements/visa-requirements.php",
    "http://www.qatarday.com/blog/information/with-qatar-residence-permit-you-can-travel-without/12469",
    "https://www.abudhabi.com/visa-requirements/",
    "http://www.etihad.com/en/before-you-fly/visas/",
    "http://doha.emb.mfa.gov.tr/",
    "http://www.mzv.cz/abudhabi/en/visa_and_consular_information/visas/schengen_visa_requirements/index.html",
    "https://mutiny.wordpress.com/2006/10/13/visa-free-travel-for-indians/",
    "http://uae.mfa.am/en/visa/"
  ],
  "snippets": [
    "Visitors to Egypt must obtain a visa from one of the Egyptian diplomatic missions \nunless they ... In April 2015 Egyptian authorities announced that they have \nreversed the ... Citizens of the following 7 countries and territories may visit Egypt \nwithout a ... Citizens of Turkey can obtain a visa on arrival if provided being aged \n45\u00a0...",
    "Jun 19, 2016 ... Foreigners with valid residence permits can obtain a two-week eVisa granted \nonline. ... Foreigners who have valid residence permits in Kuwait, Oman, Qatar, \nUAE and ... to ease procedures for business people and tourists planning to visit \n... GCC citizens do not need visas to enter Bahrain, one of the most\u00a0...",
    "As a South African, what would you need in order to secure a visa to your chosen \n... South Africans will be given a visa as they enter Qatar, free of charge. ... \nPassport applications used to be a troublesome, long procedure often .... to get \npossible employment then you would need a work permit or a visa for that matter.",
    "Even holders of visas or residence permits of other GCC (Gulf Cooperation \nCouncil) countries can travel to Georgia visa-free for a period of 90 days. They \nget an\u00a0...",
    "... Oman, Kuwait, Qatar and Saudi Arabia, do not require a visa to visit the UAE. \nThe GCC residents who are not the national citizens but are working as ... The \ntravellers can get a Tourist Visa which is valid for 30 days, a Service Visa ... \nPlease fill out the following online form to initiate your Abu Dhabi visa application \nprocess:.",
    "Take advantage of Etihad's visa services to make that trip to the UAE. ... We have \npartnered with TT services to provide you with convenient visa services. ... UAE \nwithout a visa prior to arrival as long as they are carrying a valid passport that will \nnot expire ... Immigration officials may grant a visit visa, which is valid for 30 days,\n\u00a0...",
    "Foreign Minister Mevl\u00fct \u00c7avu\u015fo\u011flu's visit to the USA to attend the 72nd UN ... \nOutsourcing The Reception Of Visa Applications Turkish Embassy In Doha 10.11.",
    "Sep 25, 2012 ... Applicants can apply up to 3 months but no later than 15 days before ... up to 30 \ndays) to obtain a visa after an application has been made. ... 2. a national \npassport with UAE residence permit and the Emirati ID card, ... the period of stay, \npurpose of visit, and financial arrangements shall also be mentioned.",
    "Oct 13, 2006 ... Where all can Indian passport holders travel without applying for a ... Well, it's a \nquestion I have often wondered about. ... If travelling for business purposes visa \ncan be obtained on arrival, ... If visit is solely for touristic purposes visa not \nrequired for a stay ... On arrival a visitor's permit can be obtained for a",
    "Visa. Who needs a visa to travel to Armenia? (click to see the list of countries ... \nList of countries nationals of which could apply for visitor visa only with ... For \nentry a foreigner must have valid passport, entry visa or a document of residency \nstatus unless Armenian laws or international agreements define no other \nprocedure."
  ],
  "displayUrl": [
    "en.wikipedia.org",
    "gulfnews.com",
    "www.southafrica.to",
    "www.qatarday.com",
    "www.abudhabi.com",
    "www.etihad.com",
    "doha.emb.mfa.gov.tr",
    "www.mzv.cz",
    "mutiny.wordpress.com",
    "uae.mfa.am"
  ]
}