{
  "id": "Q302_R79_C2",
  "initial_query": "'USA License' 'Doha' 'USA Driver License' car week get visiting need legal",
  "relaxed_query": "'USA License' 'Doha' 'USA Driver License' car week get visiting need legal",
  "links": [
    "https://www.onlineqatar.com/living/driving-license-in-qatar.aspx",
    "https://travel.state.gov/content/passports/en/country/qatar.html",
    "http://www.driverabroad.com/self-drive/international-driving-permit/",
    "https://www.bali.com/traffic-driving-on-bali-license.html",
    "http://www.telegraph.co.uk/expat/before-you-go/moving-guide-10-things-to-know-before-relocating-to-qatar/",
    "http://lifeinqatar.com/en/article/living/getting-around.html",
    "https://dohanews.co/new-rules-make-it-harder-for-qatar-expats-to-get-drivers-licenses/",
    "http://www.drivers.com/article/207/",
    "https://www.justlanded.com/english/United-States/Articles/Travel-Leisure/Car-Rental",
    "http://www.drivers.com/article/937/"
  ],
  "snippets": [
    "With a temporary license you can drive rental cars, although you may not be \ninsured to ... You have to pay a nominal fee and register for the test. ... non-Qatari \ndriving license (for those on a short visit of one to two weeks) you need to be .... \nSouth Korea, Spain, Sweden, Switzerland, United Kingdom, USA and Vatican \nCity.",
    "Sep 14, 2017 ... Contact Us \u00b7 U.S. Embassies & Consulates Find U.S. Embassies & Consulates \u00b7 \nYour U.S. Passport ... TOURIST VISA REQUIRED: Yes\u00a0...",
    "Useful info on International Driving permit/International Driving Licence/IDP. ... \nWhat are my chances of being able to drive in Australia for a week, with my \nIndian ... that is legal or do i need to get any other permit so that i can use a rental \ncar when i ..... I am visiting USA in New York, I have driving license from Nepal \ncan you\u00a0...",
    "Traffic rules, driving license and how to be safe. ... If you have never driven a car \nor scooter in Bali or cities like Jakarta, Bangkok then you might need some time\u00a0...",
    "Oct 15, 2015 ... My first week in Qatar is a permanent fixture in my memory, .... from any country \ncan drive a rented car in Doha for a maximum of a week. After that, you will need \nto have an International Driver's License (IDL). ... As an aside - if you're frightened \nat the prospect of driving on Doha's roads (most of us are) I\u00a0...",
    "Visit Life in Qatar to find comprehensive information about getting a driving ... If \nyou've been in Doha during the summer months, you will already know that ... If \nyou have an International Driving Permit, you can drive a rental car in Qatar for \nup to ... Korea, Spain, Sweden, Switzerland, United Kingdom, USA and Vatican \nCity.",
    "Feb 1, 2017 ... Five things to do in Qatar this weekend (Sept. ... Some expats have also told \nDoha News that driving schools have recently ... For example, a mandatory \ndriving test was rolled out for US citizens in 2009. ... Meanwhile, transfers of \nownership \u2013 which reflect the state of the second-hand car market \u2013 were\u00a0...",
    "Is it legal for me to drive here while awaiting the reply for my visa extension? ... I \nhave a Baharani Driver License, can I drive in IL, Chicago,U.S.A ? .... I plan to \nvisit korea next week and i plan to self drive in Jeju, i like to know how to apply for \nan ... Do I need an IDP or will my american license suffice to rent a car for a day?",
    "All you need to know for renting a car in the US: Car rental is common in the US, \n... You should also have an International Driver's Permit (IDP), which must be \nused in ... charged the full daily rate for each day over a full week you have the \ncar. ... the season, the size of the town and the popularity of the local tourist \nattractions.",
    "Aug 1, 2007 ... ... Driving licence.If I drive my friends car in TX USA what will be the ways to get \ninsurance? ... Last week moved to Norway for work permanently. How long I .... hi \n,i have us driver's license can i use it in the philippines? Sham, .... i have \npakistani driving licence, coming to uk on visit visa can i hire car. JUDY,."
  ],
  "displayUrl": [
    "www.onlineqatar.com",
    "travel.state.gov",
    "www.driverabroad.com",
    "www.bali.com",
    "www.telegraph.co.uk",
    "lifeinqatar.com",
    "dohanews.co",
    "www.drivers.com",
    "www.justlanded.com",
    "www.drivers.com"
  ]
}