{
  "id": "Q303_R7_C4",
  "initial_query": "'Qatar' 'Doha' 'Pampered Pets' hello cat family please be know does great",
  "relaxed_query": "'Qatar' 'Doha' 'Pampered Pets' hello cat family please be know does great",
  "links": [
    "https://www.expedia.com/Doha-Hotels-Pet-Friendly-Hotel.0-0-d1048-tPetfriendlyHotel.Travel-Guide-Filter-Hotels",
    "http://www.nationalreview.com/corner",
    "https://www.worldremit.com/",
    "http://www.petsathome.com/shop/en/pets/small-pet/guinea-pig",
    "https://www.vrbo.com/96356",
    "http://www.businessinsider.com/valentines-day-gifts-for-women-2017",
    "http://www.dailymail.co.uk/news/article-2942554/The-dog-thinks-s-human-Rupert-Whippet-poses-running-bath-dressing-gown-doing-ironing-fixing-car-series-hilarious-pictures.html",
    "https://dohanews.co/qatar-animal-shelters-appeal-for-help-after-flooding/",
    "http://www.greataupair.com/Hire_Nanny_Babysitter/Aupair_Tutor_Housekeeper/Arabic-L.htm",
    "http://www.boots.com/soap-and-glory"
  ],
  "snippets": [
    "Browse 127 Pet-friendly Hotels in Doha & save money with our Expedia ... Hello, '\ns Account .... The hotel spa was very well equipped and offered great ammenities\n! .... a stash of catnip in tow, you can take your family getaway to a whole new \nlevel. ... we feature an impressive selection of cat and dog-friendly hotels in Doha\n.",
    "18 hours ago ... But the upshot is that the Centre has not held and will not hold in ... but who can't \nbe moved by the prospect of his family destroyed and his .... such a degree of \ntemporal prosperity as he alone knows to be best. .... Please try again later. ..... \nexemplary model sportsmen, but rather as overpaid and pampered.",
    "Online Money Transfer to friends and family abroad with WorldRemit. You can \nnow send money easily & securely with guaranteed exchange rates and low fees\n.",
    "Guinea Pig. Guinea pigs are cute and cuddly pets, and can be the perfect for \nyounger children. Make sure your Guinea pig has all it needs with the great \nrange\u00a0...",
    "Ranch Home, 2 Bedrooms, 1 Bath, Sleeps up to 5, Pet friendly, WIFI, Hot Tub, AC \n... Best views of any Vacation Home in the whole Abiquiu area! View of the\u00a0...",
    "Feb 12, 2017 ... You can also check out Insider Picks' Valentine's Day gift ideas for guys here. ... \nThe Dancing Cat Main Squeeze Chubby Cat Card, $5 ... Find out everything you \nneed to know before buying an engagement ring here. ... Hello Fresh ... Jo \nMalone's fancy scent diffusers are great gifts for girlfriends, wives, and\u00a0...",
    "Feb 6, 2015 ... The incredible balancing dog: Brac the border collie can. .... looks like he is \nconcentrating on the job, like he knows what he is doing. ... Rupert shows off his \nmusical talents as he sits in the family's piano stool ... The pampered pooch sits \nbehind his desk wearing a white coat and red bow ..... Hello sunshine!",
    "Nov 26, 2015 ... The shelter, which houses 160 dogs and 130 cats, is appealing for donations .... If \nyou have brought your pets to Qatar, you are already aware of the likely costs ..... \nI may not get a thanks but they do not know me...the staff at QAWS do know ... Be \nnice to animals all you like; that's great, be just as nice to the\u00a0...",
    "Pet Sitter in Beirut, Beyrouth, Lebanon looking for a job: 2531177 ... Hello dear \nhost family, I am a lovely well behaved person, who loves to try ... To dearest host \nfamily i will do my best to make you comfortable and happy .... part.but if you act \nlike the oneeved me in an instant they will pampered you ..... Al Mansurah, Qatar.",
    "We use cookies to provide you with the best experience on our site. If you \ncontinue shopping with us we'll assume that you're happy to receive cookies. \nFind out\u00a0..."
  ],
  "displayUrl": [
    "www.expedia.com",
    "www.nationalreview.com",
    "www.worldremit.com",
    "www.petsathome.com",
    "www.vrbo.com",
    "www.businessinsider.com",
    "www.dailymail.co.uk",
    "dohanews.co",
    "www.greataupair.com",
    "www.boots.com"
  ]
}