{
  "id": "Q303_R7_C2",
  "initial_query": "'Qatar' 'Doha' 'Paul Hensen' hello family please vacation call re be reliable",
  "relaxed_query": "'Qatar' 'Doha' 'Paul Hensen' hello family please call re be reliable",
  "links": [
    "https://www.dia.govt.nz/diawebsite.nsf/wpg_URL/Services-Anti-Spam-Email-Scams-September-2015?OpenDocument",
    "http://web.mit.edu/adamrose/Public/googlelist",
    "http://www.tuttiicognomi.com/italiano-russo/czek1-5.htm"
  ],
  "snippets": [
    "Note that you have to call Mr. Elvis Bowie (+44-793-743-8600) before ... Please \nrespond for further details.email: irvin.harry @ yahoo.com.hk ... THAT YOU \nCONSIDER IT AS A REQUEST FROM A FAMILY IN DARE NEED OF \nASSISTANCE. ..... Subject: Re:Your Overdue Payment. Hello We are glad to \ninform you that your\u00a0...",
    "... e when contact here business who web also now help m re get pm view online \nfirst ... shipping reserved subject between forum family long based code show \neven ... cases step engineering florida simple quick none wireless license paul \nfriday .... professionals appears carry flag nj decided hello covers advantage \ndesigns\u00a0...",
    "Dizionario vocabolario di Italiano Russo, manuale pratico per viaggio, alloggio e \nristorazione in Russia."
  ],
  "displayUrl": [
    "www.dia.govt.nz",
    "web.mit.edu",
    "www.tuttiicognomi.com"
  ]
}