{
  "id": "Q303_R23_C1",
  "initial_query": "'QAWS' qatar chance life i want find adopt i",
  "relaxed_query": "'QAWS' qatar chance life i want find adopt i",
  "links": [
    "https://pt-br.facebook.com/qaws.org/",
    "https://de-de.facebook.com/qaws.org/",
    "https://pawsrescueqatar.org/",
    "https://medium.com/dohanews/qatar-airways-asked-to-make-flying-with-pets-more-affordable-cd6436d42e35",
    "https://it-it.facebook.com/qaws.org/",
    "http://www.expatwoman.com/qatar/monthly_news_QAWS_7926.aspx",
    "https://ar-ar.facebook.com/qaws.org/",
    "http://www.mustlovedust.com/2012/06/27/adopting-a-dog/",
    "https://dohanews.co/qatar-animal-shelter-seeks-donations-after-rain-ruins-facilities/",
    "https://ko-kr.facebook.com/qaws.org/"
  ],
  "snippets": [
    "Qatar Animal Welfare Society (QAWS), Mukaynis, Ad Daw\u1e29ah, Qatar. ... We meet \nLisa today and we were amazed by her strength, walking 3-4 ... everybody first to \nlook there and give a pet another chance of a good life .... Qaws is a very worthy \nanimal rescue, helping the abandoned animals of Qatar, but in dire need of\u00a0...",
    "Qatar Animal Welfare Society (QAWS), Mukaynis, Ad Daw\u1e29ah, Qatar. ... We meet \nLisa today and we were amazed by her strength, walking 3-4 ... everybody first to \nlook there and give a pet another chance of a good life .... Qaws is a very worthy \nanimal rescue, helping the abandoned animals of Qatar, but in dire need of\u00a0...",
    "PAWS is a non-profit animal rescue and shelter dedicated to providing a safe ... \nWe have some wonderful animals that are just waiting to find their forever home. \n... organisation such as Paws Rescue Qatar means we're always in need (and \nvery ... thousands of animal lovers living in Doha walk through our doors each \nyear.",
    "Sep 13, 2017 ... The organizations \u2014 2nd Chance Rescue Qatar, QAWS, Dogs In Doha, ... don't \nwant to pay high transport fees will leave their dogs behind. ... situations they find \nthemselves because of humans in the first place.\u201d ... Covering breaking news, \npolitics, business, culture and life in and around Qatar since 2009.",
    "Qatar Animal Welfare Society (QAWS), Mukaynis, Ad Daw\u1e29ah, Qatar. ... Paws \nRescue Qatar ... Thank you for taking care of so many animals who need shelter, \nattention, care ... We meet Lisa today and we were amazed by her strength, \nwalking 3-4 ... everybody first to look there and give a pet another chance of a \ngood life.",
    "Jun 19, 2017 ... 2nd Chance Rescue was founded in 2009 to provide a new start for some of ... \nworkers, who care for the dogs and prepare them for their fresh start in life. ... \nWhile we want all our dogs to find secure and loving homes as quickly ... to pet \nadoption, please contact QAWS (Qatar Qatar Animal Welfare Society)",
    "Qatar Animal Welfare Society (QAWS)    ,     Mukaynis, Ad Daw\u1e29ah, Qatar    . ... \nPaws Rescue Qatar ... Thank you for taking care of so many animals who need \nshelter, attention, ... We meet Lisa today and we were amazed by her strength, \nwalking 3-4 ... everybody first to look there and give a pet another chance of a \ngood life.",
    "Jun 27, 2012 ... There are three main rescue centres in Qatar. ... If you wish to get in touch with \n2nd Chance Rescue, the best way to do it is via their Facebook\u00a0...",
    "Nov 27, 2016 ... ... living on site and left other buildings badly damaged, QAWS said. ... Storage \nfacilities will need to be rebuilt before they can start accepting in-kind donations. \n... QAWS is also looking for additional foster homes for some of its cats and ... \nMeanwhile, another of Qatar's animal charities, 2nd Chance Rescue,\u00a0...",
    "Qatar Animal Welfare Society (QAWS), Mukaynis, Ad Daw\u1e29ah, Qatar. ... Paws \nRescue Qatar ... Thank you for taking care of so many animals who need shelter, \nattention, care ... We meet Lisa today and we were amazed by her strength, \nwalking 3-4 ... everybody first to look there and give a pet another chance of a \ngood life."
  ],
  "displayUrl": [
    "pt-br.facebook.com",
    "de-de.facebook.com",
    "pawsrescueqatar.org",
    "medium.com",
    "it-it.facebook.com",
    "www.expatwoman.com",
    "ar-ar.facebook.com",
    "www.mustlovedust.com",
    "dohanews.co",
    "ko-kr.facebook.com"
  ]
}