{
  "id": "Q303_R7_C5",
  "initial_query": "'Qatar' 'Doha' 'Calle Poppy' hello family please janet be re know reliable",
  "relaxed_query": "'Qatar' 'Doha' 'Calle Poppy' hello family please janet be re know reliable",
  "links": [
    "https://www.topcoder.com/contest/problem/Enigma/words.txt",
    "http://www.ideadiez.com/"
  ],
  "snippets": [
    "... 4578 WENT 4533 COMPANY 4497 AGAINST 4495 FAMILY 4462 THOUGH \n4413 ... SET 2765 SIX 2763 HELP 2756 TELL 2750 LIVE 2708 JOB 2705 \nSEVERAL ... 1118 RE 1117 PICK 1117 SAN 1113 CALIFORNIA 1113 \nMICROSOFT 1112 ... 771 FEELING 771 CHARGES 771 TRIP 770 PLEASE 770 \nBUILD 770 W 769\u00a0...",
    "... year down even know too those get go see does going here yes government \nmuch ... though whether family anything door problems hand car problem until \nduring ... movement security recently performance please questions human \nanalysis .... rome involves philosophy determine catch tired literary defendant \nhello rapid\u00a0..."
  ],
  "displayUrl": [
    "www.topcoder.com",
    "www.ideadiez.com"
  ]
}