{
  "id": "Q306_R20_C8",
  "initial_query": "'Experience' 'NHA License' 'NHA' hello validity guys..i licensure want required take necessary",
  "relaxed_query": "'Experience' 'NHA License' 'NHA' hello validity guys..i licensure want required take necessary",
  "links": [
    "https://www.indeed.com/forum/job/pharmacy-technician/Could-person-become-pharmacy-tech-just-taking-test/t344982",
    "https://www.amazon.com/Licensing-Review-Guide-Nursing-Administration/dp/0826107060",
    "https://www.indeed.com/forum/job/pharmacy-technician/DO-NOT-ENROLL-PHARMACY-TECH-SCHOOLS-WASTE-TIME/t125061",
    "https://www.amazon.com/Nursing-Administration-Sixth-James-Allen/dp/0826107044",
    "https://www.nomadasaurus.com/buying-motorbike-southeast-asia/",
    "http://militaryoneclick.com/trump-administration-deletes-joining-forces-page/",
    "https://forum.joomla.org/viewtopic.php?t=528758",
    "http://www.nursingald.com/uploads/publication/pdf/1264/CO11_15.pdf",
    "http://www.charterschoolwatchdog.com/man-hate-it-when-this-happens.html",
    "https://offroadvietnam.com/motorbike-tours/unguided"
  ],
  "snippets": [
    "Jealous Guy in Edinburg, Texas ... Some states do require you to take a training \nprogram, like Florida. ... at: www.nhanow.com/pharmacy-technician/requirements\n.aspx .... job in retail pharmacy if some places want experience or tech license? ... \nState Board of Pharmacy with all the necessary paperwork, etc.",
    "The Licensing Exam Review Guide in Nursing Home Administration, 6th ... to \ntake the national licensing exam or a current licensed administrator needing a ... \nAdministration, 6th Edition by James E. Allen PhD MSPH NHA IP Paperback \n$60.00 ..... Need to make sure you have the book to go along with the test \nquestions or\u00a0...",
    "I went to pharmacy tech school in WA, and there you need to be schooled. ... \nHello guys from over the other side of the pond, Does the US have an .... borad \ntest as well as a nha exam. i am not having any luck finding my first job. i am .... \nAgain, to get licensed.. i highly recommend that you take PTCB exam..",
    "The Licensing Exam Review Guide in Nursing Home Administration, 6th ... Sixth \nEdition by James E. Allen PhD MSPH NHA IP Paperback $110.00 ... He has 30-\nplus years of experience in teaching and conducting research in .... Although this \nbook covers much more than what you need to know for the .... Designer Men's",
    "Mar 5, 2015 ... For those that want to do it themselves, here is our guide on buying a motorbike \nin ... Buying a brand new motorbike in Southeast Asia may require a lot of \npaperwork. ... Lesh's trusty Honda Win outside of Nha Trang in Vietnam. ... you \nunless you have a valid licence accepted in the country you are riding in.",
    "Jan 20, 2017 ... You people need to give him time, we did Obama but all he done was .... Give the \nPresudent time to make necessary changes!!! ... Taking already approved \ndisabilities away from veterans, to not .... It's time to put on our big girl panties & \ngive the guy a chance. .... A selfish man with no political experience!",
    "Are removed menu items be retained in the database for future use? ... I \nunderstand the concept and will perform the necessary steps to clean up. ... I \nhave a menu item like \"About us\" under main menu and also need same .... Hello \nGuys, this is my first post on this forum but I've got solution for \"kazal,\u00a0...",
    "Nov 4, 2015 ... Colorado Nurse, I want to ... will need to be considered when change in care ... \nColorado Nurses Foundation wants to hear from you and ... Words that mean \nboth hello ... valid reasons. .... professional licensing matters, investigations, \nBoard of ..... Previous teaching experience preferred but not necessary.",
    "Turkish administrators trying to get around legal green card requirements. ... \nSagnak is the guy who was the Director/Dean of Acdemics/Science Teacher at ... \nand that he had a valid license from the Ohio Department of Education to teach in \nOhio ... Candidates must possess minimum requirements necessary for licensure\n.",
    "However, you need to manage everything on your own. If you love .... First, none \nof the foreign licenses is valid in Vietnam, including your country license."
  ],
  "displayUrl": [
    "www.indeed.com",
    "www.amazon.com",
    "www.indeed.com",
    "www.amazon.com",
    "www.nomadasaurus.com",
    "militaryoneclick.com",
    "forum.joomla.org",
    "www.nursingald.com",
    "www.charterschoolwatchdog.com",
    "offroadvietnam.com"
  ]
}