{
  "id": "Q306_R20_C6",
  "initial_query": "'Experience' 'NHA License' 'NHA' hello job guys..i licensure want required take necessary",
  "relaxed_query": "'Experience' 'NHA License' 'NHA' hello job guys..i licensure want required take necessary",
  "links": [
    "https://www.indeed.com/forum/job/pharmacy-technician/Could-person-become-pharmacy-tech-just-taking-test/t344982",
    "https://www.amazon.com/Licensing-Review-Guide-Nursing-Administration-ebook/dp/B004U9N9R8",
    "https://www.indeed.com/forum/job/phlebotomist/Getting-started-after-receiving-Phlebotomy-certificate/t81065/p3",
    "https://www.amazon.com/Licensing-Review-Guide-Nursing-Administration/dp/0826107060",
    "https://www.indeed.com/forum/job/pharmacy-technician/CPhT-Frustrated-Disappointed/t468589",
    "https://www.amazon.com/Nursing-Administration-Sixth-James-Allen/dp/0826107044",
    "https://www.indeed.com/forum/job/nursing-home-administrator/Boom-bust/t804/p3",
    "http://www.rigbook.co.uk/hello-world/",
    "https://www.nomadasaurus.com/buying-motorbike-southeast-asia/",
    "https://www.assisted-living-directory.com/content/howto.cfm"
  ],
  "snippets": [
    "Jealous Guy in Edinburg, Texas ... Some states do require you to take a training \nprogram, like Florida. ... at: www.nhanow.com/pharmacy-technician/requirements\n.aspx. This link includes certification, training, license/registration and .... to get a \njob in retail pharmacy if some places want experience or tech\u00a0...",
    "Editorial Reviews. From the Back Cover. 10. About the Author. James E. Allen, \nPhD, MSPH, ... \"This is an excellent tool for anyone preparing to take the national \nlicensing exam or a ... Nursing Home Federal Requirements, 8th Edition: \nGuidelines to Surveyors and ..... James E. Allen PhD MSPH NHA IP ... Designer \nMen's",
    "I started the job search before school and I am continuing the search. .... But I \nhope this info helps you guys. ... Hello i am mark brookly from Florida USA,when i \nwas in need of a loan of ... I am NHA certified in Phlebotomy since Dec. ... to \nobtain the necessary experience, even if it is on a volunteer basis.",
    "The Licensing Exam Review Guide in Nursing Home Administration, 6th ... to \ntake the national licensing exam or a current licensed administrator needing a ... \nAdministration, 6th Edition by James E. Allen PhD MSPH NHA IP Paperback \n$60.00 ..... Need to make sure you have the book to go along with the test \nquestions or\u00a0...",
    "I have several years of work experience, some education, a solid and ... My class \nincluded 9 girls, and 2 guys, we're all friends on Facebook, how many of them ..... \nAnd all you need to do for your license is apply....that is ALL! ... 1) its not \nnecessary to have it to get an entry level job 2)your ... Hello Ashley!",
    "The Licensing Exam Review Guide in Nursing Home Administration, 6th ... Sixth \nEdition by James E. Allen PhD MSPH NHA IP Paperback $110.00 ... He has 30-\nplus years of experience in teaching and conducting research in .... Although this \nbook covers much more than what you need to know for the .... Designer Men's",
    "If you want to come visit my facility to find out what it takes to be ... I have health \ncare experience in the hospital and nursing home in the past. ... they own internal \nrecruiting staff that they don't need to use recruiters. ..... Well, I got my NHA \nlicense while working for a nursing home chain and ... Hello everyone!",
    "Mar 7, 2016 ... Required fields are marked *. Comment. Name *. Email *. Website. Notify me of \nfollow-up comments by email. Notify me of new posts by email.",
    "Mar 5, 2015 ... For those that want to do it themselves, here is our guide on buying a ... Another \nthing to keep in mind is licensing. ... Buying a brand new motorbike in Southeast \nAsia may require a lot of ... Lesh's trusty Honda Win outside of Nha Trang in \nVietnam. ... Keep reading: Overland Australia Travel Experience.",
    "Of course, anyone who has had experience with opening a facility is ... you will \nneed to consider the licensing requirements as you develop your facility. Once \nyou have an idea on what it will take to get your license, you may need to \ndevelop ..... hello my name is Stephanie I would like to open an inhome alf I`m in \nflorida if\u00a0..."
  ],
  "displayUrl": [
    "www.indeed.com",
    "www.amazon.com",
    "www.indeed.com",
    "www.amazon.com",
    "www.indeed.com",
    "www.amazon.com",
    "www.indeed.com",
    "www.rigbook.co.uk",
    "www.nomadasaurus.com",
    "www.assisted-living-directory.com"
  ]
}