{
  "id": "Q306_R20_C4",
  "initial_query": "'Experience' 'NHA License' 'NHA' hello guys..i licensure work want required take necessary",
  "relaxed_query": "'Experience' 'NHA License' 'NHA' hello guys..i licensure work want required take necessary",
  "links": [
    "https://www.indeed.com/forum/job/pharmacy-technician/Could-person-become-pharmacy-tech-just-taking-test/t344982",
    "https://www.ndls.ie/images/Documents/DrivingLicence/driver-licensing-in-ireland-a-guide.pdf",
    "https://www.indeed.com/q-Nursing-Home-Administrator-jobs.html",
    "http://www.innerbody.com/careers-in-health/how-to-become-a-medical-office-assistant.html",
    "https://en.wikipedia.org/wiki/General_contractor",
    "https://www.amazon.com/Licensing-Review-Guide-Nursing-Administration-ebook/dp/B004U9N9R8",
    "http://www.ey.com/Publication/vwLUAssets/Doing_Business_in_Vietnam/$FILE/Doing_Business_in_Vietnam_16000319.pdf",
    "https://www.amazon.com/Licensing-Review-Guide-Nursing-Administration/dp/0826107060",
    "https://www.bls.gov/ooh/healthcare/phlebotomists.htm",
    "https://www.amazon.com/Nursing-Administration-Sixth-James-Allen/dp/0826107044"
  ],
  "snippets": [
    "Jealous Guy in Edinburg, Texas ... Some states do require you to take a training \nprogram, like Florida. ... \"Effective January 1, 2011, any person who wishes to \nwork as a ... at: www.nhanow.com/pharmacy-technician/requirements.aspx .... in \nretail pharmacy if some places want experience or tech license?",
    "Driver Licensing in Ireland. A GUIDE .... You want to apply to take a practical \ndriving test. You may also ... not necessary if you are supplying a medical report \n... Normally, you do not need to visit an NDLS office in subsequent licensing \ntransactions, as your ... are working or studying abroad but have family in Ireland, \nyou may.",
    "Jobs 1 - 10 of 2458 ... 2458 Nursing Home Administrator Jobs available on Indeed.com. ... Experienced \nNursing Home Administrator (NHA) ... Looking for Fulltime Nursing Home \nAdministrator for a 99 bed SNF to work with a caring ... A nursing home \nadministrator license may be required. ... What is the interview process like?",
    "Mar 14, 2017 ... Explore education and training requirements, certification, salary and ... In \nsmaller practices, an MOA may take patients to their exam rooms, ... Licensing \nand/or Certification ... Over time, experienced people in the pyramid need to \nleave work ... If you would like to gain the necessary education to become a\u00a0...",
    "A general contractor (main contractor, prime contractor) is responsible for the day\n-to-day ... Licensing requirements to work legally on construction projects vary \nfrom locale to ... While gaining work experience, they learn about different \naspects of ... and may learn the management skills they need to run their own \ncompany.",
    "Editorial Reviews. From the Back Cover. 10. About the Author. James E. Allen, \nPhD, MSPH, ... \"This is an excellent tool for anyone preparing to take the national \nlicensing exam or a ... Nursing Home Federal Requirements, 8th Edition: \nGuidelines to Surveyors and ..... James E. Allen PhD MSPH NHA IP ... Designer \nMen's",
    "any other member of the Ernst & Young Global Limited can accept any \nresponsibility ... or planning to do so, are advised to obtain current and specific \ninformation from experienced professionals. ... C.7 - Investment licensing/\nCertification. 49 ...... The work permit is separate from and in addition to the need \nfor a valid visa. The.",
    "The Licensing Exam Review Guide in Nursing Home Administration, 6th ... to \ntake the national licensing exam or a current licensed administrator needing a ... \nAdministration, 6th Edition by James E. Allen PhD MSPH NHA IP Paperback \n$60.00 ..... Need to make sure you have the book to go along with the test \nquestions or\u00a0...",
    "Some explain their work to patients and provide assistance when patients have \nadverse reactions after their ... Work Experience in a Related Occupation, None.",
    "The Licensing Exam Review Guide in Nursing Home Administration, 6th ... Sixth \nEdition by James E. Allen PhD MSPH NHA IP Paperback $110.00 ... He has 30-\nplus years of experience in teaching and conducting research in .... Although this \nbook covers much more than what you need to know for the .... Designer Men's"
  ],
  "displayUrl": [
    "www.indeed.com",
    "www.ndls.ie",
    "www.indeed.com",
    "www.innerbody.com",
    "en.wikipedia.org",
    "www.amazon.com",
    "www.ey.com",
    "www.amazon.com",
    "www.bls.gov",
    "www.amazon.com"
  ]
}