{
  "id": "Q308_R32_C2",
  "initial_query": "'Lehnga' 'Doha' 'India' wedding hi outfit anyone wedding comes knew brought",
  "relaxed_query": "'Lehnga' 'Doha' 'India' wedding hi outfit anyone wedding comes knew brought",
  "links": [
    "https://www.preownedweddingdresses.com/sell-wedding-dress",
    "http://www.andaazfashion.com/",
    "https://www.pinterest.com/sonamika_bishno/party-dresses/",
    "https://www.cbazaar.com/men/clothing/sherwanis",
    "https://www.pinterest.com/natashakhnk/bridal/",
    "https://www.pinterest.co.uk/Solicirene12/indian-weddings/",
    "https://www.yelp.com/biz/taal-boutique-and-bridal-sunnyvale-3",
    "https://www.pinterest.co.uk/sarahkhan4/buff-stuff/",
    "https://dubai.dubizzle.com/classified/clothing-accessories/",
    "https://www.pinterest.co.uk/nidhimanocha/look/"
  ],
  "snippets": [
    "We'll help you sell your wedding dress, fast. With thousands of buyers, top google \nrankings & sophisticated scam filtering, sell your gown and recoup some cost.",
    "Buy Latest Indian Dresses Online, Wedding Pakistani Dress, Indian Ethnic ... \nAsian Wedding Outfits, Anarkali Salwar Suits, Jewelry and Lehengas Collection \nat\u00a0...",
    "See more ideas about Indian dresses, Indian weddings and Groom outfit. ... 15 \nPetite Style Charts With Fashion Tips Every Short Girl Must Know ... Buy the best \nIndian bridal lehengas online for your marriage or vivah. ... Uzma Babar Bridal \nCollection at International Fashion Festival Doha ...... High Fashion Pakistan.",
    "The Grand Sherwani. If there's one outfit for men that bleeds absolute traditional \nethnic elegance, its the sherwani. The rising popularity of sherwanis in Indian\u00a0...",
    "pakistani bridal wear, outfit for Nikkah, Pakistani wedding dress, pakistani ... \nAnyone know the designer! ... Javeriya Hanif for Momina Teli S/S 2016 (Desi \nBridal Shaadi Indian Pakistani Wedding Mehndi Walima Lehenga ..... PFW Doha \n2015 .... Dresses Dresses_Special Occasion Dresses_Buy High Quality Dresses \nfrom\u00a0...",
    "Explore Irene Solis's board \"Indian Weddings\" on Pinterest. | See more ideas \nabout Indian dresses, Indian wear and Indian outfits.",
    "30 reviews of Taal Boutique & Bridal \"Par the owner is very sweet and really \ntakes ... \u201cNot only did this stores owner know what we needed, she helped us pin \nthe sari ... them on Yelp for the sharp contrast in experience from any other Indian \nstore. ... They did have some nice outfits & lehngas, the gentleman that was there,\n\u00a0...",
    "See more ideas about Bridal dresses, Indian dresses and Indian fashion. ... and \nblack lengha - Indian model - Indian couture - Indian wedding - Indian bride ... \nAlthough, would prefer having this as an anarkali instead of a high low dress! ...... \nMore from Mercedes Benz pakistan fashion week Doha. .... Smaller trail anyone?",
    "Clothing & Accessories   >   Wedding Apparel   >   Women .... Indian and \nPakistani clothes - size medium. AED 40 .... Costume Kitten costume for baby girl \nsize 18 .",
    "See more ideas about Indian dresses, Indian outfits and Indian wear. ... 10 Jaw-\nDroppingly Beautiful Wedding Dresses To Obsess Over! ... What a gorgeous \nplain black lehenga with that beige latkans. .... be taken before adopting such \nhairstyles, as due to it's high static charge, it will cause phlegm to move up in the \nthroat,\u00a0..."
  ],
  "displayUrl": [
    "www.preownedweddingdresses.com",
    "www.andaazfashion.com",
    "www.pinterest.com",
    "www.cbazaar.com",
    "www.pinterest.com",
    "www.pinterest.co.uk",
    "www.yelp.com",
    "www.pinterest.co.uk",
    "dubai.dubizzle.com",
    "www.pinterest.co.uk"
  ]
}