{
  "id": "Q309_R9_C4",
  "initial_query": " wife friend just sponsor know want sponsor possible sure",
  "relaxed_query": " wife friend just sponsor know want sponsor possible sure",
  "links": [
    "http://immigrationcanada.pro/immigration-rules/spousal-sponsorship/",
    "https://www.aa.org/assets/en_US/p-15_Q&AonSpon.pdf",
    "http://www.aagrapevine.org/months-issue-focuses-stories-relapse-have-you-experienced-relapse-part-your-recovery",
    "http://www.canadim.com/how-to-sponsor-your-spouse-to-canada/",
    "http://www.ct.gov/doc/lib/doc/pdf/familyfriendshandbook.pdf",
    "https://www.immigration.govt.nz/new-zealand-visas/apply-for-a-visa/tools-and-information/general-information/acceptable-sponsors",
    "https://iamaileen.com/visa-application-4-important-tips-get-approved/",
    "http://dubaiemploymenttips.com/visa/comment-page-1/",
    "http://www.canadavisa.com/canada-immigration-discussion-board/threads/spousal-sponsorship-interview-questionaires-experience-preparations.220698/",
    "http://bigbooksponsorship.org/articles-alcoholism-addiction-12-step-program-recovery/aa-myths/aa-myths-myth-sponsorship/"
  ],
  "snippets": [
    "Canadian citizens and permanent residents can sponsor spouses, parents, ... \nYou should only consider sponsorship if you are legally married in the country in \n... met and know each other's family and friends and so forth (see the specific ..... \nBe sure to complete this as soon as possible, as you need it to travel outside of\u00a0...",
    "You need another alcoholic just as much as he needs you!\u201d ... What does A.A. \nmean by sponsorship? To join .... know of introducing a newcomer to the program \nand helping ... we can often benefit by asking an A.A. friend to ... the newcomer \nisn't sure at first whether he or she ... with other alcoholics as soon as possible, \nand.",
    "every alcoholic has relapsed. some just did it before they got their first white chip. \n.... I want you to know it is possible to be sober!their is a way!!but you have to .... \nRelapse might or might not be part of our recovery, but it sure is part of our \ndisease. ... a sponsor who believed that I could, a wife, family and friends and \nespecially\u00a0...",
    "Nov 8, 2013 ... Immigration Canada has made spousal sponsorship one of the fastest routes to \nCanadian Permanent Residence. ... Do you know how to bring your wife to \nCanada? Do you ... It's not just Canadim that wants to help bring your family here \neither. ... We will prepare your application in the best possible light.",
    "incarcerated. When inmates go to jail or prison, they are not the only ones .... \nhome and you find that you no longer want to be their sponsor, please be aware \nit\u00a0...",
    "Oct 28, 2016 ... When individuals or organisations sponsor visa applications they ... Glossary for \nWhat is RealMe? .... Individuals sponsoring a student must be a family member or \nfriend of ... can only be sponsored if their first student visa was sponsored. ... \nmake sure the sponsored person has the things necessary for their\u00a0...",
    "Feb 17, 2015 ... Plus, I perfectly know the struggle especially since I am born in a third world .... \nUltimately, just make sure you have a decent motive or just be true to what your ... \nUsually my sponsors are friends or relatives, but it's usually just on .... To show \nyou how it is absolutely possible to create a life of travel too (no\u00a0...",
    "An employee's designated sponsor for residency visa is their employer, ... In most \ncases, approval is granted if the wife-sponsor has a profession of ... UAE citizens \nare defined by law to be only those persons born of parents ..... I just want to \nknow if it is possible to be a co sponsor to my father to bring my sister here in \nDubai?",
    "People facing future spousal sponsorship interview may benefit to some extent .... \nHas your spouse met any of your relatives or friends? .... (this is basic - every \nhusband/wife should know this about their sponsor) ... You just need to spend a \nfull day for the interview, normally the interview will last 1-2 hours.",
    "Question: What does the Big Book reference 123 times in the first 88 pages? .... \nHelp the newcomer get to Step Twelve as quickly as possible, so they can ..... I do \nknow recovered sober people who've met him and his wife and speak highly of \n..... an official sponsor, just AA close friends that I can call when I feel the need."
  ],
  "displayUrl": [
    "immigrationcanada.pro",
    "www.aa.org",
    "www.aagrapevine.org",
    "www.canadim.com",
    "www.ct.gov",
    "www.immigration.govt.nz",
    "iamaileen.com",
    "dubaiemploymenttips.com",
    "www.canadavisa.com",
    "bigbooksponsorship.org"
  ]
}