{
  "id": "Q309_R9_C2",
  "initial_query": " wife friend just problem know got want sure several",
  "relaxed_query": " wife friend just problem know got want sure several",
  "links": [
    "http://fortune.com/2016/09/21/michelle-obama-melania-trump-first-ladies/",
    "http://www.huffingtonpost.com/entry/signs-your-wife-is-totally-fed-up-with-you_us_57d99c21e4b08cb140935335",
    "https://lifehacker.com/relationship-advice-i-wish-id-heard-before-getting-div-480869291",
    "https://pairedlife.com/problems/5-Things-Wives-Should-Know-About-Mistresses",
    "https://runsignup.com/Quotes",
    "https://phys.org/news/2015-10-psychology-religious-belief.html",
    "https://patient.info/forums/discuss/drinking-every-day--314085",
    "https://medium.com/the-mission/30-behaviors-that-will-make-you-unstoppable-31d1d4e4c9c9",
    "http://www.aplaceformom.com/blog/3-4-14-anosognosia-and-alzheimers/",
    "http://oilprice.com/Energy/Oil-Prices/The-Coming-Fracture-Of-Saudi-Arabia.html"
  ],
  "snippets": [
    "Sep 20, 2016 ... Michelle Obama's Melania Trump Diss Shows Just How Bitter This Election Is ... It \nwas George W. Bush's wife, Laura, who came to Michelle Obama's defense, ... \u201cI \nthink she probably meant I'm 'more proud,' you know, is what she really ... In the \nWhite House, friends said, Michelle feels that critics are waiting\u00a0...",
    "Sep 14, 2016 ... \u201cMany men don't notice when their wives have disengaged,\u201d she said. ... If your \nwife continuously chooses her friends and hobbies over spending ... \nconversation about life, emotions and just how our days were going?\u201d she said. \u201c\nIf you're not connecting anymore, let your partner know how much you value\u00a0...",
    "Apr 25, 2013 ... But if I'm perfectly honest, we sucked at actually dealing with issues. ... People \ncommunicate in different ways, and in the case of my ex-wife and I, we ... need to \n(and understand when your partner doesn't want you to solve a problem), ... \"I \nknow it's difficult for you to be affectionate in front of my friends, but at\u00a0...",
    "Sep 13, 2017 ... Here are 5 things you may not know about being a mistress... ... Mistresses are \nyour friends and neighbors, and many of them are maintaining ... There are \nseveral issues that could be going on inside a mistresses life and mind. ..... I \nwould just make sure you spend some time getting to know her better and\u00a0...",
    "\u201cI just want to tell you that this sponsor management tool is awesome. .... Made \nthe change - easy once you know where to look. ... I just got off the phone with \nanother registration platform for a race I'm timing this weekend and I .... I was \nhaving many problems with another more \"popular\" site and it has held me up \nway longer\u00a0...",
    "Oct 5, 2015 ... Religion couldn't achieve mass acceptance if it only fulfilled one or ... all kinds, \nincluding peacemakers and those who want a vengeful God.\" ... Reiss said one \nadvantage of his theory is that, unlike many other ... Problems with Capitalism? .... \nThe people who make this stuff know a straight guy can't help it\u00a0...",
    "Dec 3, 2014 ... I soon found out who my true friends were when I got done for drink/driving. .... \nA.A. is a useful organisation to help with alcohol problems. ..... 2 yrs of freedom \nfor a stupid 5 second act while drunk, and scared my wife and son. ..... I just want \nto know am I an alcoholic or just a drinker I love booze It's My Life.",
    "Jun 8, 2016 ... You never know what they will do \u2014 only that you will be forced to respond. ... \nYou'll see things in several more frames than others. .... Your goals can either be \nfocused on your behaviors (e.g., I'm going to write 500 words per day) or on .... \nWhen you're unstoppable, you will make sure to get what you want.",
    "Mar 22, 2016 ... Anosognosia is a lack of awareness that affects many with ... if we were ill, \nsuffering from Alzheimer's or dementia, and didn't know it? ... \u201cTrying to make \nsomeone with this problem understand that they ... She believes i am drugging \nher and going out every night. .... Now we can eat / go home / vist a friend.",
    "Dec 13, 2016 ... The leading economics blog online covering financial issues, geopolitics and \ntrading. ... the Interior Minister and close friend of the United States, out of the ... \nThe first Saudi king had between 37 and 44 sons from a harem of 22 wives. ... \nWhen Salman dies, many observers of secretive Saudi royal politics\u00a0..."
  ],
  "displayUrl": [
    "fortune.com",
    "www.huffingtonpost.com",
    "lifehacker.com",
    "pairedlife.com",
    "runsignup.com",
    "phys.org",
    "patient.info",
    "medium.com",
    "www.aplaceformom.com",
    "oilprice.com"
  ]
}