{
  "id": "Q309_R29_C1",
  "initial_query": "'License' husband need u on-husband-sponsor husband need have driving",
  "relaxed_query": "'License' husband need u on-husband-sponsor husband need have driving",
  "links": [
    "http://www.expatwoman.com/dubai/monthly_faqs_Working_On_Husbands_Visa_9001.aspx",
    "https://www.veteransunited.com/spouse/im-a-new-military-spouse-now-what/",
    "https://www.gov.uk/guidance/living-in-the-united-arab-emirates",
    "http://www.telegraph.co.uk/expat/expatlife/10053737/Moving-guide-10-things-to-know-before-relocating-to-Qatar.html",
    "https://www.internations.org/uae-expats/guide/18883-visa-administration/uae-residence-visas-sponsoring-your-family-and-domestic-staff-18881",
    "http://emirateswoman.com/know-your-rights-uae-law/",
    "https://www.abudhabi.ae/portal/public/en/citizens/vehicles-and-transport/driving-services/opening-a-driving-licence-file",
    "http://www.dodlive.mil/2013/06/28/basics-of-base-access-privileges-and-requirements/",
    "https://www.dmv.com/fl/florida/drivers-license",
    "https://www.guide2dubai.com/living/expat-life/rules-working-husbands-visa"
  ],
  "snippets": [
    "Jun 9, 2017 ... Your husband can sponsor you to be a resident of Dubai but unless you ... you \ncan work- as long as you get a labour card/ work permit from the ... Once you \nhave secured your job and if you are sponsored by your husband's visa then you \nwill need a ... 5 Essential Car Safety Features for Nighttime Driving.",
    "Oct 28, 2011 ... You will need: a copy of your marriage license, and other personal identification \n... Most military installations have an ID card facility where you can get you ID \ncard. ... and other personal identification like birth certificate, driver's license, .... i'\nm a new military wife. my husband and I just got married a few days\u00a0...",
    "Mar 22, 2013 ... If you use a private hospital, make sure you have a UAE medical card ... British \nnationals with a UK driving licence are eligible for automatic ... A husband who \nwishes to sponsor his wife will need the following documents:.",
    "Oct 15, 2015 ... We only had a week to decide whether my husband should take the job offer \u2013 a \n... Your sponsoring company should guide you through the process. ... After that, \nyou will need to have an International Driver's License (IDL).",
    "Find out what documents you need and other important information in this article. \nOnce you have your residence visa, you can sponsor your family to join you in ... \nWives can also sponsor their husbands, although they must satisfy some extra ... \nYou may also sponsor domestic workers such as maids, nannies, and drivers,\u00a0...",
    "\u201cNon-Muslims have the right to go to Dubai's Criminal Investigation ... Any drink-\ndriving offence will leave you with 24 'black points' on your licence, which ... \u201cIn \naccordance with divorce laws in the UAE, a [Muslim] husband can divorce his .... \nFor spousal and family visas the same applies, as their sponsor is no longer alive\n.",
    "Through this service, individuals can open a file at the Drivers Licensing ... You \nalready have a login? ... Pay the fees and get the receipt. ... in the family book of \ntheir fathers or husbands or those who are under the age of 21, Original ... \nPersonal attendance of the the sponsor in case of special sponsorship for ... \nNeed help?",
    "Jun 28, 2013 ... If you need to enter a base and do not have a DoD I.D., or do not have an ... If you \nare driving on base you will also need to present your driver's license, ... you will \nneed to present a valid military I.D. If you are a sponsor of a .... Hi I'm going visit \nmy step daughter and her husband at the army base in fairbank.",
    "Get Information on Florida DMV License Requirements & On Your FL Drivers ... In \norder to get an FL drivers license, you will need to pass a series of exams,\u00a0...",
    "Feb 9, 2016 ... However, you may be allowed to live in UAE ... When she leave job we have to \npay labour permit charge? ... We have resident visa, now my husband is not \nhappy with his job and wants to quit. the ... my friend she on her husband visa, \nnow need to change to her current sponsor , and now the Immigration\u00a0..."
  ],
  "displayUrl": [
    "www.expatwoman.com",
    "www.veteransunited.com",
    "www.gov.uk",
    "www.telegraph.co.uk",
    "www.internations.org",
    "emirateswoman.com",
    "www.abudhabi.ae",
    "www.dodlive.mil",
    "www.dmv.com",
    "www.guide2dubai.com"
  ]
}