{
  "id": "Q309_R9_C3",
  "initial_query": " wife just friend sponsor know want sponsor possible u sure",
  "relaxed_query": " wife just friend sponsor know want sponsor possible u sure",
  "links": [
    "http://immigrationcanada.pro/immigration-rules/spousal-sponsorship/",
    "http://www.canadim.com/how-to-sponsor-your-spouse-to-canada/",
    "http://www.canadavisa.com/canada-immigration-discussion-board/threads/spousal-sponsorship-interview-questionaires-experience-preparations.220698/",
    "https://www.aa.org/assets/en_US/p-15_Q&AonSpon.pdf",
    "https://www.immigration.govt.nz/new-zealand-visas/apply-for-a-visa/tools-and-information/general-information/acceptable-sponsors",
    "https://www.themuse.com/advice/the-people-who-can-open-more-career-doors-than-you-ever-thought-possible",
    "http://www.cic.gc.ca/english/information/applications/guides/5289ETOC.asp",
    "http://dubaiemploymenttips.com/visa/comment-page-1/",
    "http://bigbooksponsorship.org/articles-alcoholism-addiction-12-step-program-recovery/aa-myths/aa-myths-myth-sponsorship/",
    "http://www.cic.gc.ca/english/immigrate/sponsor/relatives.asp"
  ],
  "snippets": [
    "Canadian citizens and permanent residents can sponsor spouses, parents, \nchildren ... met and know each other's family and friends and so forth (see the \nspecific ... if you want to spend your lives together, you are likely not ready for \nsponsorship .... is currently married, a common law sponsorship application is still \npossible.",
    "Nov 8, 2013 ... Do you know how to bring your husband to Canada? ... It's not just Canadim that \nwants to help bring your family here either. Canada as a ... We will prepare your \napplication in the best possible light. ... That means you cannot sponsor or be \nsponsored by a sibling, cousin, niece, nephew or close friend.",
    "People facing future spousal sponsorship interview may benefit to .... When you \nand your spouse were dating what would you do together? 19. ... Were any \nfriends present? .... (something the applicant should know if they are in a genuine \n.... Just make sure you husband is confident, polite, (i.e., does not get\u00a0...",
    "You need another alcoholic just as much as he needs .... know of introducing a \nnewcomer to the program and helping ... we can often benefit by asking an A.A. \nfriend to ... A sponsor does everything possible, within the ... the newcomer isn't \nsure at first whether he or she .... spouse, partner or relative, and point out that \nmost.",
    "Oct 28, 2016 ... When individuals or organisations sponsor visa applications they take on ... \nIndividuals sponsoring a student must be a family member or friend of the student\n. ... directly \u2013 we'll need evidence that the sponsor owns, or has a rental ... make \nsure the sponsored person has the things necessary for their health\u00a0...",
    "In the article, \u201c Why You Need a Sponsor\u2014Not a Mentor\u2014to Fast-Track Your \nCareer ... My friend and Twitter buddy Cate Huston explains it this way: \u201cMentors \ngive you ... he or she doesn't know the quality of your work and what you're \ncapable of. ... I just heard I've been nominated for engineer of the year! ... Not \ntotally sure.",
    "Submit the application; What to expect after you apply; Table 1: Eligibility for ... \nagreement, you must make sure the people you sponsor won't need to ask the ... \nYou're sponsoring a spouse, common-law partner or conjugal partner .... there is \na significant degree of attachment between the two of you, implying not just a\u00a0...",
    "However, you may come on a visit or tourist visa and actively search for jobs in \nDubai. ... Employment and residency in Dubai work within a system of \nsponsorship. ... In most cases, approval is granted if the wife-sponsor has a \nprofession of ..... I just want to know if it is possible to be a co sponsor to my father \nto bring my sister\u00a0...",
    "When I reply, \"I don't have a sponsor\", I get an endless tirade of, \"You know a \nperson who ... Help the newcomer get to Step Twelve as quickly as possible, so \nthey can ... \"My wife and I abandoned ourselves with enthusiasm to the idea of \nhelping ..... an official sponsor, just AA close friends that I can call when I feel the \nneed.",
    "May 19, 2017 ... food; shelter; clothing. make sure your relative doesn't need social assistance ... \nLearn what happens after you apply to sponsor your family. ... I am sponsoring \nmy spouse or partner who is in Canada. Can they work while their\u00a0..."
  ],
  "displayUrl": [
    "immigrationcanada.pro",
    "www.canadim.com",
    "www.canadavisa.com",
    "www.aa.org",
    "www.immigration.govt.nz",
    "www.themuse.com",
    "www.cic.gc.ca",
    "dubaiemploymenttips.com",
    "bigbooksponsorship.org",
    "www.cic.gc.ca"
  ]
}