{
  "id": "Q309_R9_C9",
  "initial_query": "'Sponsorship' 'RP' wife friend just gender know want is educational",
  "relaxed_query": "'Sponsorship' 'RP' wife friend just gender know want is educational",
  "links": [
    "http://www.justhere.qa/2014/03/legal-column-visas-sponsorships/",
    "http://research.prudential.com/documents/rp/Women_and_Retirement.pdf",
    "http://www.justhere.qa/2013/10/10-things-know-employed-qatar/",
    "http://www.aph.gov.au/About_Parliament/Parliamentary_Departments/Parliamentary_Library/pubs/rp/rp1617/RefugeeResettlement",
    "http://www.diplomatie.gouv.fr/en/coming-to-france/getting-a-visa/article/faq-visas",
    "https://travel.state.gov/content/dam/visas/DV-2016-Instructions-Translations/DV_2016_Instructions_English.pdf",
    "http://www.diplomatie.gouv.fr/en/coming-to-france/getting-a-visa/",
    "https://www.rmhc.org/ronald-mcdonald-house",
    "https://othersociologist.com/sociology-of-gender/",
    "http://www.nextavenue.org/estranged-parents-and-adult-children-silent-epidemic/"
  ],
  "snippets": [
    "Mar 16, 2014 ... But this \u201cone year clause\u201d is as per immigration \u2013 my friends say. ... Just want to \nknow if you got any solution to your qatar visa problem as even I am facing the \nsame issue. ..... 7) My educational certificate (Attested and Arabic translated) .... I \nam working here on a company RP & my wife came on business\u00a0...",
    "Plan sponsors should find this retirement income gender gap alarming. ... \nparticipant engagement programs, and holistic education that focuses on \nparticipants' ... managerial and professional jobs, compared to just 18 percent in \n1975.2 ... women's financial wants and needs. ... time-starved in their roles as \nworkers, wives,.",
    "Oct 1, 2013 ... Gender equality ... Sponsorship Change before stamping RP .... One of my friend \ndied in qatar as normal death at the age of 35.there is any possibility .... hi!. just \nwant to know if you are residence or family visa or houseban visa and ..... MY \nWIFE WORKING IN PRIVATE HOSPITAL WITH A LIMITED SALARY.",
    "What is resettlement? ... Does Australia only take people from refugee camps? ... \nparticular to their gender; Family Reunification, when resettlement is the only \nmeans ..... relegation to substandard dwellings; exclusion from the right to \neducation ..... As mentioned, refugees can also sponsor family members through \nthe family\u00a0...",
    "Feb 27, 2017 ... May I know why I have been refused a visa ? ... I hold a valid Schengen visa and \nwant to visit a French overseas department ... I am planning to attend a week-\nlong seminar in Brussels and then spend the weekend with friends in France. ... \nVisa applications will only be accepted on an official form (or legible\u00a0...",
    "Requirement #2: Each applicant must meet the education/work experience .... \nincluding, but not limited to, countries identified as state sponsors of terrorism. .... \nspouse, you will only be issued a DV-1 immigrant visa if your spouse is also \neligible for and .... you start to complete the form online, so that you know exactly \nwhat\u00a0...",
    "Nov 28, 2013 ... ... third-country family members of an EU citizen accompanying or joining their \nspouse in France are only subject to the entry visa requirement\u00a0...",
    "Do what you love. ... When your child is sick, you want the best care possible \u2013 \neven if it is hundreds or thousands of miles ... Accredited education programs",
    "Gender is also determined by what an individual feels and does. ... Gender and \nsexuality are not just personal identities; they are social identities. ... The \ndefinition of sex (the categories of man versus woman) as we know them today \n..... to take a wife to bear her children, and the biological father has no rights over \nthem.",
    "Jul 19, 2013 ... What to do when you are estranged from your adult child and she ... Over the \nyears Kay has seen Jamie only on rare occasions and ... Sometimes you never \nknow what's really going on. ... \u201cMy ex-wife continually told our daughters what an \nawful man I was,\u201d ..... Remembering a Troubled Childhood Friend."
  ],
  "displayUrl": [
    "www.justhere.qa",
    "research.prudential.com",
    "www.justhere.qa",
    "www.aph.gov.au",
    "www.diplomatie.gouv.fr",
    "travel.state.gov",
    "www.diplomatie.gouv.fr",
    "www.rmhc.org",
    "othersociologist.com",
    "www.nextavenue.org"
  ]
}