{
  "id": "Q309_R9_C5",
  "initial_query": "'Doha' wife friend just sponsor know get want sure",
  "relaxed_query": "'Doha' wife friend just sponsor know get want sure",
  "links": [
    "http://www.justhere.qa/2013/10/10-things-know-employed-qatar/",
    "http://www.lifeinqatar.com/en/article/living/getting-setup-in-qatar-as-an-expat.html",
    "https://www.tripadvisor.com/ShowTopic-g294008-i3511-k7287003-Visa_for_doha-Qatar.html",
    "http://kentonmurray.com/blogs/alcohol_in_qatar.html",
    "https://www.internations.org/qatar-expats/guide/working-in-qatar-15419/sponsorship-and-work-contracts-in-qatar-3",
    "https://pinayflyinghigh.com/schengen-visa-application-procedure-in-dubai/",
    "http://www.immihelp.com/experience/view-10-29-usavisitorvisa_b2visa.html",
    "http://www.cnn.com/2017/01/28/politics/trump-visa-ban-families-refugees-stories/index.html",
    "https://pinayflyinghigh.com/frequently-asked-questions-about-schengen-visa-application/",
    "https://www.onlineqatar.com/info/visit-visa-qatar.aspx"
  ],
  "snippets": [
    "Oct 1, 2013 ... Make sure you've understood it completely. ... The employer has the right to \nrevoke sponsorship of the employee on ... I have friends who work here in Qatar \nand they said that doesnt .... hi!. just want to know if you are residence or family \nvisa or houseban ... I recently joined Doha Bank Qatar in August 2013.",
    "If you have a visa query or wish to find out details for acquiring a Qatar visa for ... \nExpats earning over QR 10,000 per month can now sponsor their family's ... you \nwant but with expats leaving all the time, there's always a chance of getting a \nplace. ... The application for residence visas is only made after the medical tests \nhave\u00a0...",
    "We are staying in a hotel one night before getting our connecting flight to ... My \nfriend resign and his company cancelled visa , the guy want to come ... Yes your \nfriend can come to Qatar under wife's sponsorship, but he will not ... They told me \nwe asked imigiratation center one guy telling she can work but they still not sure.",
    "Oct 23, 2014 ... Finding Alcohol in Doha, Qatar. ... You also need to get permission from your \nsponsor (employer) ... have a family (they want to make sure you can still support \nyour wife and ... Beers are around 50 QR ($13) each, and prices generally only \ngo ... Other friends have been not allowed in to some bars for having\u00a0...",
    "Read all about work contracts and sponsorship requirements for Qatar in the \nInterNations ... Find out all you need to know about the job search, business \netiquette, and ... Expats can only work for their sponsor and for nobody else for at \nleast two years. ... Be sure you have a clear understanding of the financial \nchallenges an\u00a0...",
    "Since I am only going to Greece, I have applied for a Greek Schengen visa. \nSecond step is to ... Greek Schengen Visa Application From Doha, Qatar ..... I just \nwant to know where i can get Travel Insurance? ..... Me and 2 of my friends \napplied for Greece visa last May 11 thru VFS Dubai and still waiting til now. We \nare first\u00a0...",
    "May 23, 2017 ... Me : to visit my friends in Houston and then we will travel to Orlando ... Vo: who is \nsponsoring you ... We dont know what is going wrong in our visa application or \ninterviews. ... I have applied with my family my wife teacher,two kids one is 6 ... \nbut she did not asked for anythng what they want anyone guide pls.",
    "Jan 29, 2017 ... They were hoping to get to the US -- and then Trump banned them ... Does the \ntravel ban affect you, your friends or loved ones? ..... order was signed, Al Rawi \nsaid, but having got as far as Doha, Qatar, he was asked about his visa, .... I don't \nknow what to do,\" Saad said, \"We just want our voice to be heard.",
    "Jun 27, 2015 ... But now, I have heard from friends that they only required a flight BOOKING. .... I'\nm not sure how to do this so you may want to ask VFS directly or the embassy. .... \nI'll like to know how I'll get the schengen visa me and my wife from uae ...... From \nDoha, Qatar - pinay flying high - Doha Blogger | Travel, Expat,\u00a0...",
    "It requires the sponsorship of a resident in Qatar or any company or hotel \nlicensed to ... Expatriates visiting Doha are required to have a passport and a \nvisa. .... W.L.L so i dont konw who is the one sponsor. just im pay to renew visa \nyearly to one guy ... I f i want to get a marriage certificate with my wife to be here \nin Qatar is it\u00a0..."
  ],
  "displayUrl": [
    "www.justhere.qa",
    "www.lifeinqatar.com",
    "www.tripadvisor.com",
    "kentonmurray.com",
    "www.internations.org",
    "pinayflyinghigh.com",
    "www.immihelp.com",
    "www.cnn.com",
    "pinayflyinghigh.com",
    "www.onlineqatar.com"
  ]
}