{
  "id": "Q309_R9_C1",
  "initial_query": " wife friend just government know employed want possible sure",
  "relaxed_query": " wife friend just government know employed want possible sure",
  "links": [
    "http://www.newstatesman.com/politics/welfare/2013/11/five-benefit-changes-government-doesnt-want-you-know-about",
    "https://www.consumer.ftc.gov/blog/2015/07/faking-it-scammers-tricks-steal-your-heart-and-money?page=2",
    "http://fortune.com/2016/09/21/michelle-obama-melania-trump-first-ladies/",
    "http://www.pbs.org/newshour/making-sense/social-security-secrets-you-ne/",
    "https://www.medicare.gov/Pubs/pdf/11034.pdf",
    "https://blog.ed.gov/2016/09/12-common-fafsa-mistakes/",
    "https://www.bloomberg.com/features/2016-goldman-sachs-libya/",
    "http://www.lifezette.com/popzette/the-cmas-a-night-of-nostalgia-pride/",
    "https://www.ssa.gov/pubs/EN-05-11011.pdf",
    "https://www.hhs.gov/hipaa/for-individuals/guidance-materials-for-consumers/index.html"
  ],
  "snippets": [
    "Nov 29, 2013 ... These words were used to describe Universal Credit but could easily ... 11, 000 \nsick and disabled people had their ESA penalized in just seven\u00a0...",
    "Jul 15, 2015 ... If this happens to you, please report it at ftc.gov/complaint \u2014 click on .... I have a \npicture of him and I just need to know if it's the same one. .... Judy, this guy sent \nme a friend request and the name is Justice ... He said he works for the UN and \nhis wife died of cancer. ... How is it possible to find his real ID?",
    "Sep 21, 2016 ... Michelle Obama's Melania Trump Diss Shows Just How Bitter This Election Is ... It \nwas George W. Bush's wife, Laura, who came to Michelle Obama's ... \u201cI think she \nprobably meant I'm 'more proud,' you know, is what she really .... In the White \nHouse, friends said, Michelle feels that critics are ... You May Like\u00a0...",
    "Jul 30, 2012 ... 34 Social Security Secrets You Need to Know Now ... Note from Paul Solman: \nFriend of Making Sen$e (and my sometime tennis sparring ... His advice to apply \nfor a dependent spousal benefit while my wife and I put off full .... It sure seems \nthat way because when the spouse is collecting a retirement benefit,\u00a0...",
    "Introduction. A guide for families and friends of people with Medicare ... are \navailable for the person you're caring for, or if you just want to brush up on what \nyou already know, this booklet is for you. ..... how the information is used and who \ncan access it. .... to make sure that the coverage is still meeting his or her needs, \nand.",
    "Sep 27, 2016 ... Just make sure to take your time so you don't make one of these mistakes: ... If \nyou want to get the most financial aid possible, fill out the FAFSA ASAP after \nOctober 1. ... Confusing Parent and Student Information: I know there are many \n..... The bursar's office at LSU told a friend of mine that FAFSA only\u00a0...",
    "Sep 29, 2016 ... Shaken, Kabbaj asked Zarti's aides what had just happened. .... He also \nhappened to be a close friend of Saif Qaddafi, Moammar's son, which in Libya \nwas the best possible qualification for a government job. ..... that's more \ncommonly used by wives against husbands\u2014it's novel in financial litigation.",
    "Nov 4, 2016 ... While neither used the names \"Trump\" or \"Clinton,\" no one needed ... \"I would \nhave cried,\" she admitted, \"but I didn't want to mess up my eyelashes.\" ... Garth \nBrooks and his wife Trisha Yearwood turned in a fun medley of country ... The \nHighest Paying Cash Back Card Has Just Hit The MarketCredit.com.",
    "benefits, you should read, What You Need to Know When \u00b7 You Get ... www.\nsocialsecurity.gov/representation. ... www.eta-find.gov to get information about \nthis program, .... sure we've deposited your SSI payments into your .... If you're \nself-employed, notify us of your self-employment ..... Just let us know which you \nprefer.",
    "... information is private and should be protected, and we want to know who has \nthis information. ... Sharing Health Information with Family Members and Friends - \nPDF ... To make sure that your health information is protected in a way that does \nnot interfere with your health care, your information can be used and shared:."
  ],
  "displayUrl": [
    "www.newstatesman.com",
    "www.consumer.ftc.gov",
    "fortune.com",
    "www.pbs.org",
    "www.medicare.gov",
    "blog.ed.gov",
    "www.bloomberg.com",
    "www.lifezette.com",
    "www.ssa.gov",
    "www.hhs.gov"
  ]
}