{
  "id": "Q312_R42_C2",
  "initial_query": "'Umrah' 'Qatar' 'Saudi Embassy' visa please visitors anybody has reply know urgent",
  "relaxed_query": "'Umrah' 'Qatar' 'Saudi Embassy' visa please visitors anybody has reply know urgent",
  "links": [
    "http://www.arabnews.com/node/966771/saudi-arabia",
    "http://www.expatforum.com/articles/visas-permits-and-immigration/saudi-arabia-visas-permits-and-immigration.html",
    "http://muslimtravelgirl.boardingarea.com/new-umrah-fees-and-uk-umrah-visa-opening-date/",
    "https://igoogledisrael.com/can-i-visit-arab-countries-with-an-israeli-visa-stamp-in-my-passport/",
    "https://www.justlanded.com/english/Saudi-Arabia/Saudi-Arabia-Guide/Visas-Permits/Visas",
    "https://mutiny.wordpress.com/2006/10/13/visa-free-travel-for-indians/",
    "https://nricafe.com/ecr-ecnr-status-in-indian-passport/",
    "https://www.onlineqatar.com/living/labour-laws.aspx",
    "https://andreasmoser.blog/2012/08/23/israeli-passport-stamp/",
    "http://smartraveller.gov.au/Countries/middle-east/Pages/saudi_arabia.aspx"
  ],
  "snippets": [
    "Aug 9, 2016 ... As per the new decisions, a one-time entry visa fee will be SR2,000, but the ... \nThe audiences addressed bilateral relations between Saudi Arabia and each of \nJordan and Qatar in addition to .... The visa fee for hajj / umra repeat visitors is \nextremely high. ... Please reply if anybody has got a clarity on this .",
    "However, visitors should check with the Saudi Embassy or ... Umrah visas have \nbeen outlined by the Royal Kingdom of Saudi Arabia ... nationals of Kuwait, \nBahrain, Qatar, Oman and the United Arab Emirates .... I want to bring wife for \numrah. Please advise the procedure. Reply ... Pls anyone will help me??",
    "Oct 24, 2016 ... Not only Umrah but other visitor and business visas. ... The Umrah visa fees are \nup to \u00a3400 per person per visa, free for the first timer. One thing that is not clear \nand still we don't know for sure is whether this rule will be .... Did anybody \nreceived additional 2000 riyal fees from saudi embassy or agent? Reply.",
    "Arab/Muslim countries that accept visitors with Israeli stamped passports: ... One \nlast tip: always check with your embassy or tour operator about any visa .... \nOctober 29, 2009 john g Reply ..... am wondering if anyone knows if the Israeli \nstamp that I have in my passport will be .... Hello Ashley, can you please help? it \nis urgent.",
    "Attempting to enter Saudi Arabia without authorisation isn't only pointless, but is \n.... If you're driving from Bahrain, Qatar or the United Arab Emirates (UAE) to \nJordan, ... Check the procedure with the Saudi embassy or consulate in your \nhome ... it's sometimes possible to have a visitor visa converted to a residence \nvisa (see\u00a0...",
    "Oct 13, 2006 ... permit an Indian passport-holder to enter without a visa or by ... If entering from \nthe U.S.A. with a used single entry visa, the visitor ... month (renewable for \nanother 2 months), provided request has been made .... QATAR Visa required. \nThe following visas can be obtained on arrival: .... URGENTLY REPLY",
    "Oct 25, 2016 ... As an Indian Passport holder, you should know the difference between ECR and \nECNR. ... categories of the Indian passport holders to have Emigration Clearance \nfrom POE ... Oman; Qatar; Sudan; Syria; The Kingdom of Saudi Arabia KSA; \nThailand ... What is the procedure for obtaining emergency ECNR?",
    "The employment contract will have a provision wherein the employee will be \nsubjected ... to leave Qatar without their sponsor's approval in the event of an \nemergency or ... the employee may be barred from returning to Qatar even on a \ntourist visa. .... happn?? im also having this problem..bt i dnt know wat to do..\nplease reply.",
    "Aug 23, 2012 ... 1: You can not enter Israel if you have the stamp or a visa of an ... officer at Ben \nGurion Airport in Tel Aviv to please NOT stamp your passport and hand you ...... \nIt's urgent. .... The only practical problem is that there is no Israeli Embassy in ..... \nDoes anybody have recent informations if it's possible to enter Iran\u00a0...",
    "In response to recent security incidents, Saudi authorities have increased ... the \nHajj or Umrah, contact the nearest Embassy or Consulate of Saudi Arabia. One-\ntime visitors on a single-entry visa do not need an exit permit to depart Saudi \nArabia. ... Australians to enter Saudi Arabia if travelling on an emergency \npassport."
  ],
  "displayUrl": [
    "www.arabnews.com",
    "www.expatforum.com",
    "muslimtravelgirl.boardingarea.com",
    "igoogledisrael.com",
    "www.justlanded.com",
    "mutiny.wordpress.com",
    "nricafe.com",
    "www.onlineqatar.com",
    "andreasmoser.blog",
    "smartraveller.gov.au"
  ]
}