{
  "id": "Q315_R36_C10",
  "initial_query": "'QP' blind colour hey engineer get reigns please fine",
  "relaxed_query": "'QP' blind colour hey engineer get reigns please fine",
  "links": [
    "http://mentalfloss.com/article/67270/15-epic-facts-about-napoleon-bonaparte",
    "https://isthereanydeal.com/",
    "http://www.archive.org/stream/NEW_1/NEW.txt&ld=201%22",
    "https://www.topcoder.com/contest/problem/Enigma/words.txt",
    "https://www.bizbuysell.com/miscellaneous-manufacturing-businesses-for-sale/",
    "https://www.scribd.com/document/46786491/Fully-Solved-Papers-2010",
    "https://studysoup.com/note/674/week-10-allegra-print-imaging",
    "http://mdickens.me/typing/word_frequency.html",
    "http://norvig.com/google-books-common-words.txt",
    "http://www.gamesave-manager.com/?s=support&c=supported_games"
  ],
  "snippets": [
    "Aug 15, 2015 ... But Katharine MacDonogh, author of Reigning Cats And Dogs: A ... Napoleon \nbrought along 150 savants\u2014scientists, engineers, and ... of the country, but \nperhaps the greatest find was the Rosetta Stone. ... He seems to have remained \nconflicted about his former idol, however. .... Please try again later.",
    "Saints Row IV - Hey Ash Whatcha Playin? ..... Please, take into account that some \nlinks may use affiliate tags, however, by purchasing through these links you\u00a0...",
    "... when she 1 no which me were we then 2 into 5 do what get go their now said \nwould ... 6 it's new find may long once door great too 7 attack much us room old \nwhile ... i'll except def notes evade element sort friends please yellow window \nmakes ... dream diamond blind neither kirk french ends golden clothes bomb \nlightning\u00a0...",
    "... 20797 RIGHT 20227 THEIR 20184 OH 18785 WERE 18679 NO 18676 \nBECAUSE ... NEW 17383 REALLY 17226 PEOPLE 17035 BEEN 16941 GET \n16742 TIME .... SPENT 1256 FINE 1256 DEFENSE 1255 BOUGHT 1254 RED \n1253 LEGAL ..... 157 INVOLVE 157 HOLIDAYS 157 ENGINEERS 157 EAR 157 \nBLIND 157\u00a0...",
    "It isn't easy to find a profitable, privately owned State of the Art \"American .... The \ncurrent owners have built this business to consistent earnings averaging .... and \ncan be as simple as a one-color box to a unique multi-color shape. ... Please \nrefer to listing #230175119 and ask for Anthony Geronimo when ...... Dayton, OH.",
    "(b) Post-war survivors being very few will have abundant food. ..... If C's Monthly \nsalary is Rs. 1,200 more than that of a, find B's annual salary. ..... have much \nmoney in those days, so I did more black and white photography than colour, but \n..... of (a) Garments (b) Jute (c) Gems and Jewelleries (d) Light engineering \ngoods 98.",
    "Sep 5, 2013 ... View more of Reader for FREE. Leave us your email to view more of this material \nright away. View more for FREE. Already have a StudySoup\u00a0...",
    "the of to and a in that is i it for as with you on was be he this not have are at if but \nby ... world back d find life take year another self great right don't three years off \nit's ... ways books problems terms running takes herself consider everyone \nplease ..... converted generic colors impulse ff hey chiefly 'a explore suspended \ncarbon\u00a0...",
    "... AMONG 321351351 IMPORTANT 318798581 END 318429766 GET \n318321184 ... GIVE 275807450 FAMILY 275638251 FIND 274292734 NEED \n273479350 FIGURE .... DEVELOP 69342356 COLOR 69334092 BEGIN \n69317502 SOMEONE .... 45327781 DEPENDS 45320058 PLEASE 45296353 \nMEDICINE 45295205\u00a0...",
    "Animal Color Cross Ankh ..... Dark Reign (GOG.com Edition) .... Fine Sweeper ..... \nMarc Ecko's Getting Up: Contents Under Pressure ... Medieval Engineers .... Off-\nRoad Drive Officers Offspring Fling! Offworld Trading Company Oh...Sir! ... Ori \nand the Blind Forest ... Please, Don't Touch Anything ... QP Shooting - Dangerous\n!!"
  ],
  "displayUrl": [
    "mentalfloss.com",
    "isthereanydeal.com",
    "www.archive.org",
    "www.topcoder.com",
    "www.bizbuysell.com",
    "www.scribd.com",
    "studysoup.com",
    "mdickens.me",
    "norvig.com",
    "www.gamesave-manager.com"
  ]
}