{
  "id": "Q319_R40_C1",
  "initial_query": " cousin relationship church society is accepted mean possible i",
  "relaxed_query": " cousin relationship church society is accepted mean possible i",
  "links": [
    "https://en.wikipedia.org/wiki/Cousin_marriage",
    "https://gizmodo.com/the-science-of-marrying-your-cousin-1522745684",
    "https://www.cousincouples.com/?page=religion",
    "http://www.slate.com/articles/news_and_politics/frame_game/2002/04/the_love_that_dare_not_speak_its_surname.html",
    "http://pgsnys.org/research/what-is-a-first-cousin-what-does-removed-mean/",
    "http://www.businessinsider.com/the-surprising-truth-about-cousins-and-marriage-2014-2",
    "https://www.geni.com/projects/Abbreviations-Acronyms-for-Genealogy-The-Accepted/3096",
    "https://en.wikibooks.org/wiki/Cultural_Anthropology/Marriage,_Reproduction_and_Kinship",
    "http://www.catholicculture.org/culture/library/view.cfm?id=7272",
    "https://www.ncbi.nlm.nih.gov/pmc/articles/PMC2972853/pdf/eugenrev00223-0013.pdf"
  ],
  "snippets": [
    "Cousin marriage is marriage between cousins Opinions and practice vary widely \nacross the .... In the Roman Catholic Church, unknowingly marrying a closely .... \nAccording to Korotayev, a systematic acceptance of parallel-cousin marriage took \n..... cross-cousin marriage can be a normal form of marriage in a society, but the\u00a0...",
    "Feb 14, 2014 ... This switch in cousin-marriage's acceptance began in earnest in some ... In some \nsocieties, first cousin marriage is traditional and well-accepted, ... For instance, \nthe Methodist Church, has \"no official position on marriage between cousins.\" ... \nThat means you see marrying your first cousin as unnatural as\u00a0...",
    "No website dealing with cousin relationships would be complete without ... we \nwill consider only the biblical history and acceptance of cousin relationships, ... (\nFor a complete discussion on the Catholic Church, please see our Chat with ... \nOthers will say that just because cousins aren't specifically referred to doesn't \nmean\u00a0...",
    "Apr 10, 2002 ... A new group is struggling for acceptance. ... Now a study by the National Society \nof Genetic Counselors says that having a child with your first cousin raises ... \nFrom this, the media have concluded that marrying your first cousin is \"OK. ... \nInstead, advocates of laws against cousin marriage appeal to science.",
    "Second Cousin: Your second cousins are the people in your family who have the \n... Removed: When the word \u201cremoved\u201d is used to describe a relationship it\u00a0...",
    "Feb 14, 2014 ... Good science, bad science, and superstition. ... In modern western society, \nmarrying your cousin is not well accepted, particularly in ... This switch in cousin-\nmarriage's acceptance began in earnest in some parts of .... For instance, the \nMethodist Church, has \u201cno official position on marriage between cousins.",
    "This will be a listing of the ACCEPTED - genealogical abbreviations a. ... \nmeaning symbol Windows ANSI name .... BFHS British Family History Society; BK \n- Brother's Keeper (software , a genealogy program); Bl Brother-In- ... children; \nchurch chief, chaplain; Cha (occupation/relationship) Chamber Maid; chm - \ncondemned\u00a0...",
    "3.1 Reproduction: An Anthropological Definition & Focus ... Divorce in Islam; 5.3 \nDivorce in the Philippines; 5.4 Divorce and The Catholic Church .... This idea of \nestablished gender identities is one that society is still coming to ..... There are \nmany cultures where incest via cousin marriage is both accepted and \nencouraged.",
    "Our disposable society has accepted that we use products and services when we \n... arises from an invalid marriage or notorious concubinage through the first \ncousins. ... that the marriage is dissolved, the Church takes it to mean so, or the \nbeliever would .... It is our duty however, to educate them and if possible assist \nthem in\u00a0...",
    "youth about the dangers of cousin marriage. Most of us have probably associated \nit with the prohibitions of primitive society or perhaps of the Christian Churches\u00a0..."
  ],
  "displayUrl": [
    "en.wikipedia.org",
    "gizmodo.com",
    "www.cousincouples.com",
    "www.slate.com",
    "pgsnys.org",
    "www.businessinsider.com",
    "www.geni.com",
    "en.wikibooks.org",
    "www.catholicculture.org",
    "www.ncbi.nlm.nih.gov"
  ]
}