{
  "id": "Q319_R40_C8",
  "initial_query": "'UK' cousin relationship church society is accepted mean possible",
  "relaxed_query": "'UK' cousin relationship church society is accepted mean possible",
  "links": [
    "https://en.wikipedia.org/wiki/Cousin_marriage",
    "https://gizmodo.com/the-science-of-marrying-your-cousin-1522745684",
    "https://en.wikipedia.org/wiki/Prohibited_degree_of_kinship",
    "https://www.cousincouples.com/?page=religion",
    "http://www.medicalbag.com/grey-matter/part-ii-british-royals-house-of-kissing-cousins/article/472430/",
    "http://www.slate.com/articles/news_and_politics/frame_game/2002/04/the_love_that_dare_not_speak_its_surname.html",
    "https://www.geni.com/projects/Abbreviations-Acronyms-for-Genealogy-The-Accepted/3096",
    "http://www.telegraph.co.uk/news/2017/02/16/time-church-england-lay-law-marriage/",
    "http://www.businessinsider.com/the-surprising-truth-about-cousins-and-marriage-2014-2",
    "https://www.theguardian.com/lifeandstyle/2008/may/24/familyandrelationships.health"
  ],
  "snippets": [
    "Cousin marriage is marriage between cousins Opinions and practice vary widely \nacross the .... In the Roman Catholic Church, unknowingly marrying a closely ... \nFirst-cousin marriage in England in 1875 was estimated by George Darwin to be \n...... cross-cousin marriage can be a normal form of marriage in a society, but the\n\u00a0...",
    "Feb 14, 2014 ... This switch in cousin-marriage's acceptance began in earnest in some ... \nAlthough never outlawed in England, during the second half of the ... In some \nsocieties, first cousin marriage is traditional and well-accepted, ... For instance, \nthe Methodist Church, has \"no official position on marriage between cousins.",
    "In law, a prohibited degree of kinship refers to a degree of consanguinity (blood \nrelatedness) between persons that results in certain actions between them \nbecoming illegal. Two major examples of prohibited degrees are found in incest \nand nepotism. Incest refers to sexual relations and marriage between closely \nrelated ... In the Book of Common Prayer of the Church of England published \nsince\u00a0...",
    "No website dealing with cousin relationships would be complete without ... we \nwill consider only the biblical history and acceptance of cousin relationships, ... (\nFor a complete discussion on the Catholic Church, please see our Chat with ... \nOthers will say that just because cousins aren't specifically referred to doesn't \nmean\u00a0...",
    "Mar 27, 2014 ... A \"cousin marriage\" is the wedding of 2 people related by blood through an ... \nThroughout history, cousin-to-cousin marriages have been an essential means of \n... Today, cousin marriages are typically shunned by modern society for 2 ... \nestablishing the Church of England, and starting the Reformation.",
    "Apr 10, 2002 ... A new group is struggling for acceptance. ... Now a study by the National Society \nof Genetic Counselors says that having a child with your first cousin raises ... \nFrom this, the media have concluded that marrying your first cousin is \"OK. ... \nInstead, advocates of laws against cousin marriage appeal to science.",
    "This will be a listing of the ACCEPTED - genealogical abbreviations a. ... B.H.L. \nBachelor of Hebrew Literature; BFHS British Family History Society ... child, \nchildren; church chief, chaplain; Cha (occupation/relationship) Chamber Maid ... \nchristened; CIGO Council of Irish Genealogical Organizations; Cil Cousin-In-Law; \ncir.",
    "Feb 16, 2017 ... People in society expect the Church to believe and teach the Bible. ... this vote \nmeans that the Church's teaching on marriage is secure.",
    "Feb 14, 2014 ... Good science, bad science, and superstition. ... In modern western society, \nmarrying your cousin is not well accepted, particularly in the United States. ... This \nswitch in cousin-marriage's acceptance began in earnest in some parts of ... \nAlthough never outlawed in England, during the second half of the 19th\u00a0...",
    "May 23, 2008 ... Yesterday, the Royal Society of Medicine held a debate on the issue as part of ... \neven though Britain has an established tradition of cousin couples going ... in \n1998, it was frowned upon by the tabloids as well as the Catholic church. ... In \nother words, cousins have a 96% chance of producing a normal baby."
  ],
  "displayUrl": [
    "en.wikipedia.org",
    "gizmodo.com",
    "en.wikipedia.org",
    "www.cousincouples.com",
    "www.medicalbag.com",
    "www.slate.com",
    "www.geni.com",
    "www.telegraph.co.uk",
    "www.businessinsider.com",
    "www.theguardian.com"
  ]
}