{
  "id": "Q319_R40_C3",
  "initial_query": " cousin relationship uk church be is accepted possible i legal",
  "relaxed_query": " cousin relationship uk church be is accepted possible i legal",
  "links": [
    "https://en.wikipedia.org/wiki/Cousin_marriage",
    "http://canonlawmadeeasy.com/2010/09/09/can-cousins-marry-in-the-church/",
    "https://en.wikipedia.org/wiki/Prohibited_degree_of_kinship",
    "http://www.genetic-genealogy.co.uk/Toc115570145.html",
    "http://www.telegraph.co.uk/news/2017/02/16/time-church-england-lay-law-marriage/",
    "https://gizmodo.com/the-science-of-marrying-your-cousin-1522745684",
    "https://www.cousincouples.com/?page=religion",
    "http://www.medicalbag.com/grey-matter/part-ii-british-royals-house-of-kissing-cousins/article/472430/",
    "https://www.theguardian.com/lifeandstyle/2008/may/24/familyandrelationships.health",
    "http://www.slate.com/articles/news_and_politics/frame_game/2002/04/the_love_that_dare_not_speak_its_surname.html"
  ],
  "snippets": [
    "Cousin marriage is marriage between cousins Opinions and practice vary widely \nacross the .... In the Roman Catholic Church, unknowingly marrying a closely ... \nFirst-cousin marriage in England in 1875 was estimated by George Darwin to be \n... According to Goody, cousin marriage was allowed in the newly Christian and\u00a0...",
    "Sep 9, 2010 ... A: When it comes to the biological relationship between prospective spouses, the \nChurch has laws which are based on natural law. We all\u00a0...",
    "In law, a prohibited degree of kinship refers to a degree of consanguinity (blood \nrelatedness) between persons that results in certain actions between them \nbecoming illegal. Two major examples of prohibited degrees are found in incest \nand nepotism. Incest refers to sexual relations and marriage between closely \nrelated ... In the Book of Common Prayer of the Church of England published \nsince\u00a0...",
    "In England the list of forbidden marriages was drawn up by the Church of ... first \ncousins (first degree and normal) are equivalent in their relationships to full and \nhalf .... brothers and sisters (i.e. adopted by the same adoptive parents) is \nallowed.",
    "Feb 16, 2017 ... It's time for the Church of England to lay down the law on marriage ... to revise his \nteaching by insisting on acceptance of same-sex marriage.",
    "Feb 14, 2014 ... Although never outlawed in England, during the second half of the 19th ... First \ncousin marriage is allowed without restriction in 19 states, and with ... For \ninstance, the Methodist Church, has \"no official position on marriage between \ncousins. .... points towards inter-cousin breeding not being nearly as bad as\u00a0...",
    "No website dealing with cousin relationships would be complete without ... (For a \ncomplete discussion on the Catholic Church, please see our Chat with an ... \npriests, and theologians have also allowed society to cloud their judgment on the \n... \"Cousins on the father's side were most preferred, though not always possible\" \n(p.",
    "Mar 27, 2014 ... A \"cousin marriage\" is the wedding of 2 people related by blood through an \nearlier generation. ... British Royals: House of Kissing Cousins. Henry VIII ... (an \ninternational association of churches) has allowed cousin marriages.",
    "May 23, 2008 ... First cousin marriages are perfectly legal in Britain and have been for centuries. \n.... a son in 1998, it was frowned upon by the tabloids as well as the Catholic \nchurch. ... In other words, cousins have a 96% chance of producing a normal \nbaby. ... People's reactions to their relationship ranged, she said, from\u00a0...",
    "Apr 10, 2002 ... A new group is struggling for acceptance. The group is people ... From this, the \nmedia have concluded that marrying your first cousin is \"OK.\" Is it? ... Instead, \nadvocates of laws against cousin marriage appeal to science. To let\u00a0..."
  ],
  "displayUrl": [
    "en.wikipedia.org",
    "canonlawmadeeasy.com",
    "en.wikipedia.org",
    "www.genetic-genealogy.co.uk",
    "www.telegraph.co.uk",
    "gizmodo.com",
    "www.cousincouples.com",
    "www.medicalbag.com",
    "www.theguardian.com",
    "www.slate.com"
  ]
}