{
  "id": "Q321_R17_C4",
  "initial_query": " light penalty qr violation jumping go know red better pretty",
  "relaxed_query": " light penalty qr violation jumping go know red better pretty",
  "links": [
    "https://www.moi.gov.qa/site/english/departments/traffic/violations/point2.doc",
    "https://www.thestudentroom.co.uk/showthread.php?t=1955174",
    "https://www.sa.gov.au/topics/driving-and-transport/driving-offences-and-penalties/paying-a-traffic-expiation-notice",
    "https://www.cityofchicago.org/city/en/depts/rev/provdrs/citation/svcs/view_red-light_video.html",
    "https://www.tripadvisor.co.uk/ShowTopic-g294008-i3511-k10294165-Traffic_fines-Qatar.html",
    "https://www.tripadvisor.com/ShowTopic-g294008-i3511-k10294165-Traffic_fines-Qatar.html",
    "https://www.hamilton.ca/streets-transportation/driving-traffic",
    "https://travelyucatan.com/things-to-know-driving-in-mexico/",
    "http://www.expatwoman.com/qatar/monthly_home_car_Traffic_Offences_6184.aspx",
    "https://www.redlobster.com/terms-conditions"
  ],
  "snippets": [
    "List of traffic violations that can be settled by paying fines. No. Type of Violation. \nFine Amount. Points. 1. Driving a non registered vehicle. QR.3000. 2. 2.",
    "I'm not one for excuses, I merely should have been paying more attention. ... I \nknow that some traffic lights have a little black box on top to catch people who go \nthrough red lights but I don't remember seeing one. ... The maximum penalty for \nrunning a red light is (i) a \u00a31,000 fine, (ii) 6 penalty points endorsed\u00a0...",
    "Paying traffic expiation notices, fines and what to do if you were not driving the \nvehicle. ... For more information go to the SA Police website. ... notice issued by a \npolice officer or computer generated from a speed or red-light camera offence.",
    "You can view video of your red light violation. ... In addition, you may view the \nlocations of red light camera intersections. This link will take you to the \nDepartment\u00a0...",
    "Mar 11, 2017 ... Normal fines range from QR 300 to QR 6000. If you request to the ... Jumping red \nlight is not taken lightly by police here. If one is given a large\u00a0...",
    "Mar 10, 2017 ... Anyone have any advice for traffic violations. ... Normal fines range from QR 300 \nto QR 6,000. ... below and you would be able to know if your violations are real or \nrent a car is taking you for a ride. ... Jumping red light is not taken lightly by police \nhere. ... More Qatar Topics ... know better book better go better.",
    "The fine for running a red light detected by a camera system or a police officer is \n$260, plus a $60 victim ... Read more about Red Light Cameras in Hamilton.",
    "Apr 15, 2016 ... THINGS TO KNOW DRIVING IN THE YUCATAN ... a minor traffic offence can \nlead to more hassles dealing with police. ... If someone in the oncoming lane \nflashes their lights at you it means ... If it is a rental you have to pay and go \nthrough all the hassles of ... 1- Be polite and ask to pay the fine on the spot.",
    "Jun 19, 2017 ... World Cup Workers Still Need Better Working Conditions in Qatar. Two Years ... \nQatar Labour Laws Every Working Mother Should Know .... In addition to the \npoints, monetary fines can be, and are, severe. ... Offence, Points, Fine (QR). \nJumping a red light, 7, 6000 ... Tags: qatardrivingoffencesviolationsfines.",
    "View the legal terms and conditions for Red Lobster. ... jump to Red Lobster\u00ae \n2017 Cheddar Bay Biscuit Sweepstakes Official Rules .... acknowledge and \nagree that Red Lobster is free to use any ideas, concepts, know-how that you .... \nFor more information, see our U.S. Rewards Terms that accompany these Terms \nof Use\u00a0..."
  ],
  "displayUrl": [
    "www.moi.gov.qa",
    "www.thestudentroom.co.uk",
    "www.sa.gov.au",
    "www.cityofchicago.org",
    "www.tripadvisor.co.uk",
    "www.tripadvisor.com",
    "www.hamilton.ca",
    "travelyucatan.com",
    "www.expatwoman.com",
    "www.redlobster.com"
  ]
}