{
  "id": "Q321_R17_C5",
  "initial_query": "'QR6000' light penalty u anyone jumping give know red",
  "relaxed_query": "'QR6000' light penalty u anyone jumping give know red",
  "links": [
    "http://sheenservices.com/news/new-include-traffic-violations-and-fines-in-qatar/",
    "http://www.iloveqatar.net/news/content/traffic-violation-roundabouts-under-scanner",
    "https://www.moi.gov.qa/site/english/departments/traffic/violations/point2.doc",
    "https://www.hindawi.com/journals/jat/2017/5169176/",
    "https://dohanews.co/qatars-emir-approves-kafala-reforms-changes-more-than-one-year-away/",
    "https://www.thepeninsulaqatar.com/",
    "https://dohanews.co/qatar-traffic-department-offers-half-off-discount-on-old-traffic-fines/",
    "http://qsports.qa/leagues/soccer-(indoor)/14873-qsl-corporate-futsal-challenge---city-center-mall",
    "https://www.scribd.com/doc/126080700/Manual-GA1-GA2-G3SS-G3TR-G4TR",
    "http://slukeshqatar.blogspot.com/"
  ],
  "snippets": [
    "Jan 3, 2017 ... Jumping the red light continues to attract the maximum fine: QR6,000 and ... and \ntaking a U-turn also attracts a fine of QR6,000 and three demerit points. A \nmotorist not giving way to a police car or ambulance is to be slapped a\u00a0...",
    "Oct 6, 2009 ... The QR6,000 penalty for jumping a red signal at any traffic signal intersection will \nalso apply to those who jump the newly installed roundabout\u00a0...",
    "List of traffic violations that can be settled by paying fines ..... Having a normal \nwhite light in the front and red light in the back as those lights will be fixed in a \nway\u00a0...",
    "Dec 5, 2016 ... The high violation fine and the automation of the system were ... The number of \ndaily trips in Qatar jumped from 1,777,000 trips per day in 2000 to 5,498,000 in \n2012. ... For instance, if a driver runs a red light, he or she is fined QR6,000 ... \nThis approach increases the preventative effect; when drivers know\u00a0...",
    "Oct 27, 2015 ... Fines of QR12,000 can be imposed subject to the approval of the ... risk penalties \nof up to one month in prison and a maximum QR6,000 fine. .... Sheikh Tamim will \nissue a law ordering the sun to low down its light. ... Analagous to meaningful \nchange in Qatar, I give you the world's ... He knows how I like it.",
    "The Peninsula brings the latest news from Qatar and around the world. We also \ncover in detail football, cricket, business, entertainment, Bollywood, Hollywood,\u00a0...",
    "Jan 9, 2016 ... Red Arrows announce Qatar performance date ... Qatar historically has had \nissues collecting fines, especially from ... The new legislation also gives motorists \nwho have been fined for ... they said that anyone who had a fine couldn't leave \nbut I don't know if ... I begged for discount to pay QR6000 violation.",
    "Playoffs Runner Ups - 2nd Prize: QR 6,000/- ... (if you register as a team) .... Each \nteam is required to have both a light and dark jersey / shirt in case of a color \nconflict. 6. ... NO JUMPING OVER THE BOARDS or there may be a caution or, if \ndeemed ... The player may receive a yellow card or if deemed necessary a red \ncard.",
    "(u tr. 83.0 in(2,1lOmm) 35.0in (900mm) 43.0in (1,095mm) 9.0in (230mm) ..... of F5 \nand F8 are madeof a light aluminum alloy having a high cooling effect, ..... When \nyou discoverany damagefrom burning or other causes polish the piston with fine \n... of the F series model on the front chain case, give it a large operating angle.",
    "Jul 4, 2013 ... \u201cThe problem is that whoever is caught gets away with a small fine,\u201d Andari \nadded. ..... music and the arts made their way down a unique red carpet at the \nentrance of ..... On a green light you must make certain that that no one is cutting \n..... DOHA: Qatar has witnessed a quantum jump in the consumption of\u00a0..."
  ],
  "displayUrl": [
    "sheenservices.com",
    "www.iloveqatar.net",
    "www.moi.gov.qa",
    "www.hindawi.com",
    "dohanews.co",
    "www.thepeninsulaqatar.com",
    "dohanews.co",
    "qsports.qa",
    "www.scribd.com",
    "slukeshqatar.blogspot.com"
  ]
}