{
  "id": "Q321_R17_C2",
  "initial_query": "'Please Slow' 'Signals' 'Blinking Green Light' penalty qrs anyone points jumping know does red",
  "relaxed_query": "'Please Slow' 'Signals' 'Blinking Green Light' penalty qrs anyone points jumping know does red",
  "links": [
    "http://qrsmusic.com/downloads/pdf/QRS%20PNO3%20Quick%20Guide.pdf",
    "https://en.wikibooks.org/wiki/Human_Physiology/Print_Version",
    "http://scienceblogs.com/principles/2011/07/28/how-does-the-pulse-meter-on-ou/",
    "http://www.dailymail.co.uk/news/article-2424656/Wheel-Fortune-contestant-loses-chance-1-million-mispronouncing-word.html",
    "https://www.amazon.com/D-Link-Wi-Fi-AC750-Extender-DAP-1520/dp/B00PVCXB4Y",
    "http://ip-science.thomsonreuters.com/m/pdfs/mgr/titleterms.pdf",
    "https://can-am.brp.com/off-road/defender.html",
    "https://learn.sparkfun.com/tutorials/ad8232-heart-rate-monitor-hookup-guide",
    "http://www.nn4zz.com/PEP.htm",
    "https://www.qrz.com/db/ZB2FK"
  ],
  "snippets": [
    "Please do not remove media or disturb power until update ... Green Blink MIDI \nControl Data is being sent to the piano as a PWM signal. ... The upper right red \nLED will light up when transmitting a ... Slow Blinking \u2013 Has bootloader but needs \nprogrammed ..... How do you know you are in \u201cNetwork Mode\u201d any of the below.",
    "This has a destabilizing effect, so does not result in homeostasis. ... once the \nhomeostatic condition is approached, negative feedback is used for \"fine tuning\" \nresponses. .... A deviation from a normal set point acts as a stimulus to a receptor, \nwhich ... we need hormones that regulate the production of RBC's (red blood \ncells),\u00a0...",
    "Jul 28, 2011 ... I genuinely do not know the answer. ... 0:18-0:28: It jumps from 80 to 100 bpm, \nthen creeps slowly up to around 110. ... with a short sample of a high frequency \nsignal, I usually expect the first readings to ... jumps at 10-s intervals\u2013 if you were \njust starting from a low fixed point and .... Please check back soon.",
    "Sep 18, 2013 ... I think that sometimes these gameshows see all the publicity they get when they \nare unfair or too strict and now do it on purpose just for free\u00a0...",
    "The Wi-Fi Dual Band Range Extender will turn your single band router into a ... \nTP-Link AC1200 Dual Band WiFi Range Extender, Repeater, Access Point .... I \ntried the WPS setup several times, but the led in the D-Link blinked green to ... of \nthese devices upstairs just above the TV room and the signal is now fine \ndownstairs.",
    "(Click on the sections below to jump to the relevant page) ..... A Title Term will \nonly appear once irrespective of the number of title words which may generate \nthis\u00a0...",
    "That's why the Can-Am Defender is engineered to be the hardest working, most \n... Whether you're work-focused or trail riding, the 50-HP HD8 and 72-HP HD10 ... \nlike Quick Response System (QRS) providing precise engagement, larger CVT ... \nLinQ quick-attach system, integrated anchors and tie-down points, and many\u00a0...",
    "This electrical activity can be charted as an ECG or Electrocardiogram. ... In this \ntutorial, we will go over the basics for getting your AD8232 Heart Rate ... The \npulmonary veins are red in the diagram because they are carrying ... The QRS is \na complex process that generates the signature \u201cbeep\u201d in .... Cable Color, Signal.",
    "Mar 15, 2017 ... We can QRS and then come back to our preferred speed quickly and easily. ... \nknow...the NB in the FT9000 (and 2000, I think) has to be slowly ... Cat Control - I \nonly use the CAT output to control my SteppIR 4el yagi but it is working fine. ... He \nnoticed that the CS light (in switch #37) now flashes when the rig\u00a0...",
    "Sep 19, 2017 ... At this point the alarm bell racket would cease automatically. ... clutter and shortly \nafterwards the Sonde Radio signals would also fade out. ... joker was caught red \nhanded hiding in an adjacent building shorting a 12v battery whilst .... If you \nnotice fluctuations in my CW tone or SSB modulation please let me\u00a0..."
  ],
  "displayUrl": [
    "qrsmusic.com",
    "en.wikibooks.org",
    "scienceblogs.com",
    "www.dailymail.co.uk",
    "www.amazon.com",
    "ip-science.thomsonreuters.com",
    "can-am.brp.com",
    "learn.sparkfun.com",
    "www.nn4zz.com",
    "www.qrz.com"
  ]
}