{
  "id": "Q326_R25_C5",
  "initial_query": "'Qatar Petroleum' 'Qatar Gas' 'Shell' companies salary etc engineer land paid is monthly",
  "relaxed_query": "'Qatar Petroleum' 'Qatar Gas' 'Shell' companies salary etc engineer land paid is monthly",
  "links": [
    "https://us.oilandgasjobsearch.com/Oil-and-Gas-Jobs/All-Oil-and-Gas-Jobs/Qatar",
    "https://www.glassdoor.com/Interview/Qatar-Petroleum-Interview-Questions-E139913.htm",
    "https://us.oilandgasjobsearch.com/Oil-and-Gas-Jobs/Search/Offshore",
    "https://www.orionjobs.com/oil-gas-jobs",
    "https://www.glassdoor.com/Salary/Chevron-Salaries-E13524.htm",
    "https://www.payscale.com/research/US/Job=Marine_Engineer/Salary",
    "https://www.qp.com.qa/en/SupplyManagement/Tenders/SupplyManagmentFiles/QP_HSE_Regulations_for_Contractors_Approved.pdf.pdf",
    "http://gulfnews.com/business/economy/uae-salary-guide-2015-are-you-being-paid-enough-1.1458641",
    "http://work.chron.com/much-oil-rig-jobs-pay-9464.html",
    "http://careers.chevron.com/students/internship_programs/"
  ],
  "snippets": [
    "Jobs 1 - 20 of 115 ... Position: Drilling Supervisor Location: Qatar Job type: Rotational We are ... \nRelevant Experience as Sr. Project engineer in civil infrastructure ... Doha, Doha, \nQatar | Salary not specified | Contract ... An Oil & Gas Operations Company \nlooking for a Planner to be .... Last Month 67 ... Electronics Technician 3.",
    "Qatar Petroleum interview details: 9 interview questions and 10 interview reviews \nposted anonymously by Qatar ... 20 Salaries .... We hope that you will accept our \noffer to join the Company. You may ... Senior Instrument Engineer Interview ... \nInterview was covering entire instrumentation of upstream oil & gas facility design\n.",
    "Jobs 1 - 20 of 737 ... Position: Head Planning (offshore) Job Location: Qatar Minimum 15 ... \nengineering, of which 8 years in project planning of Oil and Gas industry ... \nCompany description: Shell Nederland BV is a platform for ... Offshore, Nigeria | \nSalary not specified | Contract .... Last Month 576 ..... Electronics Technician 16.",
    "Search and apply for the latest Oil and Gas Jobs today. ... An Oil & Gas \nOperations Company looking for a Planner to be based in Qatar Purpose Reports \ninto the\u00a0...",
    "Sep 12, 2017 ... Salaries posted anonymously by Chevron employees. ... Glassdoor has salaries, \nwages, tips, bonuses, and hourly pay based upon employee reports and .... \nPetroleum Engineer ... $6,036 monthly .... Bain & Company Salaries.",
    "As of Sep 2017, the average pay for a Marine Engineer is $78102 annually or \n$41.20/hr.",
    "Jun 25, 2009 ... APPENDIX 3: CONTRACTORS MONTHLY HSE ... rules and regulations is in line \nwith that of the International association of Oil and Gas.",
    "Feb 18, 2015 ... A spokesperson from Hays clarified that the companies surveyed for the salary \nguide ... Here's a close look at the current range of monthly salaries for a number \nof ... Senior Electrical Engineer: Dh32,000 - Dh40,000 .... own companies! i'm a \nsenior regional engineerfor a company in the oil/gas industry and i\u00a0...",
    "Oil rigs are the framework used to extract crude oil from the earth; the term may \nrefer to drilling rigs used on land or offshore oil platforms used at sea. ... reported \n162,570 people nationwide working in oil and gas extraction, as of May 2011. ... \nof the wage spectrum from petroleum engineers: the 7,740 roustabouts who \nclean\u00a0...",
    "Business Development - Land \u00b7 Downstream & Chemicals Summer Internship \nProgram \u00b7 Earth Science \u00b7 Engineering \u00b7 Finance Development Program \u00b7 Finance\n\u00a0..."
  ],
  "displayUrl": [
    "us.oilandgasjobsearch.com",
    "www.glassdoor.com",
    "us.oilandgasjobsearch.com",
    "www.orionjobs.com",
    "www.glassdoor.com",
    "www.payscale.com",
    "www.qp.com.qa",
    "gulfnews.com",
    "work.chron.com",
    "careers.chevron.com"
  ]
}