{
  "id": "Q326_R25_C3",
  "initial_query": "'Qatar Petroleum' 'Qatar Gas' 'Shell' companies luck riyals salary paid is working monthly",
  "relaxed_query": "'Qatar Petroleum' 'Qatar Gas' 'Shell' companies luck riyals salary paid is working monthly",
  "links": [
    "https://www.welt.de/sport/article126212341/The-inhuman-suffering-of-the-guest-workers-in-Qatar.html",
    "http://www.telegraph.co.uk/business/2016/02/11/saudi-arabia-may-go-broke-before-the-us-oil-industry-buckles/",
    "http://www.gulf-times.com/",
    "http://www.qatarsucks.com/top_10_list",
    "http://www.alternet.org/world/why-saudi-arabia-suddenly-serious-trouble",
    "http://www.dailymail.co.uk/travel/travel_news/article-3039538/Video-shows-baggage-handlers-throwing-passengers-luggage-airport-Riyadh-Saudi-Arabia.html",
    "https://www.tripadvisor.com/ShowUserReviews-g294009-r71764817-Doha.html",
    "http://www.expat.com/forum/viewtopic.php?id=165090",
    "https://rosinwonderland.wordpress.com/2013/06/08/4-5-years-of-expat-life-in-oman-likes-and-dislikes-summary/",
    "https://www.nytimes.com/2016/03/06/travel/saudi-arabia-tourism.html"
  ],
  "snippets": [
    "Mar 26, 2014 ... The FIFA World Cup is to take place in Qatar in 2022. .... Most of the Qatari are \ndoing well, there are huge reserves of oil and gas in the country. .... If a foreigner \ndies in an accident at work, the employer is obliged to pay damages for pain and \n.... The companies working on their behalf have to submit monthly\u00a0...",
    "Aug 5, 2015 ... If the oil futures market is correct, Saudi Arabia will start running into trouble \nwithin two years. ... Consultants Wood Mackenzie say the major oil and gas \ncompanies ... Citizens pay no tax on income, interest, or stock dividends. ... \nKuwait, Qatar, and Abu Dhabi all have three times greater reserves per capita.",
    "Gulf Times - Qatar's top-selling English daily newspaper published in Qatar and \nprovide the latest information on weather, currency rates, Prayer in addition to\u00a0...",
    "Jul 20, 2009 ... 4) On a scale of 1 to 10, I give Qatar a 10, IN GAYNESS. .... no matter how much \noil or gas they have, they will always need me. ...... she had to pay 2000 riyal to \nget bail and now has to wait for another court ..... Good luck ... are people working \nfor the large international companies like Shell, ExxonMobile etc.",
    "May 4, 2016 ... The Binladin Group, the kingdom's largest construction company, has ... These \nworkers will not leave without being paid back wages. ... The population does not \npay tax, so the only way to raise funds is from oil sales. ... East and Central Asia\u2014\nMasood Ahmed\u2014is sure that the transition will work just fine.",
    "Apr 15, 2015 ... How to travel the world for free (and even get paid to visit. ... Titled 'Saudi Airlines \nbaggage handlers hard at work', the video was uploaded to\u00a0...",
    "Jul 21, 2010 ... Through Qatar Airways booked a private car for 3 pax to sightsee. .... when \ncomplete, will house a number of top local and international businesses. ... Qatar \npeople do not work and the government pays them a monthly salary. ... 2009 \"\nQatar is an oil and gas-rich nation, with the third largest gas reserves[5]\u00a0...",
    "Can anyone share some insight about what is the minimum salary .... Probably \nabout 600 riyal a month does that help you .... within individual countries as \nfollows: Qatar at 6.8%, Saudi Arabia at 6.7%, .... In my oil and Gas Field, the \nvariations are too large to even imagine !! ..... It is in a nut shell --a lottery !!!",
    "Jun 8, 2013 ... I remember like yesterday they pain in trying to work out whether ... Ramdan \naffects your daily life for a month even if you are not a ... that are poor in quality: \ne.g. you pay strawberries at the price of gold .... i am living in qatar but here there \nis no chance for non-experienced. .... Approach the big companies:",
    "Mar 3, 2016 ... But as the world's largest oil exporter, Saudi Arabia has long lived .... Qatar. \nRiyadh. Medina. Egypt. u.a.e.. Saudi Arabia. Mecca. Sudan ... And gas is cheap: \n15 riyals to fill up my Hyundai. ... who wrote on the tomb had to pay 3,000 harithis \nto someone named .... Get The Times from $15.99 $9.99 a month."
  ],
  "displayUrl": [
    "www.welt.de",
    "www.telegraph.co.uk",
    "www.gulf-times.com",
    "www.qatarsucks.com",
    "www.alternet.org",
    "www.dailymail.co.uk",
    "www.tripadvisor.com",
    "www.expat.com",
    "rosinwonderland.wordpress.com",
    "www.nytimes.com"
  ]
}