{
  "id": "Q326_R25_C2",
  "initial_query": "'Qatar Petroleum' 'Qatar Gas' 'Shell' companies v recruitment luck had paid negotiate monthly",
  "relaxed_query": "'Qatar Petroleum' 'Qatar Gas' 'Shell' companies v recruitment luck had paid negotiate monthly",
  "links": [
    "http://oilprice.com/Energy/Energy-General/Post-ISIS-Mosul-Awaits-Russia-vs-Turkey-Stand-Off.html",
    "https://www.bloomberg.com/features/2016-goldman-sachs-libya/",
    "http://gulfnews.com/business/economy/uae-salary-guide-2015-are-you-being-paid-enough-1.1458641",
    "https://www.ft.com/content/44ed7e90-3960-11e7-ac89-b01cc67cfeec",
    "http://www.alternet.org/news-amp-politics/tiny-house-village-portlands-homeless-find-dignity",
    "http://www.gulf-times.com/",
    "http://www.alternet.org/education/secrets-military-trainers-never-tell-young-recruits-about-war",
    "https://www.dia.govt.nz/diawebsite.nsf/wpg_URL/Services-Anti-Spam-Email-Scams-February-2013",
    "http://www.scmp.com/business/commodities/article/1940529/husky-and-primeline-legal-threats-against-cnooc-put-spotlight",
    "https://kw.linkedin.com/in/jerald"
  ],
  "snippets": [
    "Oct 27, 2016 ... Related: Houston Oil and Gas: Cuts and Rehires Indefinitely Frozen ... going \nthrough Iran to Russia, China and other eastern partners during post-ISIS \nnegotiations. ... Private contributions from multinational oil companies that had \nbeen active in Iraq will be ... US has it's sights on that other line from Qatar.",
    "Sep 29, 2016 ... Qaddafi's peaceful turn had reopened Libya to Western banking for the first time \nin ... Its $60 billion in oil wealth, no longer dammed up by international ... \nnegotiation, the bank was willing to guarantee him $9 million in pay. ..... the \nleaders of Qatar, who'd invested in the shares of troubled banks. .... The LIA v.",
    "Feb 18, 2015 ... Negotiating for a bigger paycheque can be both tricky and uncomfortable. ... The \n2015 Salary Guide by Hays, a recruitment agency that has an office in ... A \nspokesperson from Hays clarified that the companies surveyed for the ... Here's a \nclose look at the current range of monthly salaries for a number of\u00a0...",
    "May 18, 2017 ... Mr Robson runs an English company called Torotrak that invents ... Even leaders \nin the oil and gas sector have been forced to confront an ... that is \u201cunstoppable\u201d (\nRoyal Dutch Shell) and \u201creshaping the energy industry\u201d (Statoil). ... natural gas \nprojects has put the country in position to overtake Qatar as the\u00a0...",
    "Feb 4, 2016 ... If they're really lucky, they may end up like Lisa Larson, Dignity ... location after \ncontentious negotiations, but there are no more tents. ... and a mailing address \nfor nearly 60 adults, who pay $35 a month in ... In Eugene, Oregon, Opportunity \nVillage has lifted the concept wholesale. ..... The Donald vs The King.",
    "Gulf Times - Qatar's top-selling English daily newspaper published in Qatar and \nprovide the latest information on weather, currency rates, Prayer in addition to\u00a0...",
    "Apr 7, 2016 ... But here was the strangest thing: when I had said my piece (or perhaps I ... \u201cThe \nrecruiting office,\u201d the teacher says, gesturing toward it, and then asks, ... \u201cI signed \nup for the Army Rangers to have my student loans paid for and to ... gasps as I \ndescribe how my company of Rangers occupied a village school\u00a0...",
    "Subject: Urgent - You password has been submitted from a foreign IP address ! \n.... From: Desire Petroleum PLC <recruit.dept consultant.com> .... I want you to \nknow that payment will be made with our company credit card, which will be ... of \nour new year lucky winners on this ongoing FREE LOTTERY EMAIL \nPROMOTIONS.",
    "May 2, 2016 ... Oil price extends overnight gains but excess supply lingers ... [mechanism] must \nbe negotiated and [subject to mutual agreement] . ... Since June last year, it \nalleged, Zhejiang Gas had only paid for the gas ... Asked about the dispute's \nimpact on CNOOC, the company's chief ...... A war of words: Kim vs Trump\u00a0...",
    "Jerald Majella has 15 years of Kuwait experience in recruitment of all ... UAE, \nQatar, Oman, Bahrain and Iraq like building construction, Infrastructure, Oil & Gas \n& Automotive. Worked on more than 100 Million KD projects with top companies \nlike IMCO ... \u2022negotiating pay and salary rates and finalising arrangements \nbetween\u00a0..."
  ],
  "displayUrl": [
    "oilprice.com",
    "www.bloomberg.com",
    "gulfnews.com",
    "www.ft.com",
    "www.alternet.org",
    "www.gulf-times.com",
    "www.alternet.org",
    "www.dia.govt.nz",
    "www.scmp.com",
    "kw.linkedin.com"
  ]
}