{
  "id": "Q326_R25_C7",
  "initial_query": "'Qatar Petroleum' 'Qatar Gas' 'Shell' hey companies paid salary paid join know local",
  "relaxed_query": "'Qatar Petroleum' 'Qatar Gas' 'Shell' hey companies paid salary paid join know local",
  "links": [
    "http://www.hays.ae/cs/groups/hays_common/@ae/@content/documents/digitalasset/hays_1313021.pdf",
    "https://dohanews.co/report-salary-raises-in-qatar-to-be-lowest-in-five-years/",
    "http://www.pravdareport.com/business/companies/10-08-2016/135280-natural_gas_russia_iran-0/",
    "http://www.shell.com/investors/dividend-information/historical-dividend-payments.html",
    "https://locations.westernunion.com/",
    "http://www.shell.com.pk/",
    "http://www.alternet.org/election-2016/500-pound-lobbyist-room",
    "http://johnmaxwellteam.com/",
    "http://www.rollingstone.com/politics/news/inside-the-koch-brothers-toxic-empire-20140924",
    "http://www.moneycrashers.com/invest-oil-gas-opportunities/"
  ],
  "snippets": [
    "I think we all know that a larger salary shouldn't be the only or primary ... not \ncover the Oil & Gas specialism. ... Gas Salary Survey in conjunction with Oil & \nGas ... was a \u201cstandard annual pay rise across the whole company\u201d. ..... style \nattractive' UAE and into Qatar and Saudi Arabia. .... Enterprises (SME's)/local \ncompanies.",
    "Jan 11, 2016 ... #Qtip: Four things to know about Qatari women's weddings ... Report: Salary \nraises across Qatar in 2016 to be lowest in five years ... oil and gas firms from \nmaking additional investments in Qatar. ... yep, avent had a pay rise since joining \nin december 2013. half the reason ... But hey ho that is my view only.",
    "Aug 10, 2016 ... Business \u00bb Companies ... Russia and Iran already develop gas fields in the \nAzerbaijani sector ... it does not mean that Russia should not pay attention to the \nCaspian region. ... However, Iran and Qatar realize that this is not going to \nhappen, so .... Kissing the American troops they know that Russia will never\u00a0...",
    "Royal Dutch Shell will declare its dividends in US dollars. Dividends declared on \nA Shares will be paid in euro, although holders of A Shares will be able to elect\u00a0...",
    "Find a Western Union\u00ae agent location around the world. Send money from a \nWestern Union agent location to thousands of locations around the world or \ndirectly\u00a0...",
    "As one of the world's leading energy companies, Shell plays a key role in helping \nto ... Shell Pakistan Limited will pay the fine imposed by the Oil and Gas ... Check \nout Shell's unique range of fuels and the technological expertise that ... Join us as \nwe explore some of the most unique and exhilarating drives on the planet.",
    "Jul 7, 2016 ... As party members meet to approve a new platform, they pay little attention to the \n... Economy \u00b7 Labor \u00b7 Local ... By Michael Winship / Moyers and Company ... have \nto shell out big bucks to get any attention paid, emphasis on the \u201cpaid. ... These \nmembers know they can command a premium \u2014 $100,000 more\u00a0...",
    "You will join because of John but, you will be successful because you will not be \nalone. ... Businesses or Organizations of Our Team Members ... US Dept of \nEnergy \u2022 SunTrust Bank \u2022 Qatar Petroleum \u2022 John Hopkins University \u2022 AARP ... of \nMedicine\u2022 Heartland Payment Systems \u2022 ServPro \u2022 MoneyGram International \u2022 \nPfizer",
    "Sep 24, 2014 ... And in 1999, a jury handed down to Koch's pipeline company what was ... Koch's \nclimate pollution, meanwhile, outpaces oil giants including Valero, Chevron and \nShell. ..... the company the right to buy a large share of Qatar's export crude. .... \nUltimately, state and federal agencies forced Koch to pay a $30\u00a0...",
    "These companies or projects buy or lease land and invest money in drilling. If \nthey strike oil, the investment can pay off 10 times over \u2013 sometimes much more if \nthe .... Hey, I would love to hear your thoughts about Fossil Oil. ... I live in West \nTexas and know of many operators that want to sell their .... Join 102,863 \nSubscribers."
  ],
  "displayUrl": [
    "www.hays.ae",
    "dohanews.co",
    "www.pravdareport.com",
    "www.shell.com",
    "locations.westernunion.com",
    "www.shell.com.pk",
    "www.alternet.org",
    "johnmaxwellteam.com",
    "www.rollingstone.com",
    "www.moneycrashers.com"
  ]
}