{
  "id": "Q326_R25_C4",
  "initial_query": "'Qatar Petroleum' 'Qatar Gas' 'Shell' companies salary etc engineer have paid lead monthly",
  "relaxed_query": "'Qatar Petroleum' 'Qatar Gas' 'Shell' companies salary etc engineer have paid lead monthly",
  "links": [
    "https://us.oilandgasjobsearch.com/Oil-and-Gas-Jobs/Search/Offshore",
    "https://www.payscale.com/research/US/Job=Chemical_Engineer/Salary",
    "https://us.oilandgasjobsearch.com/Oil-and-Gas-Jobs/All-Oil-and-Gas-Jobs/Qatar",
    "https://www.orionjobs.com/oil-gas-jobs",
    "http://www.hays.ae/cs/groups/hays_common/@ae/@content/documents/digitalasset/hays_1313021.pdf",
    "https://www.gov.uk/guidance/exporting-to-qatar",
    "https://www.hays.com/oil-and-gas/SalaryGuide/hays-oil-gas-global-salary-guide-2013-1269348",
    "https://www.prospects.ac.uk/job-profiles/petroleum-engineer",
    "https://www.glassdoor.com/Salary/Chevron-Salaries-E13524.htm",
    "https://www.onlineqatar.com/living/cost-of-living-qatar.aspx"
  ],
  "snippets": [
    "Jobs 1 - 20 of 756 ... Do you have a valid IWCF supervisor certificate? ... Position: Head Planning (\noffshore) Job Location: Qatar Minimum 15 years ... engineering, of which 8 years \nin project planning of Oil and Gas ... Company description: Shell Nederland BV is \na platform for ... Offshore, Nigeria | Salary not specified | Contract.",
    "In the world of Chemical Engineers, overall income ranges from $51K near the \nbottom to ... The company is the main element affecting pay for this group \u2014 \ncareer .... 3M Company Trihydro Corporation BP Amoco Shell Oil Company (24 \nsalaries) (22 .... with company losses we have lost some perks (bonuses, stock \nplan, etc.)\u00a0...",
    "Jobs 1 - 20 of 115 ... Position: Drilling Supervisor Location: Qatar Job type: Rotational We are ... We \nhave an opening for Sr. Project Engineer (infrastructure & civil ... Doha, Doha, \nQatar | Salary not specified | Contract ... An Oil & Gas Operations Company \nlooking for a Planner to be .... Last Month 67 ... Electronics Technician 3.",
    "Search and apply for the latest Oil and Gas Jobs today. ... An Oil & Gas \nOperations Company looking for a Planner to be based in Qatar Purpose Reports \ninto the\u00a0...",
    "not cover the Oil & Gas specialism. ... Gas Salary Survey in conjunction with Oil & \nGas ... was a \u201cstandard annual pay rise across the whole company\u201d. ..... \nvacancies we have seen, leads us to believe that 2015 will ... Other (Engineering, \nOil & Gas, Digital, Laborers, .... style attractive' UAE and into Qatar and Saudi \nArabia.",
    "Mar 27, 2017 ... Shell's investment at the Pearl Gas to Liquids (GTL) plant at Ras Laffan is the ... \nTies between the UK and Qatar oil and gas industries are close, with the .... UKEF \nhelps UK companies get paid by insuring against buyer default. .... DIT provides \nfree international export sales leads from its worldwide network.",
    "It is with great delight that we introduce this year's global oil and gas salary guide. \n.... result is very high pay rates, although both would appear to have met some ... \nQatar. N/A. 77,900. Romania. 34,400. 105,200. Russia. 57,900. 151,100 .... \nengineering firms out of South Korea (with ...... 100,000+ job applications per \nmonth.",
    "Find out expected salary, working hours, qualifications and more. ... A petroleum \nengineer is involved in nearly all of the stages of oil and gas field evaluation, ... \nPay is performance-related and you may receive bonuses for offshore work. ... \nOnce you have gained experience the work is mainly office-based and involves\u00a0...",
    "Sep 12, 2017 ... Salaries posted anonymously by Chevron employees. ... Glassdoor has salaries, \nwages, tips, bonuses, and hourly pay based upon employee reports and \nestimates. .... Petroleum Engineer ... $6,036 monthly. $4k. $9k .... Glassdoor has \nmillions of jobs plus salary information, company reviews, and interview\u00a0...",
    "The cost of living for the year 2015 in Qatar has been forecasted to be largely \nsteady. ... Rentals usually constitute about one-third of average monthly \nexpenses of an ... The cost of 1 litre (1.4 gallon) of gas, oil or petrol is QR1.00 (\nsuper petrol) .... enough salary (QR15,000 to QR20,000 or more) to lead a \ncomfortable life in a\u00a0..."
  ],
  "displayUrl": [
    "us.oilandgasjobsearch.com",
    "www.payscale.com",
    "us.oilandgasjobsearch.com",
    "www.orionjobs.com",
    "www.hays.ae",
    "www.gov.uk",
    "www.hays.com",
    "www.prospects.ac.uk",
    "www.glassdoor.com",
    "www.onlineqatar.com"
  ]
}