{
  "id": "Q327_R78_C4",
  "initial_query": "'American' 'Egyptian' 'Doha' boyfriend woman june problems visiting coming lives good",
  "relaxed_query": "'American' 'Egyptian' 'Doha' boyfriend woman june problems visiting coming lives good",
  "links": [
    "https://www.cnbc.com/2017/06/04/saudi-arabia-bahrain-and-egypt-cut-diplomatic-ties-with-qatar.html",
    "http://www.immihelp.com/experience/view-4-29-usavisitorvisa_b2visa.html",
    "http://www.telegraph.co.uk/expat/before-you-go/10418066/Going-solo-in-the-Gulf-what-single-women-need-to-know.html",
    "http://www.dailymail.co.uk/wires/ap/article-4572454/The-Latest-Etihad-airline-suspends-flights-Qatar.html",
    "https://pinayflyinghigh.com/reasons-why-living-in-dubai-will-ruin-you-for-life/",
    "https://www.theatlantic.com/international/archive/2017/06/al-jazeera-qatar-saudi-arabia-muslim-brotherhood/531471/",
    "https://dohanews.co/cohabitation-laws-cause-confusion-for-hotel-guests/",
    "https://bkpk.me/why-i-left-dubai-and-wont-come-back-part-22/",
    "http://www.adventurouskate.com/solo-female-travel-in-the-middle-east-is-it-safe/",
    "http://www.deliciousbaby.com/travel/family-travel-tips/travel-documents/documentation-when-travelling-without-a-spouse/"
  ],
  "snippets": [
    "Jun 4, 2017 ... Saudi Arabia, Egypt lead Arab states cutting Qatar ties, Iran blames Trump ... \nHassan Rouhani, tweeted in a reference to Trump's recent visit to Saudi Arabia. \n... Trump and other U.S. officials participated in a traditional sword dance ... A \npicture taken on June 5, 2017 shows a Saudi woman and a boy walking.",
    "Aug 13, 2017 ... US VISIT VISA DENIED at USA Embassy (New Delhi). ... Property : good amount \nof property and cash worth crores in the name ... VO was sweet looking American \nLady ... but before coming to malaysia i have rejected by usa as a student visa ... \nIn NJ for a IT company (He has a pronunciation problem so he\u00a0...",
    "Nov 4, 2013 ... Our writer gathers tips for women thinking of moving alone to the United ... to find \nout what life is really like for a single woman living there. ... \"I had my bottom \npinched in the supermarket on my very first evening in Doha. ... so it's good to \nhave someone to come home to, share a glass of wine, ... US News.",
    "Jun 5, 2017 ... American universities say branch campuses in Qatar are operating ... Qatari \nwomen and a man enjoy walking by the sea in Doha, Qatar. Saudi Arabia and \nthree Arab countries severed ties to Qatar on Monday, June 5, 2017 and ... The \nvisit and statement Monday evening came after Saudi Arabia, Egypt,\u00a0...",
    "Here are just some of the reasons why living in Dubai will ruin you for life. 1. ... \nYou don't get what the hype is all about when it comes to signature restaurants as \nthere ... You realize how good it is that kids in Dubai are being exposed to \ndifferent ..... I visited Dubai many times and do not remember any problems with \nsewage.",
    "Jun 24, 2017 ... Taken as a whole, the list asks Doha to do nothing short of change its ... \nNetwork's headquarters building in Doha, Qatar on June 8, 2017. ... In 1999, \nwhen the longtime Egyptian president Hosni Mubarak visited its cramped ... \nAlong with reporting the news, though, Al Jazeera has also spent a good chunk \nof\u00a0...",
    "Nov 4, 2013 ... In Qatar, it is illegal for unmarried men and women to live together or ... When it \ncomes to enforcement, there appears to be a correlation with price ... Inconsistent \nenforcement recently flummoxed June (not her real name), an American woman \n... The woman apparently flew to Doha from the US to visit him at\u00a0...",
    "Jun 20, 2012 ... WOMEN are not the same as MEN The rules were created by men in a ... Home; \nAbout Us ... If you live in Dubai and really want to know what happens there, \neither ... If you stay in Dubai for too long, there is a very good chance you start .... \nand raised in the UAE and have NEVER even visited their countries.",
    "Aug 20, 2014 ... For this piece, I decided to bring in an expert on solo female travel in the Middle \n... home country of America and its multitude of differences from the life and the ... \nI also lived in the U.A.E. for three months, Egypt for about seven months ... If you'\nre going to be visiting the cities of Muscat, Oman, for example,\u00a0...",
    "For US Citizens, the state department website is travel.state.gov ..... I want to take \nmy 2 kids to Egypt,to see my family for a feww weeks and come back to USA ..... \nMy mom is traveling with my baby girl who is 5 months old to Mexico, and I'm \ntraveling ... I had a problem with my boyfriend six months ago,which lead to us \napart."
  ],
  "displayUrl": [
    "www.cnbc.com",
    "www.immihelp.com",
    "www.telegraph.co.uk",
    "www.dailymail.co.uk",
    "pinayflyinghigh.com",
    "www.theatlantic.com",
    "dohanews.co",
    "bkpk.me",
    "www.adventurouskate.com",
    "www.deliciousbaby.com"
  ]
}