{
  "id": "Q328_R23_C2",
  "initial_query": "'Flight' 'Qatar Airways' benefits kind employees part working considering heard able",
  "relaxed_query": "'Flight' 'Qatar Airways' benefits kind employees part working considering heard able",
  "links": [
    "http://www.telegraph.co.uk/expat/before-you-go/moving-guide-10-things-to-know-before-relocating-to-qatar/",
    "http://www.cabincrew.com/forums/before-applying-for-qatar-airways/175463/1",
    "https://thepointsguy.com/2017/07/qatar-british-airways-review/",
    "https://cabincrewexcellence.com/thinking-of-becoming-cabin-crew-salaries-benefits-contracts-explained/",
    "https://thepointsguy.com/2015/01/insider-series-true-life-of-an-emirates-flight-attendant/",
    "http://www.businessinsider.com/heres-what-its-really-like-to-be-a-flight-attendant-2015-9",
    "https://www.indeed.com/forum/job/flight-attendant/emirates-airlines/t326588",
    "http://www.independent.ie/business/small-business/advice-centre/",
    "http://www.justhere.qa/2013/10/10-things-know-employed-qatar/",
    "http://www.dailymail.co.uk/news/article-4656588/Qatar-Airways-flies-rescue-strike-hit-BA.html"
  ],
  "snippets": [
    "Oct 15, 2015 ... With hundreds of expats flooding into Qatar every day, British .... This means that \nevery expat employee brought into the country is linked ... I've heard of people \nnot being able to attend family funerals ... Also consider your annual travel costs. \n... one return economy flight to Heathrow with Qatar Airways costs\u00a0...",
    "Labor or Worker Strikes are unheard of in this part of the world. ... If only there \nwas a Union to protect the staff, Qatar Airways would have ... It isn't easy for the \nemployees who already work here to just leave and .... In almost every flight you \nwill hear a crew member spreading the news ..... Customer is King!",
    "Jul 25, 2017 ... Flight Review: British Airways Business Class and Economy, ... Qatar Airways is \ncurrently operating certain British Airways flights, as the ... the round-trip flight \ncost about $450, which wasn't bad considering I ... But there won't be any staff. .... \nseats, saw me working on this post and said, \u201cOh my, you type fast!",
    "However if you are working for an airline who has relocated you abroad, they will \n... If you consider joining one of the major airlines in the Middle East or the Gulf ... \nThe Average Earnings Of Junior Cabin Crew Flying For These Airlines Are As \nFollows. Qatar Airways: basic $1150 + per diem (on layovers) + block hour pay.",
    "Jan 8, 2015 ... As part of our new Insider Series, here's TPG Contributor Carrie A. Trey's behind-\nthe-scenes, anonymous report from a working Emirates flight attendant. ... The \nthree major airlines in the Middle East\u2014Emirates, Qatar Airways and .... It is these \nkind of reports and awful things I hear about middle eastern\u00a0...",
    "Sep 12, 2015 ... Danny Elkins has been a Delta Air Lines flight attendant for more than ... While \nthe job is demanding at times, it does help to work for an airline employees seem \nto love. ... and benefits, a professional and friendly environment, and flexibility. .... \nThe best part is being able to have dinner in San Francisco one\u00a0...",
    "I'm already a flight attendant and had no desire to get hired on, but ... people who \nspeak arabic?! or even Qatar Airways is hiring arabic speakers .... I've got a \nquestion to those who work as flight attendant in emirates. .... of the job \nrequirements .. narrow jump seats and being able to reach the overhead bins.",
    "'One of my staff is using drugs and their work is now failing - what can I do?' ... I \nam considering opening my own shop and would like some advice. .... This June, \nQatar Airways will commence daily flights from Dublin to the Qatari ... Q: As a \nsuccessful businessman, were you able to make time for hobbies and other \ninterests?",
    "Oct 1, 2013 ... The only exceptions to this are the following benefits that are ... Though Qatar \nAirways was found violating this, according to recent reports. ... This sum is due to \nthe employee within 7 days of his last working day with the organisation. ...... i \nheard that my company are not giving this NOC. is there any option\u00a0...",
    "Jul 1, 2017 ... Qatar Airways has come to the rescue of strike-hit BA as the Middle ... Four flights \nhave been cancelled as British Airways workers begin the ... 'All our customers \nwill be able to fly to their destinations. .... should consider changing their normal \njourneys, working from home, ..... Part of The Firm now Meghan?"
  ],
  "displayUrl": [
    "www.telegraph.co.uk",
    "www.cabincrew.com",
    "thepointsguy.com",
    "cabincrewexcellence.com",
    "thepointsguy.com",
    "www.businessinsider.com",
    "www.indeed.com",
    "www.independent.ie",
    "www.justhere.qa",
    "www.dailymail.co.uk"
  ]
}