{
  "id": "Q328_R23_C1",
  "initial_query": "'Flight' 'Qatar Airways' benefits kind employees vomit working considering get able",
  "relaxed_query": "'Flight' 'Qatar Airways' benefits kind employees vomit working considering get able",
  "links": [
    "https://thepointsguy.com/2015/01/insider-series-true-life-of-an-emirates-flight-attendant/",
    "https://wanderwisdom.com/transportation/10-Things-Flight-Attendants-Dont-Want-You-to-Know",
    "https://qatarairways.zendesk.com/hc/en-us/articles/206460828-Conditions-of-Carriage",
    "https://warontherocks.com/2016/06/we-already-have-an-arsenal-plane-its-called-the-b-52/",
    "http://liveandletsfly.boardingarea.com/2013/02/19/thrown-off-a-united-airlines-flight-for-taking-pictures/",
    "https://www.rover.com/blog/true-story-dog-prozac/",
    "https://www.health.ny.gov/environmental/chemicals/toxic_substances.htm",
    "https://fetzthechemist.wordpress.com/2012/04/08/a-plane-full-of-indians-behaving-badly/",
    "https://www.britishairways.com/en-us/information/travel-assistance/medical-conditions-and-pregnancy",
    "https://www.neverendingfootsteps.com/2014/01/24/dont-have-proof-of-onward-travel-when-asked/"
  ],
  "snippets": [
    "Jan 8, 2015 ... The three major airlines in the Middle East\u2014Emirates, Qatar ... This type of \nschedule is par for the course at the ME3, yet would be illegal ... would likely \nbump a revenue passenger in order to get an employee .... I have several \ncolleagues working in European and Australian airlines, and they will be able to\n\u00a0...",
    "May 30, 2015 ... To give you an idea of just how crazy a flight attendant's work day can be, ... So if \nyou think we are always able to squeeze in a quick beach trip, get a golden \nsuntan, watch a .... A lot of us live with other airline employees (five, ten, or even \nfifteen .... Again, however, many airlines outsource this kind of work to\u00a0...",
    "QATAR AIRWAYS CONDITIONS OF CARRIAGE FOR PASSENGERS AND ... \u201c\nAuthorised Agent\u201d means a Passenger sales agent who we have appointed to ... \n\u201cFlight Coupon\u201d means that portion of the Ticket that bears the notation \u201cgood for \n...... of liability available to us shall apply to and be for the benefit of our \nemployees,\u00a0...",
    "Jun 22, 2016 ... The concept briefings for the miniature air-launched decoy (MALD) are littered \nwith ... Not only is the idea not new, but, we already have an arsenal plane. ... \nsystem has no place at the table among the looming myriad needs of the Air \nForce and ... so that the B-52 could assume the role of flying magazine.",
    "Feb 19, 2013 ... Thrown Off a United Airlines Flight for Taking Pictures! ... I wanted to ensure that I \nhad ample time to consider what transpired before hurling .... We began working \non alternative arrangements that would preserve my upgrade ... I have no regrets \nabout this incident (other than not being able to take the flight).",
    "Jul 25, 2016 ... Are you considering Prozac for your dog? You're ... I grew up on a hobby farm \nwith all kinds of animals and have worked with horses in several\u00a0...",
    "Since drinking gasoline can cause burns, vomiting, diarrhea and, in very ... \nChemical B may have no noticeable effects during exposure, but may cause \ncancer years later. ... Chemicals can enter and irritate the nose, air passages and \nlungs. .... been exposed to a toxic substance (usually at work or from an \nenvironmental\u00a0...",
    "Apr 8, 2012 ... The flights each way are often 80% to 90% south Asians, and the vast bulk of\u2026 ... \nAirlines, which makes it the connecting point for a lot of people flying to south \nAsia. ... Indians who cannot sleep through the rest period will get up and ... at us \nand judging should also consider many factors and the people of\u00a0...",
    "British Airways offer help and information about travelling if you have medical ... \nWe can offer you the opportunity to buy travel insurance as part of your flight ... a \nrecognised medical assistance company who specialise in this type of service. ... \nMedical Clearance Unit (PMCU) who will be able to advise if you're fit to fly.",
    "Jan 24, 2014 ... You need to have an onward ticket to board this flight. ... We won't be able to let \nyou on the plane. .... whether looking up would cause me to laugh, cry or vomit all \nover the desk. ... I just kind of assumed I wouldn't be asked for one. ...... that may \nwork for some airlines, but the lady I spoke to from Qatar Airways\u00a0..."
  ],
  "displayUrl": [
    "thepointsguy.com",
    "wanderwisdom.com",
    "qatarairways.zendesk.com",
    "warontherocks.com",
    "liveandletsfly.boardingarea.com",
    "www.rover.com",
    "www.health.ny.gov",
    "fetzthechemist.wordpress.com",
    "www.britishairways.com",
    "www.neverendingfootsteps.com"
  ]
}