{
  "id": "Q328_R23_C3",
  "initial_query": "'Flight' 'Qatar Airways' benefits kind employees life working considering am able",
  "relaxed_query": "'Flight' 'Qatar Airways' benefits kind employees life working considering am able",
  "links": [
    "http://www.qatarairways.com/PrivilegeClub/programme_terms_and_conditions.page",
    "https://cabincrewexcellence.com/thinking-of-becoming-cabin-crew-salaries-benefits-contracts-explained/",
    "https://www.indeed.com/cmp/Qatar-Airways/reviews?ftopic=culture",
    "http://www.telegraph.co.uk/expat/before-you-go/moving-guide-10-things-to-know-before-relocating-to-qatar/",
    "https://thepointsguy.com/2015/01/insider-series-true-life-of-an-emirates-flight-attendant/",
    "https://qatarairways.zendesk.com/hc/en-us",
    "https://www.theguardian.com/world/2015/jun/19/glass-ceiling-in-the-sky-qatar-airways-pregnant-employees",
    "https://thepointsguy.com/2017/07/qatar-british-airways-review/",
    "http://www.cabincrew.com/forums/before-applying-for-qatar-airways/175463/1",
    "https://blogs.jobs.ac.uk/working-in-the-middle-east/2012/01/22/employment-packages/"
  ],
  "snippets": [
    "Award means a Benefit that Qatar Airways or one of its Partners makes ... Airline \nPartners means oneworld Carriers and other airlines whose flights may, ... \nQmiles + Cash Award means a type of Award ticket issued in accordance with \nsection 14.3. ... 5.2 You must be able to produce your Membership Card and \nquote your\u00a0...",
    "However if you are working for an airline who has relocated you abroad, they will \n... If you consider joining one of the major airlines in the Middle East or the Gulf ... \nThe Average Earnings Of Junior Cabin Crew Flying For These Airlines Are As \nFollows. Qatar Airways: basic $1150 + per diem (on layovers) + block hour pay.",
    "Reviews from Qatar Airways employees about Culture. ... My co-workers I like \nand I have to respect them is this kind of law in life that it will always work. The \nhardest part of the job its when I am operating flights and I feel sick there is no \nway to ... As a typical day at work, I would consider only the SOP's that we had to \nfollow,\u00a0...",
    "Oct 15, 2015 ... What little I did know about everyday life in Qatar, I had gleaned from the internet. \n.... This means that every expat employee brought into the country is linked to a ... \nThey are also able to work under their husband's sponsorship, ... For example, \none return economy flight to Heathrow with Qatar Airways costs\u00a0...",
    "Jan 8, 2015 ... The three major airlines in the Middle East\u2014Emirates, Qatar Airways ... Fly in \nfrom Manchester at 7 a.m. and go back out to Perth at 2 a.m. the ... At the ME3, \nthough, management views their employees as little .... I have several colleagues \nworking in European and Australian airlines, and they will be able to\u00a0...",
    "Other airlines have already suspended flights to Qatar; how will the passenger \ntraffic move out of the ... Why am I unable to update/amend my personal details \non the website? .... What kinds of meals are served on Qatar Airways flights? ... \nWhen will I be able to earn or redeem Privilege Club benefits on oneworld flights\n?",
    "Jun 19, 2015 ... A flight attendant with Qatar Airways, which demands its crew live under ... and \nrestricts their movements, relationships and family life. ... Organisation threw a \nrenewed spotlight on working practices at the Gulf .... to improve its policies, \npractices and benefits for cabin crew staff. ... 1960s, Pan Am cabin crew.",
    "Jul 25, 2017 ... Flight Review: British Airways Business Class and Economy, ... Qatar Airways is \ncurrently operating certain British Airways flights, as the ... the round-trip flight \ncost about $450, which wasn't bad considering I ... But there won't be any staff. .... \nseats, saw me working on this post and said, \u201cOh my, you type fast!",
    "If only there was a Union to protect the staff, Qatar Airways would have been ... It \nisn't easy for the employees who already work here to just leave and find other \njobs. ... A while ago, some passengers were kind enough to take pictures of crew \n... They roster a crew for a Saigon flight where the scheduled\u00a0...",
    "Jan 22, 2012 ... I am constantly being asked about salaries in Qatar and, although they ... I always \nstress to those considering a move here that you must ... are not able to just move \nto Qatar and find work, employment must be organised beforehand. ..... I just want \nto ask (if your familiar) about the benefits of Qatar Airways\u00a0..."
  ],
  "displayUrl": [
    "www.qatarairways.com",
    "cabincrewexcellence.com",
    "www.indeed.com",
    "www.telegraph.co.uk",
    "thepointsguy.com",
    "qatarairways.zendesk.com",
    "www.theguardian.com",
    "thepointsguy.com",
    "www.cabincrew.com",
    "blogs.jobs.ac.uk"
  ]
}