{
  "id": "Q328_R23_C4",
  "initial_query": "'Flight' 'Qatar Airways' 'Qatar Airways QR' benefits employees kind grade considering working am able",
  "relaxed_query": "'Flight' 'Qatar Airways' 'Qatar Airways QR' benefits employees kind grade considering working am able",
  "links": [
    "http://www.qatarairways.com/us/en/special-services.page",
    "https://www.qatarairways.com/en-in/homepage.html",
    "https://cabincrewexcellence.com/thinking-of-becoming-cabin-crew-salaries-benefits-contracts-explained/",
    "https://www.tripadvisor.com/ShowTopic-g294009-i3512-k6176191-o20-Doha_Living_Expenses-Doha.html",
    "http://www.cabincrew.com/forums/before-applying-for-qatar-airways/175463/1",
    "https://flightattendantcentral.com/becoming-a-flight-attendant-where-to-start/",
    "https://insideflyer.co.uk/2017/04/one-stop-guide-upgrading-qatar-airways/",
    "http://www.airlinereporter.com/2016/04/first-disappointing-flight-qatar-airways/",
    "https://blogs.jobs.ac.uk/working-in-the-middle-east/2012/01/22/employment-packages/",
    "http://onemileatatime.boardingarea.com/2017/08/01/qatar-reinstating-tickets/"
  ],
  "snippets": [
    "In order to better serve you, we request that you contact us and advise us of your \nspecific needs at the time of booking and at least 48 hours prior to your flight.",
    "... worldwide with Qatar Airways, a world-class airline - Book your flight online for \n... and hospitality now with the added benefit of a visa-free entry for all Indians.",
    "However if you are working for an airline who has relocated you abroad, they will \n... If you consider joining one of the major airlines in the Middle East or the Gulf ... \nThe Average Earnings Of Junior Cabin Crew Flying For These Airlines Are As \nFollows. Qatar Airways: basic $1150 + per diem (on layovers) + block hour pay.",
    "I will be working as a Network Engineer(IT) . ... Oct 24, 2013, 3:10 AM ... of 30k \nQR + 6.5k QR for accomodation (or a 3 bedroom unit in Barwa city) , annual flight, \n.... My husband has been offered a grade 7 job with Qatar Airways. ... let me know \nif we would be able to get a nice 2-3 bedroom furnished flat for 6000 QR or would\n\u00a0...",
    "If only there was a Union to protect the staff, Qatar Airways would have been ... A \nwhile ago, some passengers were kind enough to take pictures of crew ... They \nroster a crew for a Saigon flight where the scheduled ... You won't be allowed to \nget married not before working 5 years with the company.",
    "Whether this is the first time you consider applying for this job, or you have ... You \nmust be minimum 21 years old to start working as a cabin crew. ... Emirates and \nQatar Airways require their candidates to be able to reach 212 cm (6'11.4''). .... \nAm i able to use that as my high school certificate to apply for Cabin crew or i cant\n.",
    "Apr 4, 2017 ... Want to sample Qatar's (QR) revolutionary new \u201csuper business class\u201d ... You are \nonly allowed one-cabin upgrades but considering Qatar ... Doha to Auckland is \none of the longest flights in the world and ... and exclusive benefit of reaching \nelite status with Qatar Airways and are ... 5 April 2017 at 11:21 am.",
    "Apr 1, 2016 ... The business class seat on Qatar Airways' Boeing 777-300ER ... The flight \nattendant working my section asked if I would like a drink. ... I was still able to get \na full night of sleep \u2014 literally a full eight hours. ... Stick to your day job. ... I am not \nasking QR to build their own lounge in T2 (there's no space), but\u00a0...",
    "Jan 22, 2012 ... I am constantly being asked about salaries in Qatar and, although they differ ... I \nalways stress to those considering a move here that you must make sure .... in the \nUK, are there many job opportunities in Qatar for this type of work and ..... I just \nwant to ask (if your familiar) about the benefits of Qatar Airways\u00a0...",
    "Aug 1, 2017 ... For travel originating in Vietnam, Qatar Airways had $500-750 ... The US Is \nConsidering Buying Abandoned Russian 747s To Replace Air\u00a0..."
  ],
  "displayUrl": [
    "www.qatarairways.com",
    "www.qatarairways.com",
    "cabincrewexcellence.com",
    "www.tripadvisor.com",
    "www.cabincrew.com",
    "flightattendantcentral.com",
    "insideflyer.co.uk",
    "www.airlinereporter.com",
    "blogs.jobs.ac.uk",
    "onemileatatime.boardingarea.com"
  ]
}