{
  "id": "Q330_R8_C8",
  "initial_query": "'Wyclef John' 'CUSTOMER' 'BUSINESS' have number please service is call heard lighter",
  "relaxed_query": "'Wyclef John' 'CUSTOMER' 'BUSINESS' have number please service is call heard lighter",
  "links": [
    "http://www.lunionsuite.com/wyclef-jean-dominican-republic-should-revoke-the-citizenship-of-jose-franscisco-pena-gomez/",
    "http://pagesix.com/2017/05/23/orlando-bloom-apologizes-to-waitress-who-got-fired-for-bedding-him/",
    "http://www.billboard.com/articles/columns/the-juice/6546027/killer-mike-run-the-jewels-race-relations-minority-owned-labels-mit-hip-hop-speaker-series",
    "http://pigeonsandplanes.com/in-depth/2016/08/best-songs-of-the-month-17/",
    "http://foxy99.com/",
    "https://en.wikipedia.org/wiki/Black_November",
    "https://www.theodysseyonline.com/examples-mandela-effect-that-will-ruin-your-life",
    "https://en.wikipedia.org/wiki/Shooting_of_Amadou_Diallo",
    "http://www.ramsheadonstage.com/event/1465191-bacon-brothers-9-30pm-show-annapolis",
    "http://www.pjstar.com/article/20151029/NEWS/151029210"
  ],
  "snippets": [
    "Jun 17, 2015 ... Three hours ago, Wyclef Jean posted this message to his instagram page. ... In \ncase you've never heard of Mr. Jos\u00e9 Francisco Pe\u00f1a G\u00f3mez. ...... have no \nelectricity, no basic sewage services, and no potable water. .... I have dated \ndarker and lighter Dominican women\u2026 ... Haitian Owned Businesses\u00a0...",
    "May 23, 2017 ... \u201cOrlando got her number from the Chiltern Firehouse in London and ... \u201cThe call \nwill have come out of the blue \u2014 he is a gentleman and he\u00a0...",
    "Apr 25, 2015 ... Video \u00b7 Photos \u00b7 Business .... Killer Mike Talks Race Relations, Calls For More \nMinority-Owned ... on a leather couch in an unusually intimate lecture hall, no \npunches would ... The MC also called for more minority-owned labels -- \"We \nneed ... make dumb music that I hear on the radio in the middle of the day.",
    "Aug 26, 2016 ... Here are the songs you can't afford to skip, in no particular order. ... After each \nlisten I feel a bit lighter, a bit happier. ... decision made in the service of other \npeople's concerns instead of your own. ... \"Seigfried\" can readily be heard as a \nshedding of skin in favor of real freedom. ... Wyclef Jean - \"Pop Man\".",
    "Get The Foxy 99 FREE App! ... Cardi B Dethroned Taylor Swift's No. 1 With \"\nBodak Yellow\". I'm doing some ... Wyclef Jean Freestyles His Thoughts And \nBeing Immortalized In Music ... They reportedly stole cigarettes, lighters, \ncellphones, and\u2026 Foxy99 read ... When I tell you this man is about to blow up, \nplease believe me.",
    "Black November: Struggle for the Niger Delta is a 2012 Nigerian action drama \nfilm starring an ensemble cast that includes Hakeem Kae-Kazim, Mickey Rourke, \nKim Basinger, Fred Amata, Sarah Wayne Callies, Nse Ikpe Etim, OC Ukeje, \nVivica Fox, Anne Heche, Persia White, Akon, Wyclef Jean and Mbong Amata ... \nSeven hours, no communication is heard from the tunnel - the police, the\u00a0...",
    "May 22, 2017 ... Collective false memory has led to a conspiracy bigger than I can ... to think it is \nthe dumbest thing you've ever heard, but just give it a try. ... so vividly, but they \nhave no evidence proving their memories true. ... you may not have known about \nthe famous hot dog company is that their ..... Visit our Service Desk.",
    "The shooting of Amadou Diallo occurred on February 4, 1999, when Amadou \nDiallo, ... He and a cousin started a business. ... The post-shooting investigation \nfound no weapons on Diallo's body; the item he ... A number of experiments have \nbeen conducted with both undergraduate .... Put'cha lighters up...\" .... John \nLegend.",
    "Jul 8, 2017 ... The brothers have been writing songs and playing music together since ... the \nglass\u201d sideshow to a \u201craise your lighter and sing along\u201d rock band, ... and Wyclef \nJean on the TNT Network's \u201cThe Gift of Song\u201d special. ... \"Now people come to \nsee and hear The Bacon Brothers. ... Wishbone Ash - No Easy Road.",
    "Oct 29, 2015 ... Earlier in the day, company officials announced the impending ... The people I \nhave collaborated with on so many projects, and ... As more people drift in, all \nyou hear are their steps. ... As the morning darkness outside becomes lighter, the \nmeetings begin. ... I can no longer contain my own tears and fears."
  ],
  "displayUrl": [
    "www.lunionsuite.com",
    "pagesix.com",
    "www.billboard.com",
    "pigeonsandplanes.com",
    "foxy99.com",
    "en.wikipedia.org",
    "www.theodysseyonline.com",
    "en.wikipedia.org",
    "www.ramsheadonstage.com",
    "www.pjstar.com"
  ]
}