{
  "id": "Q330_R8_C3",
  "initial_query": " customer line number service hold enjoy is qtel least",
  "relaxed_query": " customer line number service hold enjoy is qtel least",
  "links": [
    "https://www.ooredoo.qa/portal/OoredooQatar/hala-calling-services",
    "https://www.cisco.com/c/en/us/td/docs/voice_ip_comm/cucm/trouble/8_6_1/trbl861/tbfeat.html",
    "https://nest.com/support/article/What-is-wireless-interference-and-how-do-I-troubleshoot-it",
    "http://www.avaya.com/en/product/avaya-aura-call-center-elite/",
    "https://www.paytel.com/family-and-friends/payment-methods/",
    "https://www.fool.com/investing/general/2015/03/01/3-ways-to-cut-your-cable-and-internet-bill.aspx",
    "https://www.metroline.co.uk/recruitment/driver-vacancies",
    "http://www.pleasepress1.com/uk/talktalk/customer-services-and-technical-support/",
    "http://www.optus.com.au/shop/mobile/prepaid/recharge-options/credit-options-iou",
    "http://www.centurylink.com/home/help/repair/modem-and-wifi/troubleshooting-your-modems-power-light.html"
  ],
  "snippets": [
    "Calling Services for Hala prepaid. ... When your main balance drops below QR 1, \nwe'll send you an SMS and ask you if you would like \u201cFast Credit\u201d of QR 5 from \nOoredoo. Simply ... Caller Line Number Identification ... The Collect Call service \nallows Hala customers to request the receiving party ... Call Waiting and Holding.",
    "The CCD requesting service detected that it can no longer reach the learned ... \nFor example, reason code 472 indicates that the external client, in this case, ...... If \nyou configured multicast music on hold, be aware that phones that have an IP\u00a0...",
    "Aug 30, 2017 ... No Data in Protect History. ... Electronics and appliances, like microwave ovens, \ngenerate radio frequency noise as a byproduct, so you may\u00a0...",
    "Your customers are served by the best agent based on their value, agent skill, \npredicted total wait time, and your specific customer service goals.",
    "*The Western Union Quick Collect\u00ae fees* are based on the payment amount, see \n... Make a payment by speaking with a Customer Service Representative. ... your \naccount is out of funds so that you will not have any interruption in services.",
    "Mar 1, 2015 ... The prices for these services are slowly creeping higher, but you can save ... \nMost broadband customers rent the modem that allows them to access their ... \npaid and the modem you choose to buy, but the numbers pile up quickly in your \nfavor. ... It's possible to spend less money on cable and Internet without\u00a0...",
    "Interested in a dynamic, customer facing career? ... Hold a full/clean driver's \nlicence, with at least one year's UK driving experience; Be prepared to work \nvarying\u00a0...",
    "TalkTalk Customer Services and Technical Support ... it includes Voice \nRecognition and/or Account Numbers (or similar inputs). ... Requires mobile \nNumber. 6s.",
    "If you've got at least $2 Extras Credit, we'll immediately deduct that amount from \nyour Extras Credit ... or Optus Day to Day plan you must have less than $2 \nMyCredit balance to use this service. ... We're seeing a lot of talk about data use \nlately with the rise of apps like Instagram and Spotify. ... Optus Official Support \nNetwork.",
    "If the light keeps flashing, unplug the power cord for at least 30 seconds, and \nthen plug it back ... If the light is still red, contact CenturyLink tech support for help\n."
  ],
  "displayUrl": [
    "www.ooredoo.qa",
    "www.cisco.com",
    "nest.com",
    "www.avaya.com",
    "www.paytel.com",
    "www.fool.com",
    "www.metroline.co.uk",
    "www.pleasepress1.com",
    "www.optus.com.au",
    "www.centurylink.com"
  ]
}