{
  "id": "Q330_R8_C4",
  "initial_query": " customer number service is call qtel",
  "relaxed_query": " customer number service is call qtel",
  "links": [
    "https://www.ooredoo.qa/portal/OoredooQatar/contact-us",
    "http://www.verizon.com/support/smallbusiness/contact-us/index.htm",
    "https://www.uscis.gov/archive/archive-news/new-call-menu-uscis-1-800-customer-service-number",
    "http://www.nbcnews.com/nightly-news/video/how-to-combat-the-frustration-of-customer-service-phone-calls-735012931606",
    "http://www.ooredoo.com.kw/en/CustomerCare",
    "http://www.qtelsolutions.com/",
    "https://www.km.com.qa/CustomerService/Pages/Centers.aspx",
    "http://portal.www.gov.qa/wps/portal/customerservice",
    "https://lifehacker.com/5805406/a-step-by-step-guide-to-getting-better-customer-service",
    "https://en.wikipedia.org/wiki/Telephone_numbers_in_Qatar"
  ],
  "snippets": [
    "Call 111. For all enquiries including Billing Enquiry Service, Payment by credit \ncard, Telephone Faults, Internet Services, Mobile Services, Landline, \nInternational\u00a0...",
    "Contact Verizon Small Business Support via chat or by phone for customer \nservice, technical support and billing issues.",
    "Aug 29, 2011 ... On Monday, August 29, individuals calling the National Customer Service \nCenter's 1-800 phone number will hear a brand new message.",
    "Jul 29, 2016 ... Some companies make customer service difficult on purpose. Here's what you \ncan do to finally end the runaround of bad service.",
    "Home |; Customer Care. Customer Care ... Contact Us ... Our SMS service via the \nWeb makes it easy to get over the air configurations for GPRS, MMS and\u00a0...",
    "QTel is the leading provider of Telecommunications Solutions for all your \nbusiness ... to reduce their costs while receiving the highest level of customer \nservice. ... Wide Range of Services: Local, Long Distance, Calling Cards, 8XX \nNumbers,\u00a0...",
    "Kahramaa Customer Service Office Al Khor \u0643\u0647\u0631\u0645\u0627\u0621 \u0627\u0644\u062e\u0648\u0631. Save this place onto ... \nContact Times: Sunday ... Address: D-Ring Road, Number 250. Area: Al-Hilal.",
    "The Government Contact Center offers 24-hour customer service to citizens and \n... The Contact Center can be reached via telephone at 109 (inside Qatar),\u00a0...",
    "Jul 18, 2014 ... Calling customer service can be a miserable experience, but when it ... If it's a \nsystem that asks you to say words instead of dial numbers, you\u00a0...",
    "National Significant Numbers (NSN): eight digits. Format: +974 xxx xxxxx. A new \nnumbering ... 92, 5, 5, Non-geographic number \u2013 SMS services, Designated for \nQtel. 97, 5, 5, Non-geographic number \u2013 SMS services, Designated for Vodafone\n\u00a0..."
  ],
  "displayUrl": [
    "www.ooredoo.qa",
    "www.verizon.com",
    "www.uscis.gov",
    "www.nbcnews.com",
    "www.ooredoo.com.kw",
    "www.qtelsolutions.com",
    "www.km.com.qa",
    "portal.www.gov.qa",
    "lifehacker.com",
    "en.wikipedia.org"
  ]
}