{
  "id": "Q330_R8_C1",
  "initial_query": " customer number service instructions follow is call qtel",
  "relaxed_query": " customer number service instructions follow is call qtel",
  "links": [
    "https://www.ooredoo.qa/portal/OoredooQatar/calling-cards",
    "http://www.verizon.com/support/smallbusiness/contact-us/index.htm",
    "https://www.km.com.qa/CustomerService/Pages/Centers.aspx",
    "http://www.verizon.com/about/responsibility/frauds-and-scams",
    "http://www.linksys.com/us/support-article?articleNum=140074",
    "https://www.uscis.gov/archive/archive-news/new-call-menu-uscis-1-800-customer-service-number",
    "https://www.moi.gov.qa/site/english/metrash2/",
    "https://myaccount.du.ae/DU/initAction.do",
    "http://optimumdev.custhelp.com/app/answers/detail/a_id/296/related/1",
    "http://mytones.ooredoo.qa/PopulateSongs/MyTones?isLoadTermsConditions=true"
  ],
  "snippets": [
    "*Dawli QR 5 International Calling Card minutes will be valid for use on the day of \nactivation only. ... off the secret panel to reveal the voucher number or QR code \nand follow the instructions on ... Hala customers can dial *127* voucher number# \nfor activation. ... Grab one from any of our shops, Ooredoo Self Service Machines,\n\u00a0...",
    "Contact Verizon Small Business Support via chat or by phone for customer \nservice ... Follow @VerizonSupport for help with your TV, phone and Internet \nservices\u00a0...",
    "Kahramaa Customer Service Office Al Khor \u0643\u0647\u0631\u0645\u0627\u0621 \u0627\u0644\u062e\u0648\u0631 ... Contact Times: ... \nAddress: D-Ring Road, Number 250 ... Directions: Between the Mall Signals and \nthe Al-Hilal Signals. ... hours electricity and water emergency and response \ncenter; you can report your problem or concern and follow up the progress of the \nresponse.",
    "Sep 19, 2017 ... If you see any suspicious activity, contact us immediately. By working together, \nwe can help reduce the number of scams that impact consumers\u00a0...",
    "If you cannot access the Internet, contact your Internet Service Provider (ISP). \nYou can also ... Follow the instructions below to manually set up your router.",
    "Aug 29, 2011 ... On Monday, August 29, individuals calling the National Customer Service \nCenter's 1-800 phone number will hear a brand new message.",
    "Home; Services; Activation; Activation two Device; Download; Call us ... In the \nlight of this, MOI introduces its unique service \u201cMetrash 2\u201d that enables ... Transfer \nvehicle ownership; Transfer ownership of significant number plate ... Metrash 2 \nallows using its services on two different smart phones, as follows: ... Contact Us.",
    "Copy Caller tune from any du mobile number by simply entering that number \nhere... Copy ... To start using this service, call 156 and follow the instructions.",
    "Call Forwarding allows you to redirect your calls to a forwarding number so you ... \nIf you haven't set up an account, click here to register. ... Note: When your service \nis restored, calls will automatically ring to your ... You will hear 3 beeps followed \nby a dial tone indicating that Call Forwarding has been successfully turned off.",
    "MyTones is the Ring Back Tone service that allows you to replace your ... Call \n191 from your Ooredoo number and follow the instructions, to choose your \nfavorite tone ... If you are a Prepaid account and If your balance is less than 1QR, \nyou will\u00a0..."
  ],
  "displayUrl": [
    "www.ooredoo.qa",
    "www.verizon.com",
    "www.km.com.qa",
    "www.verizon.com",
    "www.linksys.com",
    "www.uscis.gov",
    "www.moi.gov.qa",
    "myaccount.du.ae",
    "optimumdev.custhelp.com",
    "mytones.ooredoo.qa"
  ]
}