{
  "id": "Q330_R8_C2",
  "initial_query": " customer number service is qtel",
  "relaxed_query": " customer number service is qtel",
  "links": [
    "http://www.qtelsolutions.com/",
    "https://www.ooredoo.qa/portal/OoredooQatar/contact-us",
    "http://www.verizon.com/support/smallbusiness/contact-us/index.htm",
    "https://www.uscis.gov/archive/archive-news/new-call-menu-uscis-1-800-customer-service-number",
    "http://www.ooredoo.com.kw/en/CustomerCare",
    "https://customercarephonecontact.com/ooredoo-qatar-customer-care-contact-number/",
    "http://www.motc.gov.qa/en/news-events/news/ictqatar-confirms-closure-qtel-virgin-mobile-services-qatar",
    "http://www.qatar.doingbusinessguide.co.uk/partner-profiles/qtel/",
    "https://en.wikipedia.org/wiki/Telephone_numbers_in_Qatar",
    "http://portal.www.gov.qa/wps/portal/customerservice"
  ],
  "snippets": [
    "QTel is the leading provider of Telecommunications Solutions for all your \nbusiness ... Rapid Response Customer Service, one of the highest levels of \ncustomer ... Wide Range of Services: Local, Long Distance, Calling Cards, 8XX \nNumbers,\u00a0...",
    "For all enquiries including Billing Enquiry Service, Payment by credit card, \nTelephone Faults, Internet Services, Mobile ... Ooredoo Main Extension numbers:\n.",
    "Contact Verizon Small Business Support via chat or by phone for customer \nservice, technical support and billing issues.",
    "Aug 29, 2011 ... On Monday, August 29, individuals calling the National Customer Service \nCenter's 1-800 phone number will hear a brand new message.",
    "Prefer personal service? Chat online. 121. Store Locator Pay bills online. We \ntake joy in delighting you. Here are several ways we can help. Get service\u00a0...",
    "May 21, 2017 ... Ooredoo Customer Care (Qatar) Contact Service Number ... Center: Ooredoo \nQatar (Formerly Known as Qatar Telecom \u2013 Short Name Qtel).",
    "Qtel is required to transfer all existing customers currently on Qtel's Virgin Mobile \n... a Qtel Virgin Mobile pre-paid service from Qtel, may contact Qtel Customer \nCare at ... Phone number 111 from your Qtel mobile or 44200700; Email address:\n\u00a0...",
    "For Customer Service Issues, please email customer.service@qtel.com.qa ... \nToday, many of Qatar's leading organizations face a number of strategic and\u00a0...",
    "National Significant Numbers (NSN): eight digits. Format: +974 xxx xxxxx. A new \nnumbering ... 92, 5, 5, Non-geographic number \u2013 SMS services, Designated for \nQtel. 97, 5, 5, Non-geographic number \u2013 SMS services, Designated for Vodafone\n\u00a0...",
    "The Government Contact Center offers 24-hour customer service to citizens and \nresidents. ... You'll be given a ticket number, which you can enter to query later."
  ],
  "displayUrl": [
    "www.qtelsolutions.com",
    "www.ooredoo.qa",
    "www.verizon.com",
    "www.uscis.gov",
    "www.ooredoo.com.kw",
    "customercarephonecontact.com",
    "www.motc.gov.qa",
    "www.qatar.doingbusinessguide.co.uk",
    "en.wikipedia.org",
    "portal.www.gov.qa"
  ]
}