{
  "id": "Q330_R8_C5",
  "initial_query": " customer number service shop visiting is are qtel better patient",
  "relaxed_query": " customer number service shop visiting is are qtel better patient",
  "links": [
    "http://www.verizon.com/support/smallbusiness/contact-us/index.htm",
    "https://www.ooredoo.qa/",
    "http://www.verizon.com/support/smallbusiness/internet/hsi.htm",
    "http://www.avaya.com/en/product/avaya-aura-call-center-elite/",
    "https://www.ooredoo.qa/portal/OoredooQatar/contact-us",
    "http://portal.www.gov.qa/wps/portal/customerservice",
    "https://business.comcast.com/internet/business-internet/included-features",
    "http://www.verizonenterprise.com/partnerprogram/",
    "http://www.vodafone.qa/en/support",
    "http://www.qatar.doingbusinessguide.co.uk/partner-profiles/qtel/"
  ],
  "snippets": [
    "Contact Verizon Small Business Support via chat or by phone for customer \nservice, technical support ... More Contact options ... Follow @VerizonSupport for \nhelp with your TV, phone and Internet services from the Verizon Solutions Center.",
    "Ooredoo Qatar, the leading telecommunications service provider. ... Qatar's \nbiggest business portfolio ... eShop. View More ... Self-Service Machines (SSMs), \nwhich have been designed to become a true one-stop-shop for customers' needs\n. ... @impossible2022 Hi, kindly send us your service number in private message \nto.",
    "Solutions to top issues for Business Internet (DSL) customers - set up email, wifi \nand more.",
    "Enable your business to handle all types of customer interactions more efficiently. \n... and customer-service campaigns that align with your business goals.",
    "Note: We'll do our best to respond to your email within 48 hours. Business \nSolutions 8008000@ooredoo.qa; New start-up business newbusiness@ooredoo\n.qa ... Internet Services, Mobile Services, Landline, International Telephone \nEnquiry. ... For all media enquiries, please contact the Media Centre: media@\nooredoo.qa.",
    "View More\u2192 ... The Government Contact Center offers 24-hour customer service \nto citizens ... The Contact Center can be reached via telephone at 109 (inside \nQatar), ... However, if you require further help, you may visit our Service Center.",
    "Comcast Business Internet includes features that supplement your plan with ... \nconnection for your employees and customers so they can do more in more ... \nNon-Comcast subscribers get limited access to the service, but can get two ... \nTailor your business based on your customer's demographics, average shopping \ntimes,\u00a0...",
    "... Partner Program. Industry-leading portfolio. Better solutions to customer \nchallenges. ... Sell selected products and services as a representative of Verizon. \n+\u00a0...",
    "Check out our support page for more information. ... Pay your bill \u00b7 Recharge \nonline \u00b7 Investor Relations \u00b7 Business ... Phones and Numbers ... Service Center \n... Vodafone Qatar Q.S.C is a licensed telecommunications service provider and \nis ... you may contact the CRA at consumervoice@cra.gov.qa , 103 From Qatar or \n+974\u00a0...",
    "For Customer Service Issues, please email customer.service@qtel.com.qa ... \nBusiness opportunities are plentiful in Qatar, and growing more so every day. ... \nstop shop\" approach to providing comprehensive technological and business \nsolutions ... Today, many of Qatar's leading organizations face a number of \nstrategic and\u00a0..."
  ],
  "displayUrl": [
    "www.verizon.com",
    "www.ooredoo.qa",
    "www.verizon.com",
    "www.avaya.com",
    "www.ooredoo.qa",
    "portal.www.gov.qa",
    "business.comcast.com",
    "www.verizonenterprise.com",
    "www.vodafone.qa",
    "www.qatar.doingbusinessguide.co.uk"
  ]
}