{
  "id": "Q330_R8_C7",
  "initial_query": " customer number hav patience is try qtel u",
  "relaxed_query": " customer number hav patience is try qtel u",
  "links": [
    "http://www.centurylink.com/home/help/repair/modem-and-wifi/troubleshooting-your-modems-power-light.html",
    "https://www.freecreditscore.com/contact-us",
    "https://www.geek.com/rants/yahoo-e-mail-nightmare-548106/",
    "http://www3.gehealthcare.com/en/products/categories/patient_monitoring/patient_monitors",
    "https://www.rather-be-shopping.com/blog/2016/09/16/how-to-lower-your-verizon-bill/",
    "https://community.tableau.com/thread/134876",
    "http://www.vodafail.com/pain.php?category=Pain&c=7",
    "https://www.angieslist.com/research/phone-repair-services/",
    "http://www.vodafail.com/pain.php",
    "https://www.indeed.com/forum/cmp/Epic-Systems/long-does-whole-interview-process-take-after-Skill/t132476"
  ],
  "snippets": [
    "Wall outlet problem. It could be the wall outlet isn't getting any power. Try \nplugging something that you know works (e.g., a lamp) into the outlet you are \nusing for\u00a0...",
    "Questions about credit? Contact freecreditscore.com today. We are happy to help \nyou with any questions about your membership.",
    "yahoo is a free service you have to expect to get what you pay for. \u2013 by itsfree .... \nwhen i try and send e-mail it says i don't have that e-mail account number i have \nnever had this problem before. what to do \u2013 by pat clements ..... by rajeev(qtel) ..... \nwe sincerely apologize for the inconvenience and thank you for your patience.",
    "GE monitors connect you to precise, relevant clinical data\u2014when and where you \nneed it\u2014while making the most of your existing equipment investments.",
    "Sep 16, 2016 ... Are you even aware that Verizon offers a pre-paid smartphone plan? ... \nApparently, their customer service reps and corporate store employees get paid a \ncommission ... A combination they apparently have very little time or patience for. \n... Here's the online form if you want to give it a try and get more info.",
    "You have to split your report to two and place them in a dashboard side by ... \nsimple row number will work perfectly) in the source excel sheet like below. ... \nshow a view of whole customer data for all the columns and not able to add a .... \nThanks for the patience.. please find the sample workbook attached.",
    "JUST WHEN YOU THINK THE VODAFONE SAGA CAN'T GET ANY DUMBER ... \nQtel, Etisalat, Korea Telecom and NTT Docomo are believed to have seen the ... \nthe last 18 months have tested its parent companies' patience and we know that \n.... After 1 month of trying to deal with Customer Service, submitted to TIO and\u00a0...",
    "When it comes to telephone service, consumers have many options, from ... \nprecious minutes could be lost while the response team tries to decipher a ... \nBefore you call customer service, read the contract and any relevant .... Experts \nsay patience and persistence pay off when dealing with telecommunications \nproviders.",
    "That way you can always have something in writing. ..... Again a new customer \nservice person tried to tell me it was a handset issue and offered $5 .... and that \nupgrades are scheduled for October 2011. last drop of patience gone now. .... \nQtel, Etisalat, Korea Telecom and NTT Docomo are believed to have seen the \ninitial\u00a0...",
    "Have you got any news from Epic after you took your test? ... I am assuming that \nyou have already passed the logic programming test. .... and i had been there \nsince 8 am) so i kind of ran out of patience lol and just left early. ... No I have not \nheard back yet ... I'm bummed, but trying to shrug it off (not easy)."
  ],
  "displayUrl": [
    "www.centurylink.com",
    "www.freecreditscore.com",
    "www.geek.com",
    "www3.gehealthcare.com",
    "www.rather-be-shopping.com",
    "community.tableau.com",
    "www.vodafail.com",
    "www.angieslist.com",
    "www.vodafail.com",
    "www.indeed.com"
  ]
}