{
  "id": "Q330_R8_C6",
  "initial_query": "'Customer Service' number find is qtel",
  "relaxed_query": "'Customer Service' number find is qtel",
  "links": [
    "http://www.slate.com/articles/news_and_politics/chatterbox/2003/11/amazons_customer_service_number.html",
    "http://www.ooredoo.com.kw/en/CustomerCare",
    "https://www.ooredoo.qa/portal/OoredooQatar/contact-us",
    "http://www.verizon.com/support/smallbusiness/contact-us/index.htm",
    "https://www.pcmag.com/article2/0,2817,2427972,00.asp",
    "https://www.uscis.gov/archive/archive-news/new-call-menu-uscis-1-800-customer-service-number",
    "https://www.xfinity.com/support/billing/viewing-your-bill-online-ecobill/",
    "http://ooredoo.com/en/careers/opportunities/",
    "https://www.verizon.com/support/residential/phone/homephone/billing/privacy+and+security/unauthorized+change+of+telephone+service+carrier+slamming/96024.htm",
    "http://www.dialahuman.com/"
  ],
  "snippets": [
    "Nov 24, 2003 ... Nobody's service is perfect, however, and Amazon is no exception. Should ... \nWhat you will not find is a customer service telephone number.",
    "Prefer personal service? Chat online. 121. Store Locator Pay bills online. We \ntake joy in delighting you. Here are several ways we can help. Get service\u00a0...",
    "Customer Service customer.service@ooredoo.qa. Note: We'll do our ... Ooredoo \nMain Extension numbers: ... For Customer Inquiries, please click here. I Want to\u00a0...",
    "Contact Verizon Small Business Support via chat or by phone for customer \nservice, technical support and billing issues.",
    "Dec 24, 2015 ... Trying to get a little help with those gadget gifts? We've collected all the numbers \nyou need in one handy list.",
    "Aug 29, 2011 ... On Monday, August 29, individuals calling the National Customer Service \nCenter's 1-800 phone number will hear a brand new message.",
    "Go to the Bill Statements page in My Account (https://customer.xfinity.com/#/\nbilling/past-statements). Sign in ... New Names for Some Equipment and Services\n.",
    "Please use this page to find and apply for your ideal job opening. ... Sales; \nNetworks & Engineering; Finance; Customer Care; Marketing; Business \nDevelopment\u00a0...",
    "The service change is unauthorized because the service provider that ordered \nthe ... Enter your User ID or Verizon phone number to find your Internet service.",
    "Don't like talking to machines? Find the best phone number to connect directly to \na human at the company you are trying to contact."
  ],
  "displayUrl": [
    "www.slate.com",
    "www.ooredoo.com.kw",
    "www.ooredoo.qa",
    "www.verizon.com",
    "www.pcmag.com",
    "www.uscis.gov",
    "www.xfinity.com",
    "ooredoo.com",
    "www.verizon.com",
    "www.dialahuman.com"
  ]
}