{
  "id": "Q332_R2_C1",
  "initial_query": "'Sarees' 'Doha' 'Hello' everybody lot kind traditionnal buy used was national",
  "relaxed_query": "'Sarees' 'Doha' 'Hello' everybody lot kind traditionnal buy used was national",
  "links": [
    "https://wikitravel.org/en/India",
    "https://fetzthechemist.wordpress.com/2012/04/08/a-plane-full-of-indians-behaving-badly/",
    "http://www.dailymail.co.uk/news/article-2379572/Sara-Al-Amoudi-Is-Saudi-princess--prostitute.html",
    "https://www.socialsamosa.com/2014/07/indian-fashion-bloggers/",
    "http://www.dailymail.co.uk/femail/article-3035550/Sultan-Brunei-s-son-celebrates-wedding-mind-boggling-splendour.html",
    "http://cbseacademic.in/web_material/Cenbosec/Cenbosec%20April-June%20(for%20web)_12.pdf",
    "http://nelsoncarvalheiro.com/why-bahrain-is-the-coolest-arab-country-to-visit/",
    "https://www.topcoder.com/contest/problem/Enigma/words.txt",
    "https://en.wikipedia.org/wiki/Geet_Ramayan",
    "http://www.tokyojinja.com/tag/doha/"
  ],
  "snippets": [
    "The most popular theory states India was called Bharatvarsha after the King \nBharata ..... The Boundaries of Hindust\u0101n are the national frontiers of the \nRepublic of India, ... Towards the northeast of the Deccan plateau is what used to \nbe a thickly ... and April and May are the hot months when everyone eagerly \nawaits the rains.",
    "Apr 8, 2012 ... Dubai is the main hub for Emirates Airlines, which makes it the connecting point \nfor a lot of people flying to south Asia. The flights each way are\u00a0...",
    "Jul 26, 2013 ... She has dark brown hair, greenish eyes and appears to wear a lot of make-up. ... \n'I understood she was married to the king of Saudi,' he said. .... the infant was \nused to seek maintenance payments from a variety of ... to buy properties worth \u00a3\n170 million on Hans Place in Knightsbridge. ...... Hello sunshine!",
    "Jul 18, 2014 ... The hair and skin section in her blog is the part everyone raves about. ... She \nused to work as a graphic designer since 15. At 18, she started\u00a0...",
    "Apr 12, 2015 ... The couple wore matching traditional Malay dress, with the bride's veil ... \nEveryone in the room is seen praying during the ceremony of the\u00a0...",
    "It is surprising to hear that a lot of kids who got initiated into reading and writing ... \naudiences and partners in both formal and informal settings are the types ... \nweaving, handcrafts, traditional arts, crafts, painting and other folk arts etc. to the \n... them to National and World Heritage Sites. ..... \"Everybody can be great \u2026 \nbecause.",
    "Firstly Islamic laws and regulations in Bahrain are a lot more relaxed than in \nother ... Dubai or Doha, Bahrain enjoys a deeply rooted set of history and \ntraditions ... street grilled beef tikka, a traditional home made Nasi Mandy (Arab \nrice with ... the King Fahd Causeway to enjoy Bahrain's liberty and freedom for \ntheir own.",
    "... ME 11418 MUCH 11046 EVEN 10989 YEARS 10846 LOT 10818 GOING \n10708 SEE ... 4863 SAYS 4816 MIGHT 4812 WEEK 4768 USED 4765 GREAT \n4720 HIGH ... WHITE 3615 DURING 3613 PROBLEM 3552 MAN 3543 \nNATIONAL 3530 ... 1754 TYPE 1752 PLAN 1738 WEEKS 1735 EVERYBODY \n1720 PAGE 1718\u00a0...",
    "Geet Ramayan is a collection of 56 Marathi language songs chronologically \ndescribing events ... Phadke mainly used ragas of Hindustani classical music to \ncompose the songs. ... the central antagonist of the Ramayana and Geet \nRamayan, the demon-king ... Ahalya (right bottom), seated in a red sari and rising \nfrom a stone.",
    "Dec 17, 2013 ... With Qatar National Day fast approaching, I thought it would be fun to ... didn't \nwant to spend a lot of money (nothing lasts in the summer sun for ... how bright \nthe paint colors can be and the traditional red fabric used for ... pop over to the \nShrine Sale/Antique Show Schedule, you'll see that I have updated it."
  ],
  "displayUrl": [
    "wikitravel.org",
    "fetzthechemist.wordpress.com",
    "www.dailymail.co.uk",
    "www.socialsamosa.com",
    "www.dailymail.co.uk",
    "cbseacademic.in",
    "nelsoncarvalheiro.com",
    "www.topcoder.com",
    "en.wikipedia.org",
    "www.tokyojinja.com"
  ]
}