{
  "id": "Q332_R26_C8",
  "initial_query": "'PROGRAMS FOR' 'Advanced Onam' 'EMN' betalaal hi :any mallus coming leaves shows ..",
  "relaxed_query": "'PROGRAMS FOR' betalaal coming ..",
  "links": [
    "https://www.fortran.com/come_from.html",
    "https://en.wikipedia.org/wiki/COMEFROM",
    "http://www.dictionary.com/browse/application",
    "http://www.nchsoftware.com/software/android.html",
    "https://www.academy.rwth-aachen.de/en/education-formats/msc-degree-programmes/came",
    "http://www.commonapp.org/how-apply",
    "http://memory-beta.wikia.com/wiki/Lal",
    "http://catb.org/jargon/html/C/COME-FROM.html",
    "http://www.netapplications.com/",
    "http://www.commonapp.org/"
  ],
  "snippets": [
    "We don't know where to GOTO if we don't know where we've COME FROM. ... \nleads to difficulty in debugging, modifying, understanding and proving programs.",
    "In computer programming, COMEFROM (or COME FROM) is an obscure control \nflow structure used in some programming languages, originally as a joke.",
    "Application definition, the act of putting to a special use or purpose: the \napplication of common sense to a problem. See more.",
    "Android software applications from NCH Software. Download apps for your \nAndroid phone or tablet devices.",
    "The application portal for the next intake in the Winter Semester 2018/19 is \nexpected to ... The M.Sc. CAME is organized in two specializations: \"Conception \nof\u00a0...",
    "You've come to the right place. Whether you're eager to fill out your application \ntoday or you're looking to start your application a bit further down the road, these\n\u00a0...",
    "Lal remained in Data's thoughts for many years to come. During his \nexperimentation with painting, he painted a portrait of Lal, which he later showed \nto his\u00a0...",
    "A semi-mythical language construct dual to the 'go to'; COME FROM <label> \nwould cause the referenced label to act as a sort of trapdoor, so that if the \nprogram\u00a0...",
    "Maximize Data Minimize Risk.",
    "With instant access to more than 700 colleges and universities around the world, \nthe Common App is the most seamless way to manage the application process."
  ],
  "displayUrl": [
    "www.fortran.com",
    "en.wikipedia.org",
    "www.dictionary.com",
    "www.nchsoftware.com",
    "www.academy.rwth-aachen.de",
    "www.commonapp.org",
    "memory-beta.wikia.com",
    "catb.org",
    "www.netapplications.com",
    "www.commonapp.org"
  ]
}