{
  "id": "Q332_R2_C5",
  "initial_query": "'Sarees' 'Doha' 'Hello' everybody quality traditionnal ones buy used was indian",
  "relaxed_query": "'Sarees' 'Doha' 'Hello' everybody quality traditionnal ones buy used was indian",
  "links": [
    "https://wikitravel.org/en/India",
    "https://dir.indiamart.com/impcat/kota-doria-sarees.html",
    "http://www.wholefoodsmarket.com/blog/nutritional-yeast-one-pantry-staple-your-cooking-missing",
    "https://fetzthechemist.wordpress.com/2012/04/08/a-plane-full-of-indians-behaving-badly/",
    "https://www.pinterest.com/pin/543809723727076768/",
    "https://en.wikipedia.org/wiki/Do_Hanson_Ka_Jodaa",
    "https://intothegloss.com/2015/04/modern-henna-tattoo/",
    "https://www.socialsamosa.com/2014/07/indian-fashion-bloggers/",
    "https://www.amazon.in/Art-Street-Copper-Handmade-Utensils/dp/B00JZFC388",
    "http://nelsoncarvalheiro.com/why-bahrain-is-the-coolest-arab-country-to-visit/"
  ],
  "snippets": [
    "India (Sanskrit, Hindi: \u092d\u093e\u0930\u0924, Bh\u0101rat) is the largest country in the South Asia \nRegion, ... name for the country, is used by many Indian languages in its \nvariations. ... Kharavela who lived c.63 B.C.-c.23 B.C., was one of the most \nfamous Kings of the ..... April and May are the hot months when everyone eagerly \nawaits the rains.",
    "Find here Kota Doria Sarees manufacturers, suppliers & exporters in India. Get \ncontact details & address of companies manufacturing and supplying Kota Doria \n... Material (Select only one) ... As a quality driven enterprise, we are occupied in \nmanufacturing, exporting, ... Ethnic Traditional Laheriya Print Kota Doria Saree",
    "Jan 5, 2017 ... Learn more about this superfood & get recipes here. ... Nutritional Yeast: The One \nPantry Staple Your Cooking is Missing ... sometimes called Nooch\u2014 is now one \nof the most used ingredients in .... This Vegan Mushroom Gravy ensures that \neveryone can have gravy .... Hello, Does this product contain lead?",
    "Apr 8, 2012 ... The flight to Dubai is EK 226, the one to SFO is EK 225. ... The more \u201cpolite\u201d ones \nget up with their full used trays and walk to hand them to the\u00a0...",
    "Bold Style Saree Indian Wedding Dresses - www. indian fashion jewelry and ... \nsaree' that used to be in vogue and it was almost ritualistic for a bride to wear a \n..... Buy sky-Blue embroidered georgette saree with blouse bollywood-saree ...... \nIndian Ethnic Designer Bollywood Traditional Bridal Party Wear One Minute \nSaree.",
    "Do Hanson Ka Joda based on Rab Ne Bana Di Jodi was a soap opera that aired \non (now defunct) NDTV Imagine in India on Mondays to Fridays at 9:30 PM IST. ... \nThey get married at first Preeti does not like Suryakamal but later realizes how ... \nthere she meets a boy from whom she and sumi used to buy DVDs of films.",
    "Lucky for me, one of my former students, fashion designer Rabab Abdulla, is a ... \nwith years of experience decorating the hands and feet of Doha for weddings, ... \nBut Indian mehndi [different name, same practice] covers the entire hand and all \n... the better, meaning the quest for the highest quality commercially sold henna is\n\u00a0...",
    "Jul 18, 2014 ... She is stylish, trendy and her goal is to make everyone like that. The section on \nher blog, Lookbook, is the best part of her blog. She also lets\u00a0...",
    "Amazon.in: Buy Art Street Pure Copper Jug Handmade Indian Copper ... Adapt to \na healthier lifestyle and bring home a traditional water jug with added benefits. ... \nI used them for the benefit of copper for couple of days with water and tulsi in it as \n... Not only me, I bought one more of the same product and gave it to my\u00a0...",
    "While the one in al-Man?mah is mainly populated by expats from the Indian ... \nstreet grilled beef tikka, a traditional home made Nasi Mandy (Arab rice with \nroasted ... day Bahrain is an Islamic country, where the large majority of the \npopulation get ... it got lost, as everyone is full aware of the severe punishments \nfor stealing."
  ],
  "displayUrl": [
    "wikitravel.org",
    "dir.indiamart.com",
    "www.wholefoodsmarket.com",
    "fetzthechemist.wordpress.com",
    "www.pinterest.com",
    "en.wikipedia.org",
    "intothegloss.com",
    "www.socialsamosa.com",
    "www.amazon.in",
    "nelsoncarvalheiro.com"
  ]
}