{
  "id": "Q332_R2_C8",
  "initial_query": "'Sarees' 'Doha' 'Hello' everybody places traditionnal ones buy used was lulu",
  "relaxed_query": "'Sarees' 'Doha' 'Hello' everybody places traditionnal ones buy used was lulu",
  "links": [
    "http://www.dailymail.co.uk/femail/article-3035550/Sultan-Brunei-s-son-celebrates-wedding-mind-boggling-splendour.html",
    "https://www.topcoder.com/contest/problem/Enigma/words.txt",
    "https://deepann.wordpress.com/2006/02/20/kerala-porotta/",
    "https://www.pinterest.com/romucita/abayas-galore/",
    "http://bigislandgrinds.com/2006/09/loco-moco-recipe/",
    "http://practicalcryptography.com/media/miscellaneous/files/english_counts2.txt",
    "https://issuu.com/fwdlife/docs/issue_vivah",
    "https://www.cs.cornell.edu/courses/cs1110/2014sp/labs/lab06/scowl_utf-8.txt",
    "http://www.ecorganicweb.com/diureticos/",
    "https://es.scribd.com/document/293408586/List-of-Amc"
  ],
  "snippets": [
    "Apr 12, 2015 ... The son of the Sultan of Brunei, one of the world's richest men, has ... took place \nin the lavish settings of 1,788-room palace, Istana Nural ... dressed in opulent \ntraditional attire on gilded thrones in the Throne .... Everyone in the room is seen \npraying during the ceremony of the ..... Please get your facts right. 2.",
    "... 29750 JUST 29579 WOULD 28885 ONE 28647 ABOUT 27524 WHAT 27418 \nWELL ... NEW 17383 REALLY 17226 PEOPLE 17035 BEEN 16941 GET 16742 \nTIME ... 4863 SAYS 4816 MIGHT 4812 WEEK 4768 USED 4765 GREAT 4720 \nHIGH ... 3970 BETTER 3957 LOOK 3951 PLACE 3910 COUNTRY 3880 BEST \n3770\u00a0...",
    "Feb 20, 2006 ... Then holding at one end of the pleated dough ,rotate it just like a ... When 3 or 4 \nporottas are done,place them in a flat surface and ... and Hot & Sour Egg Roast(\nRecipe in Traditional Kerala Dishes-Egg) ... i made it everybody in my family is \ncrazy about the porotta .... Hello, i love deepann.wordpress.com!",
    "Sew one of these 10 Free Sundress Patterns for Women - Save money on your ... \nArabic Nikaah Fashion Designer Caftan Traditional by Ethnicdresses ... Anna \nHariri: Lulu Lace Abaya Ohhh i want this! ... Cheap kaftan, Buy Quality dress \nabaya directly from China dress star ...... JeddahRiyadhDohaAbayaModest \nFashion\u00a0...",
    "Sep 22, 2006 ... Place hamburger patties on the pan/grill and let sear just until juices start ..... I \nused to get Loco Moco bowls at Pacific University in Forest Grove, .... Lulu's in \nWaikiki has great ones too. ..... escorts Doha escort Says: ..... Melvina Saris Says: \n.... Most everyone has one sort of mildew or one other somewhere in\u00a0...",
    "... WERE 165081 HAD 164775 THEIR 160514 ONE 139664 OR 135309 BEEN ... \nPOLICE 58092 BECAUSE 57335 LIKE 57011 GET 56077 DO 55169 WHILE ... \n28284 PLACE 28184 TODAY 28117 BOARD 28075 SET 27886 MAN 27858 SIX \n... SOUTH 25042 UNITED 25035 INFORMATION 24903 USED 24901 MONTH\u00a0...",
    "Easily share your publications and get them in front of Issuu's millions of monthly \n... 0484-2353295 | Lulu Mall, 0484-2728777 \u2022 Chavakkad: Bypass Junction, ... All \nphotographs unless otherwise indicated, are used for illustrative purposes only. \n..... I would love to see myself as a very simple bride, clad in a traditional set sari,\n\u00a0...",
    "... Dodona Dodson Dodson's Doe Doenitz Dogberry Doha Doha's Dolby Dole ..... \nLr Lt Ltd Lu Lu's Lualaba Luanda Luanda's Luann Luann's Luanne Luanne's\u00a0...",
    "Apr 12, 2017 ... Hoy en d\u00eda mucha gente sabe lo conveniente que es para la salud depurarse a \nlo largo del a\u00f1o, pero no hay que olvidar que nuestro complejo\u00a0...",
    "one their -said new have after : they who been two her she ; other when there all \n... city such where many world than three him used later state NUMBERth while \nunder made then ... place although line district down october east member show \ncollege ... get addition originally less opened sold design sales -NUMBER \ngeorge"
  ],
  "displayUrl": [
    "www.dailymail.co.uk",
    "www.topcoder.com",
    "deepann.wordpress.com",
    "www.pinterest.com",
    "bigislandgrinds.com",
    "practicalcryptography.com",
    "issuu.com",
    "www.cs.cornell.edu",
    "www.ecorganicweb.com",
    "es.scribd.com"
  ]
}