{
  "id": "Q332_R26_C10",
  "initial_query": "'PROGRAMS FOR' 'Advanced Onam' 'White Saree' galz :any mallus wishes.. look coming shows beautiful",
  "relaxed_query": "'PROGRAMS FOR' 'Advanced Onam' 'White Saree' galz :any mallus wishes.. look coming shows beautiful",
  "links": [
    "https://www.shutterstock.com/search/onam",
    "https://www.pinterest.com/explore/onam-greetings/",
    "https://wikitravel.org/en/Kerala",
    "https://www.pinterest.com/pin/355502964319819209/",
    "https://wikitravel.org/en/Thiruvananthapuram",
    "https://www.pinterest.co.uk/meera119/festive-greetings/",
    "http://english.manoramaonline.com/entertainment/music/onam-songs-kerala-nostalgia.html",
    "https://www.pinterest.co.uk/dinblue94/onam_style_file/",
    "http://www.ezwed.in/blog",
    "https://www.pinterest.co.uk/paradisekerala/dresses-costumes-of-kerala/"
  ],
  "snippets": [
    "See a rich collection of stock images, vectors, or photos for onam you can buy on \n... Related: kerala, onam festival, rangoli, flowers, kathakali, eid, pongal, kerala\u00a0...",
    "See more ideas about Onam quotes, Onam wishes and Happy onam images. ... \n25 Beautiful Onam Greeting Card Designs and Onam Wishes Pictures .... Search \nResults for \u201conam wallpapers \u2013 Adorable Wallpapers .... malayalam scrap ,Onam \nscrap,mallu onam scrap,malayalam_onam_scrap ..... No sales or fundraising.",
    "The state really is blessed with great natural beauty, and diverse ecology. ... \nWhen in Kerala, carry an umbrella no matter what time of the year it is. ... records, \nwith more than 82 art forms show-cased during its ten day duration. ... They \nperform the dance wearing the traditional white dhoti and a peacock feather on \nthe turban.",
    "25 Beautiful Onam Greeting Card Designs and Onam Wishes Pictures .... Our \napartment complex had another great Onam program, and this year I .... \nmalayalam scrap ,Onam scrap,mallu onam scrap,malayalam_onam_scrap,onam \ngreetings card, ... white sarees when visiting temples or attending any special \nceromonies.",
    "For travelers who wish to avoid the rain, the best period to visit is from ... There \nare usually many cultural programs during the official Onam ... by State Tourism \nBoard, tourists have started coming in to enjoy the Monsoon. .... Foreigners and \nwhites, must produce any authorized document showing the identity of religion.",
    "Explore Meera M's board \"Festive greetings\" on Pinterest. ... Beautiful Onam \nFestival Greetings, onam comments, Onam Scraps, wishes and e-cards.",
    "Aug 31, 2015 ... Until recent times, Onam songs used to declare the a. Onam. Kochi. ... Lifestyle \u00b7 \nEntertainment \u00b7 Travel \u00b7 Food \u00b7 Slide Show; All Sections ...... This song is the \nfavourite of upcoming singer Devanand too. ... ONV's lyrics are also beautiful. ... \nasked to sing an Onam song on stage or for that matter at any event,\u00a0...",
    "Kerala Sarees and attire | See more ideas about Kerala saree, Indian sarees and \n... Gorgeous South Indian Saree Fashion look, complimented w/ Flowers on Hair, \nvia ... white sarees when visiting temples or attending any special ceromonies. \n..... Our apartment complex had another great Onam program, and this year I\u00a0...",
    "The Beautiful Wedding of Varsha and Ram. ... Beautiful Baby Shower of our \nfavourite Bridal Makeup Artist Olivia\u2026! Real Story Real Weddings Trends\u00a0...",
    "See more ideas about Kerala saree, Traditional dresses and Indian attire. ... No \nnonsense and so feminine. ... (white saree with veil for Christian Indian wedding) \n... Most Beautiful Indian Actresses, Most beautiful Indian movie actresses , Most \n.... Look at this Twindollicious Purple Rosette Dress - Infant, Toddler & Girls on\u00a0..."
  ],
  "displayUrl": [
    "www.shutterstock.com",
    "www.pinterest.com",
    "wikitravel.org",
    "www.pinterest.com",
    "wikitravel.org",
    "www.pinterest.co.uk",
    "english.manoramaonline.com",
    "www.pinterest.co.uk",
    "www.ezwed.in",
    "www.pinterest.co.uk"
  ]
}