{
  "id": "Q332_R2_C6",
  "initial_query": "'Sarees' 'Doha' 'Hello' everybody lulu traditionnal ones buy used was indian",
  "relaxed_query": "'Sarees' 'Doha' 'Hello' everybody lulu traditionnal ones buy used was indian",
  "links": [
    "http://www.dailymail.co.uk/femail/article-3035550/Sultan-Brunei-s-son-celebrates-wedding-mind-boggling-splendour.html",
    "https://www.topcoder.com/contest/problem/Enigma/words.txt",
    "https://deepann.wordpress.com/2006/02/20/kerala-porotta/",
    "https://www.pinterest.com/romucita/abayas-galore/",
    "https://www.pinterest.co.uk/ucbsocialmedia/the-indian-monsoon-india-monsoon-tea-samosa-pakode/",
    "http://bigislandgrinds.com/2006/09/loco-moco-recipe/",
    "http://practicalcryptography.com/media/miscellaneous/files/english_counts2.txt",
    "https://issuu.com/fwdlife/docs/issue_vivah",
    "https://www.cs.cornell.edu/courses/cs1110/2014sp/labs/lab06/scowl_utf-8.txt",
    "http://www.ecorganicweb.com/diureticos/"
  ],
  "snippets": [
    "Apr 12, 2015 ... The son of the Sultan of Brunei, one of the world's richest men, has ... dressed in \nopulent traditional attire on gilded thrones in the Throne .... Everyone in the room \nis seen praying during the ceremony of the Prince and his new ..... Yogesh Dhivar\n, pune, India, 2 years ago ... How did they get all those medals?",
    "... 29750 JUST 29579 WOULD 28885 ONE 28647 ABOUT 27524 WHAT 27418 \nWELL ... NEW 17383 REALLY 17226 PEOPLE 17035 BEEN 16941 GET 16742 \nTIME ... 4863 SAYS 4816 MIGHT 4812 WEEK 4768 USED 4765 GREAT 4720 \nHIGH ... 1754 TYPE 1752 PLAN 1738 WEEKS 1735 EVERYBODY 1720 PAGE \n1718\u00a0...",
    "Feb 20, 2006 ... Then holding at one end of the pleated dough ,rotate it just like a ... and Hot & \nSour Egg Roast(Recipe in Traditional Kerala Dishes-Egg) ... i made it everybody \nin my family is crazy about the porotta .... Hello, i love deepann.wordpress.com! \n...... or you can buy frozen porottas from lovelyfoodproducts.com \u2026",
    "Sew one of these 10 Free Sundress Patterns for Women - Save money on your ... \nArabic Nikaah Fashion Designer Caftan Traditional by Ethnicdresses ... Anna \nHariri: Lulu Lace Abaya Ohhh i want this! ... Cheap kaftan, Buy Quality dress \nabaya directly from China dress star ...... JeddahRiyadhDohaAbayaModest \nFashion\u00a0...",
    "India #Monsoon #Tea #Coffee #Samosa #Pakode #Enjoy #Fun | See more ... \nWant to get rid of that torturous headaches that torment you? .... Through drying \nsaris .... used as a base surface with one carved block in the front to support one's \ntoes. ...... chokha ni kheer is another traditional Indian dessert that everyone \nsimply\u00a0...",
    "Sep 22, 2006 ... I used to get Loco Moco bowls at Pacific University in Forest Grove, Oregon. .... \nLulu's in Waikiki has great ones too. ..... escorts Doha escort Says: ..... my web \nsite \u2013 seo services india ... Hello there! ... Melvina Saris Says: .... Most everyone \nhas one sort of mildew or one other somewhere in (or on the skin)\u00a0...",
    "... 173901 WERE 165081 HAD 164775 THEIR 160514 ONE 139664 OR 135309 \nBEEN ... POLICE 58092 BECAUSE 57335 LIKE 57011 GET 56077 DO 55169 \nWHILE ... SOUTH 25042 UNITED 25035 INFORMATION 24903 USED 24901 \nMONTH ... PROPOSED 8574 EITHER 8563 AMERICA 8556 INDIA 8542 \nINCLUDED\u00a0...",
    "Easily share your publications and get them in front of Issuu's millions of ... All \nphotographs unless otherwise indicated, are used for illustrative purposes only. \n... lexicon (tonguein-cheek) to explain the grand Indian weddings and a choice of \n..... I would love to see myself as a very simple bride, clad in a traditional set sari,\n\u00a0...",
    "... Dodona Dodson Dodson's Doe Doenitz Dogberry Doha Doha's Dolby Dole ..... \nIndia India's Indiaman Indiaman's Indiamen Indian Indian's Indiana Indiana's ..... \nLr Lt Ltd Lu Lu's Lualaba Luanda Luanda's Luann Luann's Luanne Luanne's\u00a0...",
    "Apr 12, 2017 ... Hoy en d\u00eda mucha gente sabe lo conveniente que es para la salud depurarse a \nlo largo del a\u00f1o, pero no hay que olvidar que nuestro complejo\u00a0..."
  ],
  "displayUrl": [
    "www.dailymail.co.uk",
    "www.topcoder.com",
    "deepann.wordpress.com",
    "www.pinterest.com",
    "www.pinterest.co.uk",
    "bigislandgrinds.com",
    "practicalcryptography.com",
    "issuu.com",
    "www.cs.cornell.edu",
    "www.ecorganicweb.com"
  ]
}