{
  "id": "Q332_R2_C4",
  "initial_query": "'Sarees' 'Doha' 'Hello' everybody question traditionnal ones buy kidding used indian",
  "relaxed_query": "'Sarees' 'Doha' 'Hello' everybody question traditionnal ones buy kidding used indian",
  "links": [
    "https://www.nasrani.net/2008/04/15/lifestyle-of-kerala-syrian-christians/",
    "http://www.dailymail.co.uk/news/article-2592923/Couple-wins-lottery-three-times-month.html",
    "http://www.kutchimaadu.com/general/kutchi-language/",
    "http://www.dailymail.co.uk/femail/article-3035550/Sultan-Brunei-s-son-celebrates-wedding-mind-boggling-splendour.html",
    "https://www.topcoder.com/contest/problem/Enigma/words.txt",
    "http://www.dailymail.co.uk/news/article-2379572/Sara-Al-Amoudi-Is-Saudi-princess--prostitute.html",
    "https://indianhomemaker.wordpress.com/",
    "https://notesonaboardingpass.wordpress.com/category/india/",
    "http://roadsandkingdoms.com/5-oclock-somewhere/",
    "http://norvig.com/ngrams/count_1w.txt"
  ],
  "snippets": [
    "Apr 17, 2008 ... However, in view of the recent Indian Supreme court decision in ... The Mundu is \na white, seven yards long, one and a quarter yard ... However this traditional \ndress is today only used by the elderly women. .... Easter breakfast and family get \ntogether is in the traditional manner. ...... This happened in Doha.",
    "Mar 30, 2014 ... Luckiest couple on earth wins the lottery THREE times in one month ... beat odds \nof more than one in a million, according to the Virginia Lottery. .... it's because you \nremember how you used to dream about winning, .... as Vanessa Lachey and \nMaksim Chmerkovskiy get steamy Early exit ... Hello sunshine!",
    "Aug 4, 2009 ... Most Kachhis living in India are bilingual or trilingual, due to exposure to ... and \u201c\nnaseeb\u201d (fate), are routinely used by many speakers of Kachhi. ... To give an \nindication of dialects and regional variations, the Sindhi question \u201cKithe vino ta? \n... The next step is underway, which is to get the nod from the Central\u00a0...",
    "Apr 12, 2015 ... The son of the Sultan of Brunei, one of the world's richest men, has wed ... \ndressed in opulent traditional attire on gilded thrones in the Throne .... Everyone \nin the room is seen praying during the ceremony of the ..... I just have a few \nquestions, I wonder what they do all day? ... Go to school and get educated.",
    "... 29750 JUST 29579 WOULD 28885 ONE 28647 ABOUT 27524 WHAT 27418 \nWELL ... NEW 17383 REALLY 17226 PEOPLE 17035 BEEN 16941 GET 16742 \nTIME ... 4863 SAYS 4816 MIGHT 4812 WEEK 4768 USED 4765 GREAT 4720 \nHIGH ... TALK 2453 QUESTION 2451 FREE 2419 OFTEN 2412 BLACK 2399 \nSTART\u00a0...",
    "Jul 26, 2013 ... Then there is the question of the source of Ms Al Amoudi's apparent wealth. ... \nOne person who claims to know the truth is South London furniture ... the infant \nwas used to seek maintenance payments from a variety of ... buy properties worth \n\u00a3170 million on Hans Place in Knightsbridge. ..... Hello sunshine!",
    "May 18, 2017 ... I haven't shared this story with too many people, yet it is one that has always .... \nPosted in Indian homemaker | Tagged Women, women's reputation, ... by this I \nmean, they don't dress like they used to, or miss classes & take too ... If they \nanswer these questions, don't react in a condescending ... Hi Everyone,.",
    "Jul 24, 2017 ... Posts about India written by terryannewilson. ... They'll soon be used as 'firewood. \n... One lone tree, a shop with shading umbrellas and a barn-type structure at the \nfar ... 'I'll buy water,\u201d Mohan says as we turn back around to the shop. ... He's only \nhalf joking. .... \u201cEveryone calls me Hampi Basava,\u201d he tells us.",
    "Short tales of transcendent drinking from around the world. New editions every \nafternoon.",
    "... our 998757982 one 993536631 other 978481319 do 950751722 no \n937112320 ... 431934249 re 430847564 next 425903347 used 421438139 go \n421086358 b ... music 414028837 buy 410780176 data 406908328 make \n405084642 them ... 131800620 gift 131417909 question 130644510 changes \n130570251 night\u00a0..."
  ],
  "displayUrl": [
    "www.nasrani.net",
    "www.dailymail.co.uk",
    "www.kutchimaadu.com",
    "www.dailymail.co.uk",
    "www.topcoder.com",
    "www.dailymail.co.uk",
    "indianhomemaker.wordpress.com",
    "notesonaboardingpass.wordpress.com",
    "roadsandkingdoms.com",
    "norvig.com"
  ]
}