{
  "id": "Q332_R2_C3",
  "initial_query": "'Sarees' 'Doha' 'Hello' everybody traditionnal ones % buy used was indian",
  "relaxed_query": "'Sarees' 'Doha' 'Hello' everybody traditionnal ones % buy used was indian",
  "links": [
    "https://wikitravel.org/en/India",
    "https://dir.indiamart.com/impcat/kota-doria-sarees.html",
    "https://fetzthechemist.wordpress.com/2012/04/08/a-plane-full-of-indians-behaving-badly/",
    "http://www.wholefoodsmarket.com/blog/nutritional-yeast-one-pantry-staple-your-cooking-missing",
    "https://www.pinterest.com/pin/543809723727076768/",
    "https://englishwifeindianlife.com/2016/08/25/my-marathi-baby-shower-dohalaa-jeevan/",
    "https://www.socialsamosa.com/2014/07/indian-fashion-bloggers/",
    "https://en.wikipedia.org/wiki/Do_Hanson_Ka_Jodaa",
    "https://intothegloss.com/2015/04/modern-henna-tattoo/",
    "http://www.sundayguardianlive.com/opinion/5010-netanyahu-bolder-after-hamas-shift-doha"
  ],
  "snippets": [
    "India (Sanskrit, Hindi: \u092d\u093e\u0930\u0924, Bh\u0101rat) is the largest country in the South Asia \nRegion, ... name for the country, is used by many Indian languages in its \nvariations. ... Kharavela who lived c.63 B.C.-c.23 B.C., was one of the most \nfamous Kings of the ..... April and May are the hot months when everyone eagerly \nawaits the rains.",
    "Find here Kota Doria Sarees manufacturers, suppliers & exporters in India. Get \ncontact details & address of companies manufacturing and supplying Kota Doria \nSarees, Kota Sarees across India. ... Being one of the trusted organizations in \nmore.. Rs 750/ Piece ... Ethnic Traditional Laheriya Print Kota Doria Saree Fabric",
    "Apr 8, 2012 ... The flight to Dubai is EK 226, the one to SFO is EK 225. ... The more \u201cpolite\u201d ones \nget up with their full used trays and walk to hand them to the\u00a0...",
    "Jan 5, 2017 ... Learn more about this superfood & get recipes here. ... Nutritional Yeast: The One \nPantry Staple Your Cooking is Missing ... sometimes called Nooch\u2014 is now one \nof the most used ingredients in .... This Vegan Mushroom Gravy ensures that \neveryone can have gravy .... Hello, Does this product contain lead?",
    "Bold Style Saree Indian Wedding Dresses - www. indian fashion jewelry and ... \nsaree' that used to be in vogue and it was almost ritualistic for a bride to wear a \n..... Buy sky-Blue embroidered georgette saree with blouse bollywood-saree ...... \nIndian Ethnic Designer Bollywood Traditional Bridal Party Wear One Minute \nSaree.",
    "Aug 25, 2016 ... As I was still getting used to my constantly changing centre of gravity, I was a ... In \nthe West, one of the main focuses of a baby shower is to help the ... In India, as \nit's considered bad luck to buy things for a baby before it's ... After the Dohale \nJeevan, it's traditional for the mother-to-be to leave ... Hello Lauren,.",
    "Jul 18, 2014 ... Are you a fashion lover? Or are just looking for tips for your daily styling? We'll \nmeet the fashionistas aka fashion bloggers who are the perfect\u00a0...",
    "Do Hanson Ka Joda based on Rab Ne Bana Di Jodi was a soap opera that aired \non (now defunct) NDTV Imagine in India on Mondays to Fridays at 9:30 PM IST. ... \nThey get married at first Preeti does not like Suryakamal but later realizes how ... \nthere she meets a boy from whom she and sumi used to buy DVDs of films.",
    "Lucky for me, one of my former students, fashion designer Rabab Abdulla, ... with \nyears of experience decorating the hands and feet of Doha for weddings, ... But \nIndian mehndi [different name, same practice] covers the entire hand and all the \nfingers. ... Like any traditional form of ornamentation, preferred henna motifs are\u00a0...",
    "Nov 17, 2012 ... Home \u00bb Opinion \u00bb Netanyahu bolder after Hamas shift to Doha ... rules Egypt, the \nMubarak-era blockades are not likely to get repeated. ... a full-blooded response \nto Israel's killing of one of its top commanders, .... He used to be totally right. ..... \nHello to every one, it's really a nice for me to pay a quick visit this\u00a0..."
  ],
  "displayUrl": [
    "wikitravel.org",
    "dir.indiamart.com",
    "fetzthechemist.wordpress.com",
    "www.wholefoodsmarket.com",
    "www.pinterest.com",
    "englishwifeindianlife.com",
    "www.socialsamosa.com",
    "en.wikipedia.org",
    "intothegloss.com",
    "www.sundayguardianlive.com"
  ]
}