{
  "id": "Q334_R1_C3",
  "initial_query": "'Wife Residency Visa' hi country enter visit leave go paid medical",
  "relaxed_query": "'Wife Residency Visa' hi country enter visit leave go paid medical",
  "links": [
    "https://travel.state.gov/content/visas/en/study-exchange/exchange.html",
    "http://www.cic.gc.ca/english/helpcentre/glossary.asp",
    "https://www.cbp.gov/sites/default/files/documents/WelcomeToTheUS.pdf",
    "http://www.cic.gc.ca/english/information/applications/guides/5527ETOC.asp",
    "http://www.vfsglobal.com/southafrica/uk/faqs.html",
    "https://washington.consulfrance.org/spip.php?article664",
    "http://www.vfsglobal.com/australia/india/faqs.html",
    "https://www.propublica.org/article/cleveland-clinic-doctor-forced-to-leave-country-after-trump-order",
    "http://www.visabureau.com/australia/working-holiday.aspx",
    "https://www.careersinpoland.com/article/legal-taxes/formalities-related-to-the-arrival-to-poland"
  ],
  "snippets": [
    "All exchange visitors must travel to the United States with exchange visitor (J-1) \nvisas. ... When your visa is approved, you may also pay a visa issuance fee, ... \nsubject to the two-year home-country physical presence (foreign residence) \nrequirement. ... Your spouse and unmarried, minor children may be able to apply \nfor J-2\u00a0...",
    "Jul 25, 2017 ... When referring to the age of a permanent or temporary resident in CIC's ... to \nverify the medical, criminal and/or security background of visa applicants to ... \nintent to enter the Canadian labour market, and; works for and is paid by a ...... A \npassport is the only reliable travel document that all countries accept.",
    "... trip and ensure that your experience entering the United States is as smooth as \npossible. ... Carry.your.passport\u2014do.not. pack.it..For.Visa.Waiver.countries,.as.of.\nJune. ... that.my.wife/husband/etc..is.traveling.out.of.the. ... prove.economic.\nsolvency.and.a.foreign.residence.to. .... Obtain.travel.documents.before.leaving.\nyour.",
    "Aug 31, 2017 ... Pay the Fees; Step 4. ... Note: A temporary resident visa, a work permit or a study \npermit is not a ... decide whether to issue a new permit or to request that you \nleave Canada. ... You are required to hold a valid passport or travel document. .... \nCaring for People with High Medical Needs; Startup Business\u00a0...",
    "Depending on your purpose of travel, you should log on to the website of the \nSouth ... and processes complete applications in accordance with the South \nAfrican High ... only for applicants who are officially resident in the UK and \nNorthern Ireland. ... and carers/assistants will be permitted to enter the Visa \nApplication Centre.",
    "Jul 13, 2017 ... What documents do I require to apply for a visa? ... I leave in a few days. ... Is my \nSchengen visa valid for travel to other European countries? ... I am applying for a \nvisa for my family (wife/husband and/or children) ... When and how do I pay to \nsubmit my visa application? .... TRAVEL MEDICAL INSURANCE\u00a0...",
    "Welcome to the website of the Australian Visa Application Centre in India. ... All \nIndian citizens require a visa to enter Australia. ... See: Current Average \nProcessing Time \u2013 Australian High Commission ... you lodge your visa \napplication well ahead of your proposed travel date and finalise travel \narrangements after visa issue.",
    "Jan 29, 2017 ... Wasted Medicine ... We want to hear from you if President Trump's travel ban is \nimpacting ... the U.S. Monday to visit family in Saudi Arabia and then travel to \nSudan. ... to verify Abushamma's residency at the clinic through online records. ... \nhe was planning to leave the country last Wednesday to visit Sudan.",
    "Australia Working Holiday Visa: requirements, frequently asked questions and ... \nSpouse Visa ... Use our fast, easy online travel visa advisor to find out exactly \nwhich visas ... Are a resident of a country considered to be of a very high health \nrisk in ... You can leave and re-enter Australia within the 12 months from the date \nof\u00a0...",
    "Nov 3, 2014 ... Although entering Poland from the Schengen area country (the ... card, you are \npermitted to leave and enter Poland without a visa. ... If you stay in Poland based \non a travel document or a visa, you should go to your country's consulate or ... \nBesides, a person who is a wife or a husband of Polish citizen can\u00a0..."
  ],
  "displayUrl": [
    "travel.state.gov",
    "www.cic.gc.ca",
    "www.cbp.gov",
    "www.cic.gc.ca",
    "www.vfsglobal.com",
    "washington.consulfrance.org",
    "www.vfsglobal.com",
    "www.propublica.org",
    "www.visabureau.com",
    "www.careersinpoland.com"
  ]
}