{
  "id": "Q334_R1_C1",
  "initial_query": "'Wife Residency Visa' 'CID' 'ID' hi country enter visit go leave paid medical",
  "relaxed_query": "'Wife Residency Visa' 'CID' 'ID' hi country enter visit go leave paid medical",
  "links": [
    "http://www.lifeinqatar.com/en/article/living/getting-setup-in-qatar-as-an-expat.html",
    "https://travel.state.gov/content/passports/en/country/kuwait.html",
    "https://www.immihelp.com/visas/c1dcrewmenvisa.html",
    "http://www.justhere.qa/2014/03/legal-column-visas-sponsorships/",
    "https://www.moveoneinc.com/old-blog/immigration/enimmigration-qatar/",
    "http://www.justhere.qa/2013/10/10-things-know-employed-qatar/",
    "https://jm.usembassy.gov/visas/",
    "http://www.ustraveldocs.com/sg/sg-gen-faq.asp",
    "http://www.illustradolife.com/uae-immigration-visa-deportation-blacklist-appeals/",
    "http://www.expat.com/forum/viewtopic.php?id=398379"
  ],
  "snippets": [
    "Family members can either come for a short term using a visit visa or apply for ... \nPolice Clearance Certificate from the country of the passport you are entering on, \n... Residence Permit and ID card: Your company's PRO will apply for these ... \nResidents (except the spouse or children) always require an exit visa to leave \nQatar.",
    "May 10, 2017 ... TOURIST VISA REQUIRED: Yes; can be ... Entry, Exit & Visa Requirements. Visit \nthe ..... warnings\u201d). Please see Fact Sheet for this country.",
    "D1 visa: For crewman serving aboard a vessel or aircraft in any capacity that will \n... in the U.S. and is only available if the fishing vessel is temporarily visiting \nGuam. ... Spouse or dependent children accompanying a crewman entering the \n... in the home country, the original passport bearing the C1/D visa should be \nbrought,\u00a0...",
    "Mar 16, 2014 ... In the event of the failure of the sponsor to renew the residency without ..... used \nthat visa and i didnt travel to Qatar , now that VISA has expired , ..... But i have a \npersonal loan, I cannot leave the country without paying the loan. ..... I have done \nmedical and fingerprint on Dec 2014 but RP was not stamped.",
    "Jun 2, 2011 ... Qatar ID Card for foreigners - sample illustration ... To that end, Move One profiles \na country every month, providing an in-depth ... BUSINESS TRAVEL TO QATAR \n... All visitors require a visa to enter Qatar, but not all nationals need to ... Medical \nCheck: In order to apply for residence permit, health check is\u00a0...",
    "Oct 1, 2013 ... Sick leave: You are also entitled to paid sick leave. ..... I was under a family Visit \nvisa before i enter a company. ..... Can I go to another Gulf country for job if I got \nfor vacation from Qatar ? .... My Resident Visa was expired when i lost my QATAR \nID, i ask our Mandoop if do i need to take a POLICE Report but\u00a0...",
    "See our Directory of Visa Categories on usvisas.state.gov to determine which \nvisa category might be appropriate for your purpose of travel to the United States.",
    "If I am a third-country national living in the Singapore, can I apply for a ... You \nmust possess a passport valid for travel to the United States with a validity date ... \ncan pay your ESTA fee for you if you do not have the correct type of credit card. \n..... If you leave the country, however, you'll need to apply for the student visa in \norder\u00a0...",
    "Nov 2, 2014 ... Visit visa holders are not allowed to work anywhere in the UAE with or without ... \nprohibited from entering or leaving the UAE for committing a crime, ... of their \nresidence permits and those who cannot leave the country and are to be ... \nFailure to pay the fine will mean jail term for a maximum of three months\u00a0...",
    "Hi All, I haven't seen a post on the visa / CPR / medical process end to end so ... \nOnce I landed, at the airport, they stamped the residency in my ... ago, then by \nUAE Embassy and MOFA of UAE) and they applied for my wife visa. ..... Can you \nplease advice whether i can go to Bahrain on a visit visa and get\u00a0..."
  ],
  "displayUrl": [
    "www.lifeinqatar.com",
    "travel.state.gov",
    "www.immihelp.com",
    "www.justhere.qa",
    "www.moveoneinc.com",
    "www.justhere.qa",
    "jm.usembassy.gov",
    "www.ustraveldocs.com",
    "www.illustradolife.com",
    "www.expat.com"
  ]
}