{
  "id": "Q334_R1_C2",
  "initial_query": "'Wife Residency Visa' 'Please' hi country enter visit go leave paid medical",
  "relaxed_query": "'Wife Residency Visa' 'Please' hi country enter visit go leave paid medical",
  "links": [
    "https://travel.state.gov/content/visas/en/study-exchange/exchange.html",
    "http://www.vfsglobal.com/southafrica/uk/faqs.html",
    "http://www.cic.gc.ca/english/information/applications/guides/5527ETOC.asp",
    "http://www.vfsglobal.com/australia/india/faqs.html",
    "http://www.visabureau.com/australia/working-holiday.aspx",
    "http://www.bahamashclondon.net/page.php?page=8",
    "http://uae-embassy.ae/Embassies/uk/Content/591",
    "https://washington.consulfrance.org/spip.php?article664",
    "https://www.careersinpoland.com/article/legal-taxes/formalities-related-to-the-arrival-to-poland",
    "https://www.cbp.gov/sites/default/files/documents/WelcomeToTheUS.pdf"
  ],
  "snippets": [
    "All exchange visitors must travel to the United States with exchange visitor (J-1) \nvisas. ... Visit the Department of State J-1 Visa Exchange Visitor Program website \nto learn ... Please consult the instructions available on the embassy or consulate \n.... the two-year home-country physical presence (foreign residence) requirement.",
    "Please visit http://www.southafricahouseuk.com/index.html ... are available only \nfor applicants who are officially resident in the UK and Northern Ireland. ... \napplicants and carers/assistants will be permitted to enter the Visa Application \nCentre. .... If I have to travel elsewhere and my passport is still with the South \nAfrican High\u00a0...",
    "Aug 31, 2017 ... Pay the Fees; Step 4. ... Note: A temporary resident visa, a work permit or a study \npermit is ... whether to issue a new permit or to request that you leave Canada. .... \nCaring for People with High Medical Needs; Startup Business .... From the list, \nselect the country that issued your passport or travel document.",
    "Welcome to the website of the Australian Visa Application Centre in India. ... All \nIndian citizens require a visa to enter Australia. How can I find out ... See: Current \nAverage Processing Time \u2013 Australian High Commission ... Please visit the VISA \nTYPES section of this website for document checklists for various visa categories.",
    "Australia Working Holiday Visa: requirements, frequently asked questions and ... \nSpouse Visa ... Immigration requires all visitors to have a visa before entering the \ncountry. ... please visit the Australian Travel Visa section of the Australian Visa \nBureau ... Are a resident of a country considered to be of a very high health risk in\n\u00a0...",
    "Frequently Asked Questions on Immigration/Visas/Employment and General \nentry to the Bahamas. Section 1: Public ... Certificate? Please visit the \nGovernment of The Bahamas' website at: ... Can a non-Bahamian travel to the \nBahamas on an expired Passport? ... Are there any fees I have to pay to leave the \ncountry?",
    "Please note that in observance of the Hijri New Year, the UAE Embassy in ... \nInformation concerning visa requirements for those wishing to travel to the ... \nProcessing complementary visa requested by embassies and high ... Non-GCC \nnationals with a residence permit in GCC countries require a visa to .... Medical \nTreatment.",
    "Jul 13, 2017 ... What documents do I require to apply for a visa? ... I leave in a few days. ... Is my \nSchengen visa valid for travel to other European countries? ... I am applying for a \nvisa for my family (wife/husband and/or children) ... When and how do I pay to \nsubmit my visa application? .... TRAVEL MEDICAL INSURANCE\u00a0...",
    "Nov 3, 2014 ... Although entering Poland from the Schengen area country (the Czech Republic, \n... Your travel document may be your passport or identity card. ... the residence \ncard, you are permitted to leave and enter Poland without a visa. ... Besides, a \nperson who is a wife or a husband of Polish citizen can apply for a\u00a0...",
    "your experience entering the United States is as smooth as possible. ... For the \nmost up-to-date information, please visit our Web site at ... Carry.your.passport\u2014\ndo.not. pack.it..For.Visa.Waiver.countries,.as.of.June. ... that.my.wife/husband/etc..\nis.traveling.out.of.the. .... VWP. requirements. may. continue. to. travel. to. the."
  ],
  "displayUrl": [
    "travel.state.gov",
    "www.vfsglobal.com",
    "www.cic.gc.ca",
    "www.vfsglobal.com",
    "www.visabureau.com",
    "www.bahamashclondon.net",
    "uae-embassy.ae",
    "washington.consulfrance.org",
    "www.careersinpoland.com",
    "www.cbp.gov"
  ]
}