{
  "id": "Q336_R24_C7",
  "initial_query": "'Dhoti' 'travelling2Qatar' 'Qatar' person law mundu anyone wear get need wear",
  "relaxed_query": "'Dhoti' 'travelling2Qatar' person wear get wear",
  "links": [
    "https://www.ndtv.com/kolkata-news/denied-entry-for-wearing-dhoti-claims-filmmaker-kolkata-mall-counters-charge-1725237",
    "http://www.dnaindia.com/india/report-kolkata-quest-mall-refuses-entry-to-man-for-wearing-dhoti-relents-after-he-speaks-english-2503202",
    "http://www.indianmirror.com/culture/clothing/dhoti.html",
    "http://www.culturalindia.net/indian-clothing/dhoti.html"
  ],
  "snippets": [
    "Jul 16, 2017 ... The mall authorities said, \"The total waiting period for the person was 20 seconds \nand after that he entered the mall. We have video footage of\u00a0...",
    "Jul 15, 2017 ... A man was not allowed to enter Quest Mall, located in Park Circus area of \nKolkata for wearing Dhoti. Bengali actress Debaleena Sen recalled\u00a0...",
    "Dhoti is a traditional Indian men's wear and even in the developed world today ... \nMany people say that clothes may or may not make a man but they certainly ... \nthe western clothings have taken the place of traditional Indian wear like dhoti.",
    "Dhoti kurta is the traditional clothing of Indian men. ... The strong believers and \nsupporters of the Hare Krishna movement have made dhoti their dress code."
  ],
  "displayUrl": [
    "www.ndtv.com",
    "www.dnaindia.com",
    "www.indianmirror.com",
    "www.culturalindia.net"
  ]
}