{
  "id": "Q336_R24_C2",
  "initial_query": "'Dhoti' 'travelling2Qatar' 'Qatar' law person mundu anyone wear advise is wear",
  "relaxed_query": "'Dhoti' law wear advise wear",
  "links": [
    "http://timesofindia.indiatimes.com/india/Chennai-club-turns-away-judge-for-wearing-dhoti/articleshow/38225698.cms",
    "http://www.freepressjournal.in/lifestyle/wear-dhotis-and-lungis-in-fashionable-way/999283",
    "http://www.thefreedictionary.com/dhoti",
    "https://www.pinterest.com/bucknellcareer/what-to-wear-for-men/",
    "http://www.thefreedictionary.com/dhotis",
    "http://www.dnaindia.com/india/report-dress-code-for-devotees-visiting-tamil-nadu-temples-from-january-1-2161056",
    "http://media.radiosai.org/journals/vol_11/01APR13/nimish_pandya-part-02.htm",
    "http://www.thehindu.com/thread/arts-culture-society/article8168976.ece",
    "http://megamaldivesair.com/en/about-maldives/travel-tips",
    "http://www.dandavats.com/?p=4817"
  ],
  "snippets": [
    "Jul 12, 2014 ... Reason: He was wearing a dhoti. ... of the Madras high court Justice T S \nArunachalam authored a book \u2014 'Legal Fraternity Embraced Me'.",
    "Jan 8, 2017 ... Dhotis and Lungis are the latest trends to hit the Indian fashion scene. Sapna \nSarfare seeks advice to make sure you wear right to look right.",
    "(Clothing & Fashion) a long loincloth worn by men in India ... act of denial of entry \nto those wearing dhoti was an act of insult but also not in line with TNCA laws.",
    "10 Do's And Don'ts Of Men's Professional Wear | Law Commentator .... Advice \nfrom an HR Executive and a Fashion Representative on dressing for success.",
    "Legal Dictionary. Financial Dictionary. Acronyms. Idioms. Encyclopedia ... (\nClothing & Fashion) a long loincloth worn by men in India ... 'It is highly \ndeplorable': D. Raja on denial of entry to dhoti-wearing judge at club ... intended \nto be used in place of a visit, consultation, or advice of a legal, medical, or any \nother professional.",
    "Dec 31, 2015 ... According to a notice board outside the Palani temple, male devotees have been \nadvised to wear dhoti, shirt, pyjama or pant and shirt while\u00a0...",
    "Apr 3, 2013 ... The other conversation was related to my dhoti. Instead of the typical Gujarati \nlungi, I used to wear night suits - blue pyjamas and blue kurta. And, she ... It's the \nadvice that He used to give every married couple - that marriage is\u00a0...",
    "Jan 30, 2016 ... Shani's law ... the idol in the traditionally-mandated dripping-wet dhotis, and pour \noil ... His father, Lord Surya, is considered to be the ultimate symbol of virility, to \nthe point where women of ancient India were advised to go out\u00a0...",
    "Although you will see plenty of sometimes worn by tourists in Male', such ... as the \nMaldives out of respect for local customs and laws limiting revealing clothing.",
    "Nov 26, 2007 ... He wore a very valuable dhoti, and there was a nice wrapper on the upper ... \nPlease stop this nescience as I never instructed Kirtanananda to act like that. .... \nHe advised Adi Kesava to keep his sannyasi dress because he was\u00a0..."
  ],
  "displayUrl": [
    "timesofindia.indiatimes.com",
    "www.freepressjournal.in",
    "www.thefreedictionary.com",
    "www.pinterest.com",
    "www.thefreedictionary.com",
    "www.dnaindia.com",
    "media.radiosai.org",
    "www.thehindu.com",
    "megamaldivesair.com",
    "www.dandavats.com"
  ]
}