{
  "id": "Q336_R24_C6",
  "initial_query": "'Dhoti' 'travelling2Qatar' 'Qatar' person law respect mundu wear advise is wear",
  "relaxed_query": "'Dhoti' person wear advise wear",
  "links": [
    "https://mumbaimirror.indiatimes.com/news/india/kolkata-mall-denies-entry-to-man-wearing-dhoti/articleshow/59608756.cms",
    "https://pibindia.wordpress.com/2016/09/16/what-made-gandhiji-wear-only-loincloth-or-dhoti/",
    "http://www.freepressjournal.in/lifestyle/wear-dhotis-and-lungis-in-fashionable-way/999283",
    "http://timesofindia.indiatimes.com/india/Chennai-club-turns-away-judge-for-wearing-dhoti/articleshow/38225698.cms",
    "https://www.sanatan.org/en/a/290.html",
    "http://www.ndtv.com/south/judge-in-dhoti-denied-entry-at-chennai-club-karunanidhi-livid-587957",
    "http://isha.sadhguru.org/blog/yoga-meditation/demystifying-yoga/clothes-to-wear-to-yoga/",
    "https://theidleman.com/manual/advice/wear-sandals-men/",
    "http://www.bollywoodshaadis.com/articles/best-style-tips-wear-dhoti-pants-according-your-body-shape-3884",
    "http://www.dandavats.com/?p=4817"
  ],
  "snippets": [
    "Jul 15, 2017 ... The man was wearing a traditional Indian dress, a dhoti, and was \"respectably \ndressed\", according to her friend, Debleena Sen, who was with\u00a0...",
    "Sep 16, 2016 ... What made Gandhiji wear only Loincloth or Dhoti ... the with the poor people of \nIndia and how can he identify with them if he wears different clothes from them. .... \nI adopt the change because I have always hesitated to advise\u00a0...",
    "Jan 8, 2017 ... The best way to wear dhotis and lungis in style is to take advice from the ... meant \nto piece of cloth which people used to drape on their own.",
    "Jul 12, 2014 ... Reason: He was wearing a dhoti. ... Club and Tamil Nadu Cricket Association \nClub \u2014 still had rules denying entry for people wearing dhoti.",
    "Jul 14, 2014 ... People who always wear neat and ironed clothes are disciplined and \nconscientious. ... Sovale (A clean, washed, silk or cotton dhoti to be worn during \npuja [Ritualistic ... G. Wearing sattvik clothes as advised by Hindu Dharma",
    "Jul 14, 2014 ... \"It is not important who went there wearing dhoti, but a rule barring the entry into \na club (for a dhoti-clad person) in Tamil Nadu is unacceptable,\"\u00a0...",
    "Apr 17, 2014 ... Traditionally in India, people did not wear stitched clothing. Both the dhotis for \nmen and the saris for women are just pieces of unstitched cloth.",
    "Learn how to wear sandals for men this summer, whether you're jetting off to an ... \nadvise you on how to style them regardless of your age, height or body type.",
    "Apr 12, 2016 ... Dhoti pants are all the rage among the Bollywood celebrities as well as the \nfashion community. Read on to know how to style your dhoti pants\u00a0...",
    "Nov 26, 2007 ... Can a man wear board shorts while dressing the deities? .... He advised Adi \nKesava to keep his sannyasi dress because he was representing\u00a0..."
  ],
  "displayUrl": [
    "mumbaimirror.indiatimes.com",
    "pibindia.wordpress.com",
    "www.freepressjournal.in",
    "timesofindia.indiatimes.com",
    "www.sanatan.org",
    "www.ndtv.com",
    "isha.sadhguru.org",
    "theidleman.com",
    "www.bollywoodshaadis.com",
    "www.dandavats.com"
  ]
}