{
  "id": "Q336_R24_C8",
  "initial_query": "'Dhoti' 'travelling2Qatar' 'Qatar' law person journey mundu wear enjoys advise wear",
  "relaxed_query": "'Dhoti' law wear enjoys wear",
  "links": [
    "https://www.khaleejtimes.com/international/india/film-maker-says-denied-entry-into-mall-for-wearing-dhoti",
    "https://www.gq.com/story/how-to-pack-travel-outfits-monochrome",
    "http://www.ndtv.com/opinion/what-do-clubs-have-against-dhotis-588922",
    "https://www.quora.com/What-is-wrong-with-wearing-decent-shorts-three-quarters-to-a-Hindu-temple",
    "http://www.maxfashion.in/c/maxwomen-ethnicwear-haremanddhotipants",
    "https://pairedlife.com/gender-sexuality/Why-Its-A-Big-Deal-When-Men-Wear-Womens-Clothes-In-Public",
    "https://www.tripadvisor.com/ShowTopic-g293996-i3669-k512092-What_to_wear-Bahrain.html",
    "http://www.dnaindia.com/india/report-tamil-nadu-assembly-passes-dhoti-bill-2008514",
    "https://www.pinterest.com/sulbham/dhoti-pants-outfit/",
    "https://en.wikipedia.org/wiki/PVC_clothing"
  ],
  "snippets": [
    "Jul 15, 2017 ... Film maker says denied entry into mall for wearing dhoti. IANS. Filed on July 15, \n... Calls for law change after Indians left in dark... Fears Indian\u00a0...",
    "May 2, 2017 ... But you're probably not going to wear them that way. Once you accept ... It's a \nuniversal law of packing. If you bring a duffel ... May they check baggage \neverywhere they go, and enjoy the fruits of that gamble. May they wear\u00a0...",
    "Jul 16, 2014 ... \"It is not important who went there wearing dhoti,\" he clarified, \"but a rule ... state \ngovernment move necessary amendments to the laws to ban clubs that do ... This \nis unexceptionable: in a democracy, we all enjoy freedom of\u00a0...",
    "While it may be completely legal to enforce certain dresscode, these problems do \nexist. ... But if you don't wear shirt and wear dhoti/lungi only, it is still decent.",
    "Shopping Collection of Printed, Solid, Embroidered, Embellished Pants Ethnic \nHarem & Dhoti Pants For Ladies Online MaxFashion|\u2713Free Shipping* \u2713Easy\u00a0...",
    "Jan 9, 2017 ... For men however, the act of wearing women's clothing in public is something of \nan act of defiance. It breaks the rules. It shocks onlookers.",
    "Mar 20, 2006 ... Arab women are very beautiful and enjoy dressing up. ... In Dammam I wear an \nabaya and cover my hair - in fact I try and avoid Dammam. .... will meet - future \nmother in laws are on the look out for a suitable wife for their sons.",
    "Aug 6, 2014 ... Tamil Nadu assembly passes dhoti bill - A bill seeking to remove the ban on \nwearing dhoti and other Indian traditional attire imposed by\u00a0...",
    "Explore sulbha mimani's board \"dhoti pants outfit\" on Pinterest. | See more ideas \nabout Indian wear ... See More. Cape dhoti pants \u2013 Jayanti Reddy \u2013 What to wear \nto an Indian . ..... from Kalkifashion \u00b7 See this Instagram photo by @avni_bhuva \u2022 \n151 likes ..... Ali Xeeshan - my sis in law wore this to my Mehndi in Jan. Although\n\u00a0...",
    "PVC clothing, commonly known as vinyl clothing, is shiny clothing made of the \nplastic polyvinyl ... Also in 1997, the Mexican singer Thal\u00eda sang and gave \ninterviews wearing black PVC pants on Brazilian TV show called Domingo Legal, \non SBT\u00a0..."
  ],
  "displayUrl": [
    "www.khaleejtimes.com",
    "www.gq.com",
    "www.ndtv.com",
    "www.quora.com",
    "www.maxfashion.in",
    "pairedlife.com",
    "www.tripadvisor.com",
    "www.dnaindia.com",
    "www.pinterest.com",
    "en.wikipedia.org"
  ]
}