{
  "id": "Q338_R42_C4",
  "initial_query": "'Duty Free' bring weapons p ok know amp is much",
  "relaxed_query": "'Duty Free' bring weapons p ok know amp is much",
  "links": [
    "http://www.aaa.com/aaa/Traveler/US_to_Canada.html",
    "http://bangordailynews.com/2015/10/14/news/state/new-maine-weapons-laws-take-effect-tomorrow-heres-what-you-need-to-know/",
    "https://www.arkansasmusicpavilion.com/about-us/policies/",
    "https://www.klm.com/travel/gb_en/prepare_for_travel/baggage/exceptional_baggage/index.htm",
    "http://www.usgamer.net/articles/01-09-2017-call-of-duty-ww2-release-date-beta-headquarters-pre-order-everything-we-know",
    "https://www.pocruises.com.au/plan/know-before-you-go/what-to-pack/what-not-to-pack",
    "http://www.sunlightsupplyamphitheater.com/faq.html",
    "https://www.ttb.gov/",
    "https://www.travelchinaguide.com/essential/civil-aviation/",
    "http://nypost.com/video/lying-cop-doesnt-know-uber-driver-was-actually-a-lawyer/"
  ],
  "snippets": [
    "It is advised that U.S. residents register weapons with U.S. Customs before \ndeparture. ... Hunters may bring in, duty-free, 200 rounds of ammunition; \nparticipants in a .... paying import duty and taxes or presenting the necessary \npermit to leave the ... U.S.: Requirements for Non-Residents,\" \"Know Before You \nGo,\" \"Importing a\u00a0...",
    "Oct 14, 2015 ... Small, who has a concealed handgun permit, purchased a Glock 43, a new 9 ... \nnew state laws pertaining to guns and knives that take effect Thursday. ... \nincluding a free firearms training course on Tuesdays that is open to the\u00a0...",
    "The only authorized seller of Walmart AMP tickets is Walton Arts Center. ... must \nexit the grounds and seek safe shelter until notified by the Walmart AMP staff or \nAMP social media. ... The carrying of weapons and/or firearms is prohibited at the \nWalmart AMP, under Arkansas Code 5-73-306 (B) (1) even if you have a permit.",
    "From surf board to golf bag, you can take all kinds of special baggage with you! ... \nFishing equipment; Weapons for shooting and hunting sports; Other special \nbaggage ... Let us know via MyTrip to make sure you can bring your set of golf ... \n23 kg / 50.5 lbs) with you free of charge on top of your standard baggage \nallowance.",
    "Sep 1, 2017 ... Call of Duty WW2 will follow last year's Call of Duty Infinite Warfare, .... all the \nweapons, game modes, and Division classes in the Call of Duty: WW2 ... Call of \nDuty WW2 will be released on PlayStation 4, Xbox One, and PC. ... Please take \nthis survey to give your feedback and help shape the .... They're free!",
    "Explosives, fireworks, guns, knives or weapons of any kind, illicit substances, ... \nWe make sure all our cruises are as safe as possible. ... Each guest can bring \nonboard a maximum of 12 canned drinks loosely ... Alcohol purchased duty-free \non onshore will be held for safekeeping while ... How much luggage can I bring? \nA.",
    "Where can I park, and how much does it cost? \u00bb .... If I have a concealed \nweapons permit, may I bring a weapon into Sunlight Supply Amphitheater? \u00bb.",
    "You may also qualify for a refund of alcohol or tobacco excise tax on damaged \nproduct. ... Contact us online or toll free: 877-882-3277. ... Firearms & Ammunition \n... Apply for a Permit \u00b7 Label Approval \u00b7 Submit a Formula ... We recommend that \nyou take immediate steps to upgrade your system for continued online access to\n\u00a0...",
    "Passengers wait to take their baggages at the airport. ... The liquid articles \npurchased in the duty-free stores in the airport should be placed in a sealed \ntransparent ... State prohibited guns or weapons: steel ball guns, tear gas guns \nand electric guns e. ... It will be ok for you to take it with hand luggage or just keep \nit in hand.",
    "Mar 9, 2017 ... When defense attorney Jesse Bright was pulled over in North Carolina while \nmoonlighting as an Uber driver, he began filming the encounter."
  ],
  "displayUrl": [
    "www.aaa.com",
    "bangordailynews.com",
    "www.arkansasmusicpavilion.com",
    "www.klm.com",
    "www.usgamer.net",
    "www.pocruises.com.au",
    "www.sunlightsupplyamphitheater.com",
    "www.ttb.gov",
    "www.travelchinaguide.com",
    "nypost.com"
  ]
}