{
  "id": "Q338_R2_C1",
  "initial_query": "'Toys' 'Doha' comments just adults anyone know getting play muslim",
  "relaxed_query": "'Toys' 'Doha' comments just adults anyone know getting play muslim",
  "links": [
    "https://www.onlineqatar.com/living/laws-regulations.aspx",
    "https://www.lelo.com/blog/tips-tricks-travelling-sex-toys/",
    "http://www.telegraph.co.uk/news/religion/8136069/Toy-pig-removed-from-farm-set-to-avoid-offending-Muslim-and-Jewish-parents.html",
    "http://www.dailymail.co.uk/news/article-2152073/Heartbreaking-scenes-Doha-grief-stricken-expats-mourn-loss-triplets-aged-killed-13-children-adults-ripped-Qatars-largest-shopping-mall.html",
    "https://ummahwide.com/50-most-innovative-global-muslim-startups-2016-398e4fefe3eb",
    "http://www.independent.co.uk/extras/indybest/gadgets-tech/laptops-tablets/best-kids-tablets-apple-ipad-mini-amazon-fire-leapfrog-leappad-vtech-flexipad-wifi-apps-childrens-10402751.html",
    "http://abcnews.go.com/Travel/Media/airport-security-embarrassed-personal-items-luggage/story?id=10818596",
    "http://news.bbc.co.uk/1/hi/magazine/7115821.stm",
    "https://storycorps.me/search/",
    "http://nypost.com/2017/02/28/teen-jumps-to-death-in-snapchat-stunt-gone-wrong/"
  ],
  "snippets": [
    "Information about basic rules applicable to expats, womens rights, Islamic Law ... \nThe law mandates that Qatari nationals should only hold Qatari citizenship, and \nenter and ... If the Qatari authorities get to know that you hold dual nationality, \nthen you may ... Luxury hotels can sell alcohol to their adult non-Muslim \ncustomers.",
    "Mar 27, 2017 ... Take our helpful tips and advice on traveling with your sex toys ... The Mile High \nClub: How to Get Your Sex Toys Through Airport Security ... Know Before You Go \n... allows sex toys, being absolutely sure is just a Google search away, ... Can \nanyone pls sdvise if is it allowed to travel with vibrator in dubai?",
    "Nov 16, 2010 ... A toy pig was withdrawn from a children's farm set by its makers to ... of causing \noffence to Muslim and Jewish parents, it has been reported. ... despite there \nbeing a sty and a button which generated an \"oink\". The mother, named only as \nCaroline, called the firm to complain ... Our adult daughter is in a rut.",
    "May 30, 2012 ... Agony of the parents who lost three triplets in Doha fire: Toys ... comments ... In \naccordance with Muslim tradition, some families wished to have their loved ... \nchild care facility, where the child victims and four adult workers died. .... \"\nEverybody out, you've got to get out now, the other half of the mall is on fire\".",
    "Jun 19, 2016 ... In an age of rising Islamophobia can global Muslim startups and the sheer size of \n... This is the biggest story about Muslims around the world not being told, ... \nMuslims entrepreneurs play vital roles in regional startup ecologies ... know the \nimportance of creating products for and catering to Muslim markets.",
    "5 days ago ... Tablet computers aren't just for playing games, though that may be the attraction \nfor many children. They are strong educational tools for\u00a0...",
    "Jun 4, 2010 ... When traveling with adult toys, vibrators and other personal items, some extra ... \nBeing right after 9/11, when we got to Mexico they dumped out my suitcase on ... \nBaggage screeners may not know what it is and remove it just to be safe. ... \nComments ... 'Dancing With the Stars' partners play '2 truths and a lie'\u00a0...",
    "Nov 29, 2007 ... Some say Muhammad can only be given to boys, others are less strict. But is it \nacceptable for Muslims to name a toy Muhammad? ... But he says it's ridiculous \nthat Ms Gibbons is being punished for a \"miscalculation\". ... it Muhammad, we \nknow exactly where they're going with it - the idea is to cause offence.",
    "McNair (21) \u00b7 Muslim (21) ..... Getting in trouble (10) \u00b7 pie (10) ... but the kids would \njust start to laugh\" (10) ... Adult role model (9) ... Playing for Change (8)",
    "Feb 28, 2017 ... Johnathan Chow, 17, jumped over the railing at a Singapore mall, hoping to land \nsafely on a ledge just beneath him. But the ledge couldn't\u00a0..."
  ],
  "displayUrl": [
    "www.onlineqatar.com",
    "www.lelo.com",
    "www.telegraph.co.uk",
    "www.dailymail.co.uk",
    "ummahwide.com",
    "www.independent.co.uk",
    "abcnews.go.com",
    "news.bbc.co.uk",
    "storycorps.me",
    "nypost.com"
  ]
}