{
  "id": "Q338_R30_C8",
  "initial_query": "'Lego Blocks' 'Lego Blocks Qatar' 'Tried Toys' products avail brother collection find/buy has buy original",
  "relaxed_query": "'Lego Blocks' 'Lego Blocks Qatar' 'Tried Toys' products avail brother collection find/buy has buy original",
  "links": [
    "https://www.toysrus.com/products/peppa-pig-toys-videos-games.jsp",
    "https://shop.lego.com/en-US/Ninjago-ByTheme",
    "https://www.amazon.com/LEGO-Dimensions-Starter-Pack-PlayStation-3/dp/B00VMB5V96",
    "https://www.amazon.co.uk/LEGO-Dimensions-Starter-Pack-PS4/dp/B00VJWS2LC",
    "https://www.amazon.com/LEGO-City-Police-60047-Station/dp/B00GSPF9NE",
    "https://www.etsy.com/listing/483205286/lucky-undies-pdf-sewing-pattern",
    "https://www.amazon.com/Catan-Studios-MFG-3071-Edition/dp/B00U26V4VQ",
    "http://www.boots.com/lego",
    "https://www.amazon.com/LEGO-Harry-Potter-Years-5-7-Playstation/dp/B0051TLAZ4",
    "http://www.topshop.com/en/tsuk/product/polka-dot-mesh-top-by-boutique-6766166"
  ],
  "snippets": [
    "Our collection offers a wide selection of your kids favorite Peppa Pig shows your \nchild will want to watch over and over again. Shop Toys\"R\"Us for Peppa Pig\u00a0...",
    "Discover NINJAGO\u2122 themed LEGO\u00ae toys and fan reviews. Buy today with The \nOfficial LEGO Shop Guarantee! ... PRODUCT TYPE. FEATURED. PRICE. AGE ... \nHard to Find Items [13]. Ideas [5] ... Pick A Brick [1] ... AVAILABILITY. RATING.",
    "Amazon.com: LEGO Dimensions Starter Pack - PlayStation 3: Whv Games: ... By \npurchasing additional expansion packs, players can grow their collection with a \n.... bricks into the LEGO Gateway, and place the structure on the LEGO Toy Pad. \n... and new levels with the purchase of three different types of Expansion Packs.",
    "Buy LEGO Dimensions: Starter Pack (PS4) from Amazon.co.uk. ... by Warner Bros\n. ... journey or have a friend join for co-op play; The LEGO Toy Pad and game will \noffer ... game, Toy Pad, bricks to build Gateway, three minifigures, and Batmobile \n.... the vortex and quickly find themselves fighting to save all of LEGO humanity.",
    "LEGO City Police Station. Sound the Police Station alarm! The tow truck has \nyanked the jail window clean off with the chain and is helping the prisoner \nescape!",
    "Listing does not include a finished sewn product. ... If you accidentally purchase a \nduplicate, please message Rad Patterns so we can arrange a refund on the\u00a0...",
    "Buy Catan 5th Edition: Board Games - Amazon.com \u2713 FREE DELIVERY ... Get a \n$50 Amazon.com Gift Card instantly upon approval for the Amazon ... Use \nresource combinations\u2014 grain, wool, ore, brick, and lumber\u2014to buy ... Catan (\naka The Settlers of Catan) has been awarded with \u201cGame of the Year,\u201d ..... \nDiscover & try",
    "Buy LEGO. Collect 4 Advantage Card Points for every Pound you spend. ... Find \nout more about cookies x ..... all products ..... all LEGO toys ... For the more \ncreative, LEGO Creator and LEGO Duplo have the sets for you. ... For those who \nwant to take it further, Lego Bricks and More lets you start with a simple ... Warner \nBros.",
    "on orders over $25\u2014or get FREE Two-Day Shipping with Amazon Prime ... Gift-\nwrap available. .... LEGO Harry Potter: Years 1-4 - Playstation 3 by Warner Bros \nPlayStation 3 .... go back and collect every Hogwarts crest, red brick, character \ntoken, etc. .... I regret selling the first one (Years 1-4) and will have to buy it again.",
    "Product details. This figure-flattering white top by Boutique merges polka dots \nwith mesh fabric. This long-sleeve style comes with raw hems and a stylish slash\n\u00a0..."
  ],
  "displayUrl": [
    "www.toysrus.com",
    "shop.lego.com",
    "www.amazon.com",
    "www.amazon.co.uk",
    "www.amazon.com",
    "www.etsy.com",
    "www.amazon.com",
    "www.boots.com",
    "www.amazon.com",
    "www.topshop.com"
  ]
}