{
  "id": "Q338_R42_C1",
  "initial_query": "'Duty Free' 'Pork' bring porn ok booze know amp is favourite",
  "relaxed_query": "'Duty Free' 'Pork' bring porn ok booze know amp is favourite",
  "links": [
    "http://nypost.com/2016/06/12/professor-who-donates-sperm-in-city-bathrooms-has-sired-22-kids/",
    "https://en.wikipedia.org/wiki/List_of_Viz_comic_strips",
    "http://www.alternet.org/sex-amp-relationships/how-much-money-do-porn-stars-really-make",
    "https://en.wikiquote.org/wiki/Robin_Williams",
    "https://en.wikipedia.org/wiki/List_of_Only_Fools_and_Horses_episodes",
    "http://www.dailymail.co.uk/health/article-3331095/Handy-guide-portion-sizes-Never-know-food-Use-formula-figure-right-eat.html",
    "http://wrif.com/podcasts/dave-chuck-the-freak/",
    "http://www.dailymail.co.uk/home/you/article-4313396/On-5-2-lost-9-kilos-reversed-diabetes.html",
    "https://www.in.gov/isdh/files/cultural_primer_on_Haiti.pdf",
    "http://www.eecs.wsu.edu/~holder/courses/CptS223/spr09/document.txt"
  ],
  "snippets": [
    "Jun 12, 2016 ... (The Mayo Clinic says normal sperm density ranges from 15 million to ... Women \nwho have used Nagel's services \u2014 which he provides for free \u2014 say his good \nlooks, ... Some take his surname, and there's even an Ari Jr. and two Arias. ... \nexpecting to co-parent with him and that she didn't know of his plans\u00a0...",
    "The following is a list of recurring or notable one-off strips from the British adult \nspoof comic ... Alcan Foil Wrapped Pork Stock Warrior \u2013 a young boy who \nbecomes a ... Auntie Cockwise \u2013 An old lady who can tell the size of a man's \npenis just by looking ... something along the lines of \"No bastard copper's gonna \ntake me alive!",
    "Jan 25, 2016 ... According to a recent report by CNBC, the average male porn actor earns around \n... Tentpole porn films can take just four to eight hours.",
    "Free Cocaine! There's no ... Number three: if on your tax form it says, \"$50,000 for \nsnacks,\" MAYDAY! Baseball ... When he's doing that, I don't know whether to \nslide or do a line! ... If this is your first time flying a plane on alcohol, I'd like to \nwelcome ya! ..... They made porn movies, of my movies! Good Will Humping? It's \nokay.",
    "The following is an episode list for the BBC One sitcom Only Fools and Horses. \nThe show was .... On the bus, Del reveals that he does not know any facts about \nLondon and ..... Del and Rodney think that the dog may have eaten some \nreheated pork ..... Del, Trigger, and Denzil arrange to smuggle Duty Free alcohol \ninto the\u00a0...",
    "Nov 23, 2015 ... 'Most people don't know what an appropriate portion should look like,' says Sian \n... How online porn is fuelling sex addiction: Easy access to.",
    "Dave and Chuck the Freak talk about a creepy free massage ad a listener found \n.... jobs that are safe from being taken by robots, a guy in Germany that avoids \ntraffic ... has started micro chipping their employees, a new Game of Thrones \nporno\u2026 ... Dave and Chuck the Freak talk about a father arrested while trying to \ntake his\u00a0...",
    "Mar 18, 2017 ... Freed from their normal routine work, the little gene mechanics start .... lot of \ncalories (well over 200 in a small bottle) as well as a big sugar hit. ... \nUnfortunately willpower is grossly overrated and if you know the ... Order the set \nat you-bookshop.co.uk or call 0844 571 0640, p&p is free on ...... Boyfriend duties\n!",
    "CultureVision helps providers know what sorts of questions to ask in order to \ntailor ... Visit us online for information and free publications at: www. .... after the \ndiscovery of HIV/AIDS in the US, Haitians were blamed for bringing ... Normal \nbody weight/ fair amount of body fat .... Sexual uncleanness (pornography, \nmasturbation).",
    "... la lp ma me mi mo mr ms mu my na no nu ny od of oh ok on op or os ow ox pa \npc ... alb ale ali all alm alp alt ama ami amp amt amu amy ana and ani ann ant \nany .... foro fort foul four fowl foxy fran frau fray fred free fret friz frog from fuel fuga \nfull .... pool poop poor pope pops pore pori pork porn port pose posh post posy \npots\u00a0..."
  ],
  "displayUrl": [
    "nypost.com",
    "en.wikipedia.org",
    "www.alternet.org",
    "en.wikiquote.org",
    "en.wikipedia.org",
    "www.dailymail.co.uk",
    "wrif.com",
    "www.dailymail.co.uk",
    "www.in.gov",
    "www.eecs.wsu.edu"
  ]
}