{
  "id": "Q338_R2_C2",
  "initial_query": "'Toys' 'Doha' 'Thnx' comments just adults anyone know play getting muslim",
  "relaxed_query": "'Toys' 'Doha' 'Thnx' comments just adults anyone know play getting muslim",
  "links": [
    "https://www.lelo.com/blog/tips-tricks-travelling-sex-toys/",
    "https://www.onlineqatar.com/living/laws-regulations.aspx",
    "http://www.independent.co.uk/extras/indybest/gadgets-tech/laptops-tablets/best-kids-tablets-apple-ipad-mini-amazon-fire-leapfrog-leappad-vtech-flexipad-wifi-apps-childrens-10402751.html",
    "http://nypost.com/2017/02/28/teen-jumps-to-death-in-snapchat-stunt-gone-wrong/",
    "https://storycorps.me/search/",
    "https://www.ted.com/playlists/235/the_funniest_ted_talks",
    "http://www.smh.com.au/news-wire",
    "https://www.wsj.com/europe",
    "http://www.birminghammail.co.uk/whats-on/whats-on-news/fidget-spinners-craze-allowed-schools-12951161",
    "http://heavy.com/news/2016/12/rex-tillerson-exxon-mobil-ceo-donald-trump-secretary-of-state-wife-kids-who-is-bio-russia-putin-global-warming-age/"
  ],
  "snippets": [
    "Mar 27, 2017 ... Take our helpful tips and advice on traveling with your sex toys ... The Mile High \nClub: How to Get Your Sex Toys Through Airport Security ... Know Before You Go \n... allows sex toys, being absolutely sure is just a Google search away, ... Can \nanyone pls sdvise if is it allowed to travel with vibrator in dubai?",
    "Information about basic rules applicable to expats, womens rights, Islamic Law ... \nThe law mandates that Qatari nationals should only hold Qatari citizenship, and \nenter and ... If the Qatari authorities get to know that you hold dual nationality, \nthen you may ... Luxury hotels can sell alcohol to their adult non-Muslim \ncustomers.",
    "5 days ago ... Toys & activities .... Tablet computers aren't just for playing games, though that \nmay be ... but each one has been fully tested so that you know they work. .... the \ngadget feel more durable thanks to the silicone reinforcement. ... For versatility, \nquality and huge range of apps, the Apple iPad has to get a mention\u00a0...",
    "Feb 28, 2017 ... Johnathan Chow, 17, jumped over the railing at a Singapore mall, hoping to land \nsafely on a ledge just beneath him. But the ledge couldn't\u00a0...",
    "Muslim (21) ..... Getting in trouble (10) \u00b7 pie (10) ... Thanks Giving (10) ... but the \nkids would just start to laugh\" (10) ... Adult role model (9) ... Playing for Change (8\n)",
    "Tim Urban knows that procrastination doesn't make sense, but he's never ... The \nNew Yorker receives around 1,000 cartoons each week; it only ... 4554 \ncomments ... to the TEDxSummit stage in Doha, Qatar to take on serious issues in \nthe Middle ... Farsad speaks on her documentary, The Muslims Are Coming!, \nnarrates her\u00a0...",
    "Police officers will only leave their station to attend emergencies under the ... \nPolice say Mr Black's death is not being treated as suspicious, and a report ... A \nsuccessful North Melbourne-Tasmania bid would see AFLW teams play in the \nApple Isle ... You know crocodiles are there around you but you go out anyway \nand try to\u00a0...",
    "Meet the Party Germany Just Put in Parliament ... Get analysis of Washington's \ntop political and national-security stories in our daily newsletter. SIGN UP\u00a0...",
    "Aug 30, 2017 ... Here's what you need to know about the new craze ... selling out of spinners and \ncubes so you'll have to be quick to get your hands on one.",
    "Dec 10, 2016 ... Exxon was just one of several international oil giants that vied for ... on December \n6 that Tillerson was being considered for a role in the ... But Vladimir Putin is a \nthug, bully and a murderer, and anybody else .... but it wasn't until July 2015 that \nthe ban on gay adult troop leaders was lifted. .... 25 Comments."
  ],
  "displayUrl": [
    "www.lelo.com",
    "www.onlineqatar.com",
    "www.independent.co.uk",
    "nypost.com",
    "storycorps.me",
    "www.ted.com",
    "www.smh.com.au",
    "www.wsj.com",
    "www.birminghammail.co.uk",
    "heavy.com"
  ]
}