{
  "id": "Q338_R2_C3",
  "initial_query": "'Toys' 'Doha' 'Thnx' comments just err adults know getting play muslim",
  "relaxed_query": "'Toys' 'Doha' 'Thnx' comments just err adults know getting play muslim",
  "links": [
    "http://nypost.com/2017/02/28/teen-jumps-to-death-in-snapchat-stunt-gone-wrong/",
    "http://heavy.com/news/2016/12/rex-tillerson-exxon-mobil-ceo-donald-trump-secretary-of-state-wife-kids-who-is-bio-russia-putin-global-warming-age/",
    "http://www.smh.com.au/news-wire",
    "https://www.mezzoguild.com/when-i-almost-married-egyptian-girl-who-only-spoke-arabic/",
    "http://www.dailymail.co.uk/news/article-2278635/Image-ghostly-man-spotted-Google-Earth-remains-village.html",
    "https://www.hrw.org/sites/default/files/wr2013_web.pdf",
    "https://fetzthechemist.wordpress.com/2012/04/08/a-plane-full-of-indians-behaving-badly/",
    "http://www.dailymail.co.uk/travel/travel_news/article-3039538/Video-shows-baggage-handlers-throwing-passengers-luggage-airport-Riyadh-Saudi-Arabia.html",
    "https://bestbitsworldwide.com/qatar-best-bits-doha/",
    "https://www.booking.com/hotel/qa/horizon-manor.en-gb.html"
  ],
  "snippets": [
    "Feb 28, 2017 ... Johnathan Chow, 17, jumped over the railing at a Singapore mall, hoping to land \nsafely on a ledge just beneath him. But the ledge couldn't\u00a0...",
    "Dec 10, 2016 ... Rex Tillerson, the former CEO of Exxon Mobil, is Donald Trump's Secretary of \nState. Tillerson also has deep ties to Russia.",
    "The congestion comes after two people were killed in separate crashes on the \nstate's roads. Tigers get to wear traditional guernsey ... on the Record ... Daniel \nRioli likens playing finals to fishing on Melville Island. You know crocodiles are \nthere around you but you go out anyway and try to put the crocs out of your mind.",
    "12 Lessons Learned Proposing To An Egyptian Girl Who Only Spoke Arabic. \nWritten by ... This carried the expectation that we intended to get married. I had to\n\u00a0...",
    "Feb 14, 2013 ... 'If it had been just anywhere in Bristol I wouldn't have found it so ... It is only now \nthat the airfield has been sold to a London-based ... Play. Skip. LIVE. Mute. 00:00. \nCurrent Time 0:00. /. Duration Time 0:00 ... Share or comment on this article ..... \nJustin Bieber gets edgy as he wears Guns N' Roses shirt in LA\u00a0...",
    "Jan 1, 2013 ... to uphold political freedom, to protect people from inhumane conduct in .... from \nbeing benign, as its language suggests, a recently passed United Nations ... \ntramples over diversity, and fails to acknowledge just how fluid traditional ..... a \nMuslim sect that many Islamic countries declare to be deviant was.",
    "Apr 8, 2012 ... No, I just see the same behaviours over and over again. ... They get served first \nand much earlier than most people. ... With 1 comment ... it's largely due to the \nhighly aromatic nature of their food, but differing hygiene standards also play a \nlarge role\u2026 ... We all know how difficult it is to be on long flights.",
    "Apr 15, 2015 ... comments ... Play. Skip. LIVE. Mute. 00:00. Current Time 0:00. /. Duration Time 0:\n00 ... How to travel the world for free (and even get paid to visit. ... Another added: \n'Airlines might as well just use a dump truck to load and unload luggage. .... the \nCote d'Azur the French probably don't want you to know about.",
    "Jan 16, 2017 ... I was a first timer but now that I've been to Doha, Qatar, I need to go back. Fifa \n2022 is coming up, so see it now before it all changes in those\u00a0...",
    "Offering free parking facilities, Horizon Manor is a few steps from the Islamic Art ... \nGet instant confirmation with FREE cancellation on most rooms! ..... Swimming \npool toys; Outdoor pool; Hammam; Hot tub/jacuzzi; Fitness centre; Sauna ... Good \nto know Horizon Manor Hotel takes special requests - add in the next step!"
  ],
  "displayUrl": [
    "nypost.com",
    "heavy.com",
    "www.smh.com.au",
    "www.mezzoguild.com",
    "www.dailymail.co.uk",
    "www.hrw.org",
    "fetzthechemist.wordpress.com",
    "www.dailymail.co.uk",
    "bestbitsworldwide.com",
    "www.booking.com"
  ]
}