{
  "id": "Q340_R88_C10",
  "initial_query": "'Female Friend' 'Qatar' childhood expat hi years hugging be greet many",
  "relaxed_query": "'Female Friend' 'Qatar' childhood expat hi years hugging be greet many",
  "links": [
    "http://www.telegraph.co.uk/expat/expatlife/9870568/Saying-goodbye...-until-we-meet-again.html",
    "https://www.international.gc.ca/cil-cai/country_insights-apercus_pays/ci-ic_af.aspx?lang=eng",
    "https://pinayflyinghigh.com/reasons-why-living-in-dubai-will-ruin-you-for-life/",
    "http://www.dailymail.co.uk/news/article-3281354/I-prince-want-Saudi-royal-Prince-Majed-bin-Abdullah-bin-Abdulaziz-Al-Saud-accused-cocaine-fueled-rage-threatened-kill-Los-Angeles-mansion-staff-watched-pleasured-male-aide.html",
    "https://en.wikipedia.org/wiki/Leo_Martello",
    "http://www.haaretz.com/israel-news/1.553277",
    "http://foreignpolicy.com/2016/07/05/the-disappearance-of-dahlia-yehia-nepal-sharing-economy-couchsurfing-earthquake-disappearance/",
    "http://english.alarabiya.net/en/views/news/middle-east/2016/10/30/Green-cards-not-sponsorship-key-to-Saudi-economic-growth.html",
    "http://mylittlevagabonds.com/2016/02/04/le-thi-my-huong-putting-orphaned-kids-first-in-vietnam/",
    "http://gulfnews.com/life-style/parenting/94-per-cent-of-dubai-children-reared-by-nannies-1.778358"
  ],
  "snippets": [
    "Feb 19, 2013 ... Expats are old hands at goodbyes, but that doesn't mean they get ... The truth is \nthat goodbyes never get easier, no matter how many ... in Qatar, so during my \nfour years here, I've seen lots of friends come and go. ... As Mum and Dad drove \naway down our road in the airport taxi, I hugged my husband tightly,\u00a0...",
    "Sep 7, 2017 ... Note: An expatriate woman should ask her Afghan colleagues about ... They \ngreet those they know with a hug and a kiss and shake hands with those they \ndon't know. .... Education level is of high importance to Afghans and since many \nof ... for so many years that there is not anything that they are \"used to\".",
    "When you're out with your friends in Dubai, it looks like you're representing the \n...... Why are so many people living there after years as ExPats if they do not like it\n? .... I have live in Doha Qatar but with what i have read and the experience i had \nin ... I loved my childhood in Middle East and do miss all my international friends!",
    "Oct 20, 2015 ... He also threatened to kill one of the women if she refused to 'party' with him ... \nalso brought with him three friends and a group of butlers and other staff. .... In \nphotos taken earlier this year, Al Saud can be seen welcoming ... royal branch of \nthe House of Saud take most of the high level roles. ..... Going green!",
    "Leo Martello (September 26, 1931 \u2013 June 29, 2000) was an American Wiccan \npriest, gay rights ... Martello later claimed to have experienced psychic \nphenomena as a child, ... By his early teenage years, he had begun studying \npalmistry and tarot card .... authoring an article titled \"The Gay Pagan\" for Green \nEgg magazine.",
    "Oct 19, 2013 ... Number of cocaine users in Israel has doubled in recent years and the Israel ... a \nyoung Israeli woman in her 30s with a Master's degree in Law, describes ... is \nperceived as the drug of the rich, and not just because of its high price. .... In \nmany cases, the absence of a budget for the global war on drugs has\u00a0...",
    "Jul 5, 2016 ... Michael J. Green | 3 weeks ago ... A 25-year-old American traveled to Nepal to \nvolunteer after the ... Despite her cloistered childhood, Yehia was determined to \ngo her own ... After high school, Yehia enrolled at Kalamazoo College and .... \nThen Klugerman and several friends blasted messages to hundreds\u00a0...",
    "Oct 30, 2016 ... For many, Saudi Arabia has been their second home; their children were born \nhere, their childhood memories were here and they became more ... An American \nfriend who has lived here for the past 35 years once told me that she ... For years, \nexpatriates living in Saudi Arabia have had very few investment\u00a0...",
    "Feb 4, 2016 ... I had first heard about Le Thi My Huong from Australian expats in ... that featured \nMy Huong's story, I felt comfortable greeting her with a hug. ... \u201cMy best friend \nfrom childhood was sitting in front of the house we ... to Vietnam and reclaim the \nfamily she had lost so many years ago. ..... Hi Cindy and Pierre!",
    "Mar 17, 2011 ... The Dubai Women's Establishment which surveyed 1,186 working women in \ngovernment ... Among expatriates, the picture is no less bleak. ... In one case, the \nparents of a child in a Dubai school did not know she had ... notes, adding, \"Many \nexperts do not advise childcare for children in the first year of life."
  ],
  "displayUrl": [
    "www.telegraph.co.uk",
    "www.international.gc.ca",
    "pinayflyinghigh.com",
    "www.dailymail.co.uk",
    "en.wikipedia.org",
    "www.haaretz.com",
    "foreignpolicy.com",
    "english.alarabiya.net",
    "mylittlevagabonds.com",
    "gulfnews.com"
  ]
}