{
  "id": "Q340_R27_C3",
  "initial_query": "'Qatar' 'AIDS' problem authorities asap be either is positive",
  "relaxed_query": "'Qatar' 'AIDS' problem authorities asap be either is positive",
  "links": [
    "https://www.ft.com/fastft",
    "http://www.oecd.org/education/skills-beyond-school/AHELOFSReportVolume1.pdf",
    "https://www.tesfanews.net/qatar-gulf-crisis-eritreas-position/",
    "https://www.dia.govt.nz/diawebsite.nsf/wpg_URL/Services-Anti-Spam-Email-Scams-February-2013",
    "https://flightsafety.org/files/just_culture.pdf",
    "http://www.canadainternational.gc.ca/uae-eau/consular_services_consulaires/work_uae-travailler_eau.aspx?lang=eng",
    "https://en.wikipedia.org/wiki/Achieved_status",
    "http://www.un.org/esa/dsd/susdevtopics/sdt_pdfs/shanghaimanual/Chapter%205%20-%20Waste_management.pdf",
    "https://www.migrant-rights.org/2011/12/another-gamca-victim-steps-foward/",
    "http://inthesetimes.com/article/18385/slavoj-zizek-european-refugee-crisis-and-global-capitalism"
  ],
  "snippets": [
    "The UK's competition watchdog says price comparison websites must make it \nclearer how they are making money, and take further steps to protect users'\u00a0...",
    "Education Founding Council \u2013 HEFCE (England) and the Higher Education \nAuthority \u2013 HEA. (Ireland). The William and Flora Hewlett Foundation also \nprovided\u00a0...",
    "Jun 12, 2017 ... Qatar-Gulf Crisis: Eritrea's Position ... For the Government of Eritrea, this is a \ntimely issue that warrants its active support. ... neutral, it very regrettable to see \nEritrea taking side, either side of the way. ... most likely to be a dialogue initiated \nbyquatar authorities/government. ...... Get a rope to hang yourself asap.",
    "I am interested in either body massage or a combination of massage and ..... I will \nalso issue you a letter of authority that will prove you as the original-beneficiary of \n.... Awaiting your positive response, ... On behalf of Mary land orphanage Home, \nstaffs and the orphans here, we ask that you kindly come to our aid, because\u00a0...",
    "a Just Culture including an airline company, two civil aviation authorities, and an \nair navigation .... about potential aviation safety problems, a just culture \nenvironment conducive to such ..... committed by either a single person or by \ndifferent people at various points of the ... from the positive, indicating that the \nfocus of priority.",
    "Oct 5, 2015 ... Those found to be HIV positive will be immediately deported by the UAE \nauthorities. HIV certificates issued by foreign medical authorities are\u00a0...",
    "Achieved status is a concept developed by the anthropologist Ralph Linton \ndenoting a social position that a person can acquire on the basis of merit; it is a\u00a0...",
    "environmental issues into urban planning and administration, and accelerate the \n... the financial burden on city authorities for waste management, as well as ..... \nEither they continue with ...... positive changes to cities and the lives of citizens.",
    "Dec 23, 2011 ... Raju's departing words summarize the issue at hand and urges change: ..... is a \npart of D.H.A or Dubai Health Authority, suspected that i have old T.B scar. ... \nthere is no evidence of either Active or Latent Tuberculosis in my body at all. ...... \nRecently i got job in qatar but GAMCA issued me unfit medical report\u00a0...",
    "Sep 9, 2015 ... A condensed version of this article ran in the November 2015 issue of In ... Is the \nreaction of the public opinion and authorities in Western ... full pressure on \ncountries like Saudi Arabia Kuwait and Qatar to do their duty ..... of anyone to *\nchoose* (if he or she wishes) to work at either a union or non-union job."
  ],
  "displayUrl": [
    "www.ft.com",
    "www.oecd.org",
    "www.tesfanews.net",
    "www.dia.govt.nz",
    "flightsafety.org",
    "www.canadainternational.gc.ca",
    "en.wikipedia.org",
    "www.un.org",
    "www.migrant-rights.org",
    "inthesetimes.com"
  ]
}