{
  "id": "Q340_R9_C2",
  "initial_query": "'Dubai' 'Dubai Doha' 'Qatar' big hi credit loan go went received mine",
  "relaxed_query": "'Dubai' 'Dubai Doha' 'Qatar' big hi credit loan go went received mine",
  "links": [
    "http://gulfnews.com/news/uae/general/debt-trap-in-uae-to-repay-or-to-run-away-1.1357579",
    "https://pinayflyinghigh.com/reasons-why-living-in-dubai-will-ruin-you-for-life/",
    "http://www.arabianbusiness.com/you-can-run-but-you-can-t-hide-341599.html",
    "https://pinayflyinghigh.com/schengen-visa-application-procedure-in-dubai/",
    "https://www.michaelpage.ae/jobs/finance-accounting",
    "https://pinayflyinghigh.com/frequently-asked-questions-about-schengen-visa-application/",
    "https://www.nomadicmatt.com/travel-blogs/that-time-i-lost-my-passport/",
    "http://www.arabianbusiness.com/why-are-some-of-world-s-biggest-banks-leaving-uae--582005.html",
    "https://www.theguardian.com/law/2014/may/22/britons-jailed-losing-jobs-bounced-cheques-sharia-law-interpol-arrests",
    "https://wikitravel.org/en/India"
  ],
  "snippets": [
    "Jul 9, 2014 ... Dubai: If you are steeped in debt and are thinking of fleeing the UAE, think again. \n... The bank had filed a case against him, following which Qatar courts ... Another \nIndian in Dubai, whose contracting business went bust, took the ... left the country \nwithout paying car loans, personal loans or credit card loans.",
    "I am missing a lot of things that are considered normal in Dubai but totally ... \nreceived a lot of hate comments from people who are actually living in Dubai ..... \nwherein you go to jail if you don't pay your credit card or your personal loan. .... I \nhave live in Doha Qatar but with what i have read and the experience i had in \nDubai\u00a0...",
    "Aug 12, 2010 ... \u201cDubai obviously doesn't qualify but the simple way around it is to sell the ... who \nis currently working with some of the UAE's largest local banks to ... While the \ncosts can be high to chase a debtor overseas, Kahn is of the ... \u201cTo go through the \ncourts [in the Gulf] to get an action would take months or a year.",
    "I don't have to go to Abu Dhabi anymore to apply for my Greece Schengen visa. \nYAY!!!! Schengen Visa ... Greek Schengen Visa Application From Doha, Qatar.",
    "Dubai. Permanent. Our client, one of the largest e-commerce entities within the \nreal ... and is seeking an experienced Finance Manager for their operations in \nDubai. .... Forecasting Analyst, Financial Analyst, Credit Analyst. Qatar. \nPermanent .... Create Job alert to receive Finance Accounting jobs via email the \nminute they\u00a0...",
    "Jun 27, 2015 ... I received this message \u201cA decision on your Visa application reference ... Can I \napply for a Schengen visa from Dubai if I'm not holding a UAE residence visa? \n...... Hi its ok you can go to Paris on December since you already went to ... From \nDoha, Qatar - pinay flying high - Doha Blogger | Travel, Expat,\u00a0...",
    "Jun 6, 2011 ... Losing your passport is really just a big inconvenience. ... Go fill out a police \nreport for your lost passport. ... Photo credit: 2 ...... We experienced something \nsimilar recently at Dubai where we left the flight with the passport in the .... Hi \nGuys,. Mine and my wife's passports got stolen from a hotel in Amsterdam.",
    "Feb 13, 2015 ... During the credit crunch, the Qatar Investment Authority, plus Sheikh ... number of \n\u201cpotentially high-risk transactions,\u201d mostly originating from the UAE and Hong \nKong. ... and banks tend to be more nimble these days and go to where there ... \nDubai's Emirates NBD bought the Egyptian unit of France's biggest\u00a0...",
    "May 22, 2014 ... Interior of Dubai International Airport ... lived in a Middle Eastern country and \ntaken out a loan to buy a car; when ... It went on for five months, then I was \nformally dismissed. ... I had had to leave Qatar to go back and see my son, who \nwas unwell. ... It's a big headache to see your name [on the Interpol site].\".",
    "India (Sanskrit, Hindi: \u092d\u093e\u0930\u0924, Bh\u0101rat) is the largest country in the South Asia \nRegion ... and he himself went to the forest for ascetic practices\u201d \u2014 Vishnu \nPurana \u201cThe ..... On the first day, people go to temples and light bonfires, but on \nthe second, ..... Abu Dhabi, as well as Emirates [21] via Dubai or Qatar airways [\n22] via Doha."
  ],
  "displayUrl": [
    "gulfnews.com",
    "pinayflyinghigh.com",
    "www.arabianbusiness.com",
    "pinayflyinghigh.com",
    "www.michaelpage.ae",
    "pinayflyinghigh.com",
    "www.nomadicmatt.com",
    "www.arabianbusiness.com",
    "www.theguardian.com",
    "wikitravel.org"
  ]
}