{
  "id": "Q340_R88_C5",
  "initial_query": "'Female Friend' 'Qatar' expat reasons childhood physical hugging be greet many",
  "relaxed_query": "'Female Friend' 'Qatar' expat reasons childhood physical hugging be greet many",
  "links": [
    "https://matadornetwork.com/abroad/9-rules-for-expats-in-qatar/",
    "https://www.moveoneinc.com/old-blog/relocations/greeting-customs-around-the-world/",
    "http://www.andfaraway.net/blog/2009/07/28/the-guide-to-the-ultimate-arab-greeting-cheek-kissing/",
    "https://www.international.gc.ca/cil-cai/country_insights-apercus_pays/ci-ic_af.aspx?lang=eng",
    "https://pinayflyinghigh.com/reasons-why-living-in-dubai-will-ruin-you-for-life/",
    "http://www.expatwoman.com/abudhabi/monthly_abudhabi_faqs_ExpatWoman_Guide_to_Abu_Dhabi_Etiquette_9129.aspx",
    "http://gulfnews.com/news/uae/general/10-laws-expatriates-break-with-impunity-1.1111657",
    "http://www.commisceo-global.com/country-guides/saudi-arabia-guide",
    "https://www.nomadicmatt.com/travel-blogs/11-reasons-why-i-love-thailand/",
    "http://www.kwintessential.co.uk/resources/guides/guide-saudi-arabia-etiquette-customs-culture-business/"
  ],
  "snippets": [
    "Jul 28, 2012 ... Velvet Garvey shares her favorite rules of expat life in Qatar. 1. No public displays \nof affection. Kissing, hugging, and some places even holding hands. ... The \nexception is when greeting: In Qatar, men and women greet friends of .... \nHorrifying chart shows how many have already died for Qatar World Cup.",
    "May 13, 2011 ... A guide through various interesting gestures and greeting cultures. ... In Arab \ncountries, close male friends or colleagues hug and kiss both cheeks. ... When \nmen shake hands with women, the handshake is less industrial. ... Waving your \nfull arm side to side in many countries is recognized as saying 'hello'\u00a0...",
    "Jul 28, 2009 ... Greeting a person in the Arab world might as well be the trickiest thing in our \nculture. ... How many cheek kisses is this person expecting anyway? .... Its ok for \nme to kiss girl friends since they are close to me and they clean and ... horrified at \nthe onslaught of kisses, one of the main reasons I grew a beard.",
    "Sep 7, 2017 ... It is safe to talk about their kids in general, but no personal ... tend to have more \nphysical contact, with both male and female foreigners. ... Note: An expatriate \nwoman should ask her Afghan colleagues about ... They greet those they know \nwith a hug and a kiss and shake hands with those they don't know.",
    "When you're out with your friends in Dubai, it looks like you're representing the ... \nYou realize how good it is that kids in Dubai are being exposed to different ...... \nWhy are so many people living there after years as ExPats if they do not like it? .... \nI have live in Doha Qatar but with what i have read and the experience i had in\u00a0...",
    "Jun 6, 2017 ... 7 Reasons Why Expats in A .... Assume that technically, any physical contact \nbetween two unrelated ... Men and women shaking hands when greeting each \nother is ... might be regarded as acceptable behaviour in many other countries, ... \ndon't be tempted to hold hands with your same-sex friend just to see\u00a0...",
    "Nov 28, 2012 ... Laws you violate: The UAE Intellectual Property Law and UAE ... 2 Keeping \nalcohol at home: You may have taken it from a friend or ... 4 Littering: How many \ntimes have you tossed a cigarette butt or a fast ... 10 Public display of affection : \nKissing or hugging someone ..... Eman, 'world's heaviest woman', dies.",
    "The Saudi Flag: green, a colour associated with the Prophet Muhammad and \nIslam with ... 744 km, Kuwait 222 km, Oman 676 km, Qatar 60 km, UAE 457 km, \nYemen 1,458 km ... Among the non-Saudi population, many people speak Urdu, \nthe official .... Women generally hug and kiss close friends and within business \nwill\u00a0...",
    "Dec 7, 2011 ... You can always tell the expats from the tourists in Bangkok, because the expats \n... I once had a friend visit me and I refused to turn on the A/C in my apartment. ... \nshop owners whose stores I frequent greet me with a warm smile and big hug. ... \nThere's a reason so many people come here and marry Thais.",
    "Bordered by Iraq, Kuwait, Oman, Qatar, the United Arab Emirates and ... for work, \nincluding over 100,000 European and North American expatriates. ... Many \nvariations of greeting exist in Saudi Arabia, so it is often best to follow ... However \nthere is little to no physical contact between men and women during public \ngreetings."
  ],
  "displayUrl": [
    "matadornetwork.com",
    "www.moveoneinc.com",
    "www.andfaraway.net",
    "www.international.gc.ca",
    "pinayflyinghigh.com",
    "www.expatwoman.com",
    "gulfnews.com",
    "www.commisceo-global.com",
    "www.nomadicmatt.com",
    "www.kwintessential.co.uk"
  ]
}