{
  "id": "Q340_R88_C4",
  "initial_query": "'Female Friend' 'Qatar' expat childhood public hi hugging be greet many",
  "relaxed_query": "'Female Friend' 'Qatar' expat childhood public hi hugging be greet many",
  "links": [
    "https://www.international.gc.ca/cil-cai/country_insights-apercus_pays/ci-ic_af.aspx?lang=eng",
    "https://en.wikipedia.org/wiki/Leo_Martello",
    "https://www.international.gc.ca/cil-cai/country_insights-apercus_pays/ci-ic_zm.aspx?lang=eng",
    "http://www.dailymail.co.uk/news/article-3281354/I-prince-want-Saudi-royal-Prince-Majed-bin-Abdullah-bin-Abdulaziz-Al-Saud-accused-cocaine-fueled-rage-threatened-kill-Los-Angeles-mansion-staff-watched-pleasured-male-aide.html",
    "https://pinayflyinghigh.com/reasons-why-living-in-dubai-will-ruin-you-for-life/",
    "http://www.haaretz.com/israel-news/1.553277",
    "https://www.dailykos.com/",
    "http://foreignpolicy.com/2016/07/05/the-disappearance-of-dahlia-yehia-nepal-sharing-economy-couchsurfing-earthquake-disappearance/",
    "https://www.propertyturkey.com/blog-turkey/12-more-unspoken-turkish-rules-you-might-not-know",
    "http://www.justhere.qa/2014/03/nanny-dilemma-dealing-third-parent/"
  ],
  "snippets": [
    "Sep 7, 2017 ... Note: An expatriate woman should ask her Afghan colleagues about ... They \ngreet those they know with a hug and a kiss and shake hands with those they \ndon't know. ... There is no affection between men and women shown in public. .... \nEducation level is of high importance to Afghans and since many of\u00a0...",
    "Leo Martello (September 26, 1931 \u2013 June 29, 2000) was an American Wiccan \npriest, gay rights ... He continued practicing Wicca into the 1990s, when he \nretreated from public ... Martello later claimed to have experienced psychic \nphenomena as a child, .... In November 1972, Martello lectured at the first Friends \nof the Craft\u00a0...",
    "Nov 13, 2014 ... Men greet each other with a special handshake, but this is not usually done \nbetween women. ... Showing affection, eg: kissing or hugging in public is not \ncommon and would ... if a male and female seen together are a couple or just \nfriends. ... Incomes for Zambian locals are not very high, and the impact of\u00a0...",
    "Oct 20, 2015 ... He also threatened to kill one of the women if she refused to 'party' with ... he also \nbrought with him three friends and a group of butlers and other staff. ... a party at \nthe property and arranged for 'multiple escorts' to attend. .... royal branch of the \nHouse of Saud take most of the high level roles. ..... Going green!",
    "Dubai has the cleanest public toilets which you will never find in any other cities \n...... Why are so many people living there after years as ExPats if they do not like it\n? .... I have live in Doha Qatar but with what i have read and the experience i had \nin ... I loved my childhood in Middle East and do miss all my international friends!",
    "Oct 19, 2013 ... \"I went in with two friends; one of them took out a bag of coke and began to ... \ncocaine is perceived as the drug of the rich, and not just because of its high price. \n... huge quantities of drugs and today there are several Israeli criminals who ... \nSome of the members of the ring were Israeli expatriates who were\u00a0...",
    "13 hours ago ... They'd have to persuade multiple others to abandon their previously stated .... \nwho suffer disproportionately high rates of discipline, suspension, and even ... \nStarring Sonequa Martin-Green (The Walking Dead) and Michelle Yeoh ... As a \nchild I never attended a large athletic event, and in the 1970s they\u00a0...",
    "Jul 5, 2016 ... Michael J. Green | 3 weeks ago ... 5, 2015, Dahlia Yehia stepped off a public bus \nin the center of ... Despite her cloistered childhood, Yehia was determined to go \nher own ... After high school, Yehia enrolled at Kalamazoo College and .... Then \nKlugerman and several friends blasted messages to hundreds of\u00a0...",
    "Sep 8, 2015 ... Many Turks see handshakes as a little uptight - although it depends ... many \nTurks choose to do the Turkish half-hug: holding your friend's hand ... Rather than \nkiss each other, men tend to greet each other by gently ... You might see women \nholding hands with women, and men holding ..... Qatar (  \u0642\u0637\u0631    )+974.",
    "Mar 23, 2014 ... Women in uniforms, trailing behind families, with bags in one hand, and ... at \nQatar University who deals with public health, says, \u201cIt happens a .... the picture, \nchances of a child getting attached to the nanny are high. ... \u201cWhen their mothers \nwould come home, they would never go and hug her or greet her or\u00a0..."
  ],
  "displayUrl": [
    "www.international.gc.ca",
    "en.wikipedia.org",
    "www.international.gc.ca",
    "www.dailymail.co.uk",
    "pinayflyinghigh.com",
    "www.haaretz.com",
    "www.dailykos.com",
    "foreignpolicy.com",
    "www.propertyturkey.com",
    "www.justhere.qa"
  ]
}