{
  "id": "Q341_R26_C5",
  "initial_query": "'Cornich' 'Corniesh'  go running try other mmmm al-corniesh",
  "relaxed_query": "'Cornich' 'Corniesh'  go running try other mmmm al-corniesh",
  "links": [
    "https://www.zomato.com/abudhabi/cinnabon-1-al-khalidiya",
    "https://www.mcmurrayhatchery.com/dark_cornish.html",
    "https://savoryspin.com/ad-spicy-sweet-teriyaki-curry-cornish-hens/",
    "https://www.ownersdirect.co.uk/accommodation/p8106723",
    "https://www.nbcnews.com/meet-the-press/meet-press-sept-11-2016-n646441",
    "https://www.ncbi.nlm.nih.gov/pmc/articles/PMC3422728/",
    "https://www.starbucks.com/",
    "https://www.ricksteves.com/watch-read-listen/video/tv-show/england-cornwall",
    "https://www.ihg.com/holidayinn/hotels/us/en/reservation",
    "https://en.wikipedia.org/wiki/Moondyne_Joe"
  ],
  "snippets": [
    "Address. Family Beach, Corniche, Opposite NBAD, Al Khalidiya, Abu Dhabi ... \nUmm mmmmm. ... This branch offers quick and friendly service, an amazing view \nand the guilt is slightly erased when you can go run and swim it off on the beach;) \n... I only go to khalidya mall one and amazing i haven't tried other branches.",
    "These super meat qualities have made the Dark Cornish a truly gourmet item to \nraise ... Another very distinctive character is the close fitting, rather hard textured\u00a0...",
    "Aug 19, 2015 ... Spicy Sweet Teriyaki Curry Tyson\u00ae Cornish Hens ... I picked up both these items \nwhen I was on my weekly grocery run at my ... The other half of the sauce, I \nreturned to the stove and let it reduce down over .... Need to again, and try this \nrecipe \u2014 awesome flavors! ... Now this is why I never go to the shelter.",
    "Stocks and wine on the table mmmm. ... A Charming 2 bedroom traditional \nCornish Cottage situated in Fowey just a few ... We have tried and succeeded (\nwe hope) to create a warm, homely feel with a touch of luxury. ..... and follow the \nestuary to Pont and back down the other side and back on the ... Go-Carting at \nLiskeard.",
    "Sep 11, 2016 ... ... Wolfowitz, Tom Brokaw, David Brooks, Audie Cornish, Stephanie Cutter. ... You \nknow, one of the other things you've been having to talk about and deal ... It's not \nunusual for the Trump campaign to find itself trying to explain a ... Running mate \nTim Kaine told The Washington Post on Saturday that Clinton\u00a0...",
    "Aug 20, 2012 ... This article has been cited by other articles in PMC. Go to: .... etiology (Mazzocco \net al., 1994; Garner et al., 1999; Cornish et al., 2005). ..... Simple correlations \nwere run with the FXS group as a whole (to ..... Mmm [opposite of child's preferred \nsnack]! Mmm, I tasted the ..... PubReader format: click here to try\u00a0...",
    "FALL SWEETENER. Help them return to routines with a gift card that gives hot \ncoffee, hearty breakfasts and boxed lunches that are packed and ready to go.",
    "The far southwest of England is a world unto itself, with a persistent Cornish \nculture. We'll explore a world of flowers springing from towering hedges, a tin-\nmining\u00a0...",
    "The fastest way to where you want to go Sign up for Accelerate before check-out \nand receive 2,000 bonus points. Get to more rewards and destinations faster,\u00a0...",
    "Joseph Bolitho Johns ( c. February 1826 \u2013 13 August 1900), better known as \nMoondyne Joe, was an Cornish convict and Western Australia's best known \nbushranger. ... On 23 March they were tried at the Lent Assizes before Sir William \nErle. ... Edgar (1990) observes that in several other cases brought before the \nsame judge\u00a0..."
  ],
  "displayUrl": [
    "www.zomato.com",
    "www.mcmurrayhatchery.com",
    "savoryspin.com",
    "www.ownersdirect.co.uk",
    "www.nbcnews.com",
    "www.ncbi.nlm.nih.gov",
    "www.starbucks.com",
    "www.ricksteves.com",
    "www.ihg.com",
    "en.wikipedia.org"
  ]
}