{
  "id": "Q341_R26_C3",
  "initial_query": "'Cornich' 'Aspire' lake jog has go nice other",
  "relaxed_query": "'Cornich' 'Aspire' lake jog has go nice other",
  "links": [
    "http://www.hays.co.uk/jobs/qis/location/index.htm",
    "https://foursquare.com/v/aspire-park--%D8%AD%D8%AF%D9%8A%D9%82%D8%A9-%D8%A7%D8%B3%D8%A8%D8%A7%D9%8A%D8%B1/4b7e40a4f964a52056e72fe3",
    "https://www.onlineqatar.com/attractions/Aspire-Park.aspx",
    "https://www.tripadvisor.com/Attraction_Review-g294009-d321181-Reviews-The_Corniche-Doha.html",
    "https://www.wflboces.org/",
    "http://www.aspirezone.qa/facilities.aspx?lang=en",
    "https://www.premieronline.com/event/Standard_Chartered_Aspire_Doha_10K_Race_3K_Fun_Run_1147",
    "https://www.tripadvisor.co.uk/Attraction_Review-g294009-d3393051-Reviews-Aspire_Park-Doha.html",
    "http://www.golynx.com/plan-trip/popular-destinations.stml",
    "https://www.nestlewaterscareers.com/"
  ],
  "snippets": [
    "Doha itself is a great place to live; moderate, sporty and full of sunshine. ... In the \nmorning, it is popular for jogging, while late at night, it shows a different cultural \nview of the city. ... The Corniche has also become a meeting place for a new \ngeneration of Qataris. ... Aspire Park is a park located in Aspire Zone, Doha, \nQatar.",
    "These days the weather is wonderful so don't miss the chance to visit, nice place \nfor family & friends. Upvote2 ... With a lake, a walking track and rolling green, this \nis prime picnicking territory! Upvote9 ... I love to walk & jog here..but it has been a \nwhile I should start again! Upvote18 ..... Museum of Islamic Art (Corniche). 9.3.",
    "The Aspire Park offers not just green space for a good walk or jog but it also has \na big ... the activities of many sports-enthusiasts, this park has provided the \nrequired diversity ... There are also other famous sports venues Khalifa Stadium, \nimpressive ... The only lake in Qatar can be enjoyed in the park with plenty of \naquatic\u00a0...",
    "Book your tickets online for The Corniche, Doha: See 2865 reviews, articles, and \n1560 photos ... Share another experience before you go. ... All reviews sheraton \nhotel nice walk west bay doha skyline boat ride costa coffee museum ... Though I \nhave not check the place during daytime but being at night time is a great time to.",
    "Wayne-Finger Lakes BOCES. Making Success Possible. 131 Drumlin Court \nNewark, NY 14513. P: 315-332-7400. Let's Talk \u00b7 Contact Us \u00b7 Job Opportunities\n\u00a0...",
    "With 2.5 square kilometers, Aspire Zone, the ultimate new sports experience, \nboasts some of ... The stadium's amenities are well tailored to host major sporting \nevents of ... large green spaces, children playgrounds, a caf\u00e9 overlooking a large \nlake. ... the club has been specially designed for the recreational needs of \nwomen.",
    "Dec 13, 2014 ... Standard Chartered Aspire Doha 10K Race & 3K Fun Run ... All profits will go to \nSeeing is Believing, Standard Chartered Banks nominated charity that has \nchanged the lives of millions of people across ... of my entry in the footrace/cycle \nrace/triathlon/mixed discipline or other as described event for myself,\u00a0...",
    "Book your tickets online for Aspire Park, Doha: See 865 reviews, articles, and ... \nShare another experience before you go. ... All reviews villagio mall nice park \nrunning track biggest park small lake big ... It has alot of activities to be done like \njogging, children's playing area, cafes to stay there and a water cruise by pedal \nboat.",
    "Altamonte Springs Campus Links 23 and 434; Sanford/Lake Mary Campus Link \n103 ... Aspire Health Partners Eatonville Link 9; Aspire Health Partners Orlando\u00a0...",
    "Browse available job openings at Nestle Waters. ... We have the right elements to \nhelp you succeed. Join us and see how our great careers combine with your \nindividual strengths to create an enviornment where you can succeed both at \nwork\u00a0..."
  ],
  "displayUrl": [
    "www.hays.co.uk",
    "foursquare.com",
    "www.onlineqatar.com",
    "www.tripadvisor.com",
    "www.wflboces.org",
    "www.aspirezone.qa",
    "www.premieronline.com",
    "www.tripadvisor.co.uk",
    "www.golynx.com",
    "www.nestlewaterscareers.com"
  ]
}