{
  "id": "Q341_R26_C6",
  "initial_query": "'Cornich' 'Dahel Alhamaam' park place go running 's quiet",
  "relaxed_query": "'Cornich' park go running quiet",
  "links": [
    "http://www.latimes.com/health/la-he-la-running-pictures-photogallery.html",
    "https://www.atlantatrails.com/atlanta-running-walking-trails/best-running-trails-atlanta/",
    "https://www.mapmyrun.com/routes/",
    "https://minneapolisrunning.com/6-trails-to-run-in-the-twin-cities/",
    "http://www.laweekly.com/arts/on-the-run-las-best-running-trails-4856998",
    "https://www.tripadvisor.com/Attraction_Review-g294013-d485199-Reviews-The_Corniche-Abu_Dhabi_Emirate_of_Abu_Dhabi.html",
    "http://upperlynstone.co.uk/",
    "https://www.tripadvisor.com/Attraction_Review-g298064-d8383078-Reviews-Buhaira_Corniche-Sharjah_Emirate_of_Sharjah.html",
    "http://www.cornish.edu/student_life/housing/",
    "https://www.theguardian.com/travel/2012/mar/14/top-10-campsites-camping-cornwall"
  ],
  "snippets": [
    "We've collected 13 of our favorite places to run in L.A., from scenic ocean-side \npaths in Santa Monica and Venice to more rigorous inclines in Griffith Park and\u00a0...",
    "Atlanta's best running trails wind through its many rolling parks, and offer a \nchance to ... it's a great paved trail for some intense training miles or a leisurely \njog.",
    "Find the best run training routes for exercise and fitness in United States. \nRunning, cycling, walking, hiking and triathlon maps for exercise training.",
    "Sep 6, 2013 ... Where do you go to find trails (without spending an hour in the car)? ... quiet with \nlight traffic; on some days I've run for hours without seeing anyone at all. ... About \n40 to 50 minutes from Cities, Afton State Park offers amazing\u00a0...",
    "Jul 31, 2014 ... If a run through Bluff Trail Park doesn't fulfill your aerobic needs, extend your ... \nrock formations and ocean views, you should give this trail a go.",
    "Book your tickets online for The Corniche, Abu Dhabi: See 3475 reviews, articles \n... life guards beautiful beach emirates palace cycling jog path exercise \nunderpass ... It you are a City runner, it is one of the places such as Central Park, \nHyde ... The sea itself is quiet but the place gets noicy unlike other beaches in \nAbu Dhabi.",
    "A quiet family-run caravan, camping and touring Park ... Enjoy the breathtaking \nbeauty of the Cornish coast from the coastal path which leads from our Park.",
    "Book your tickets online for Buhaira Corniche, Sharjah: See 114 reviews, articles, \n... For those who like some peace and quiet and away from the hustle and bustle \nof ... Relaxing to the body and soul - a walk in the morning after the regulars have \ngone to work. ... I saw lots of people running or walking round the great Lake.",
    "Cornish Commons, a state-of-the-art 20-story residence hall, is located in the ... \nfrom your classes, Nellie's Caf\u00e9, theaters, galleries, parks, restaurants and much \nmore. ... Nellie's Caf\u00e9, run by our award-winning partners at Bon App\u00e9tit, provides\n\u00a0...",
    "Mar 14, 2012 ... Cornish pastiche \u2026 retro Lovelane Caravans ... As you might expect of a \nNational Trust-run site, the grounds of Highertown \u2013 a working farm\u00a0..."
  ],
  "displayUrl": [
    "www.latimes.com",
    "www.atlantatrails.com",
    "www.mapmyrun.com",
    "minneapolisrunning.com",
    "www.laweekly.com",
    "www.tripadvisor.com",
    "upperlynstone.co.uk",
    "www.tripadvisor.com",
    "www.cornish.edu",
    "www.theguardian.com"
  ]
}