{
  "id": "Q341_R26_C2",
  "initial_query": "'Cornich' 'Aspire' too.. go running other",
  "relaxed_query": "'Cornich' 'Aspire' too.. go running other",
  "links": [
    "https://wwhidoha.com/love-to-run/",
    "http://www.lifeinqatar.com/en/article/living/10-outdoor-activities-to-enjoy-in-qatar.html",
    "https://www.tripadvisor.com/Attraction_Review-g294009-d321181-Reviews-The_Corniche-Doha.html",
    "http://dohabayrunningclub.com/New_to_Qatar_all_you_need_to_know_about_running_in_Qatar",
    "https://www.tripadvisor.com/Attraction_Review-g294009-d3393051-Reviews-Aspire_Park-Doha.html",
    "http://www.telegraph.co.uk/finance/personalfinance/10734647/You-can-make-six-figures-we-test-internet-marketing-claims.html",
    "https://modernfarmer.com/2014/09/want-farmer/",
    "https://www.theguardian.com/global-development/2016/apr/13/qatar-families-only-zones-entrench-segregation-of-migrant-workers",
    "http://www.independent.co.uk/travel/48-hours-in/doha-travel-tips-where-to-go-and-what-to-see-in-48-hours-10043819.html",
    "https://www.premieronline.com/calendar"
  ],
  "snippets": [
    "Sep 28, 2016 ... It's simple\u2026 one foot in front of the other, a bit of guidance to help you on your ... \nHere in Doha it is so easy to say it's 'too hot for running or I need to run ... Aspire \npark, Oxygen park, The Pearl (early morning), The Corniche (can ... 'This month I \nwill go for two or three runs a week'; 'I will run 20 mins without\u00a0...",
    "There are special sessions for ladies and a new kettlebells class too twice a \nweek. ... Places like Aspire Zone have special walking tracks where people can \nwalk, run or ... Go on a run with members of the Doha Bay Running Club every \nFriday ... while parents and other adults can either enjoy snacks from the park's \ncaf\u00e9 or\u00a0...",
    "Book your tickets online for The Corniche, Doha: See 2865 reviews, articles, and \n... not too much hot in the morning it's good for sports if you like running, jogging\u00a0...",
    "And while the middle of the day is the least humid, the sun will make it too hot to \nrun then. Expect a quickly elevating heart rate and be content to go steadily (add \na ... and others are from drivers (young guys to women usually) letting them know \n... Currently, Aspire Park has a finished route on a rubber surface of around 5 to\u00a0...",
    "Book your tickets online for Aspire Park, Doha: See 866 reviews, articles, and \n257 ... Hotels near Aspire Park \u00b7 Hotels near The Corniche \u00b7 Hotels near Katara \nCultural ... Excellent57%; Very good34%; Average7%; Poor1%; Terrible1% ... All \nreviews villagio mall running track green space torch hotel sport activities world \ncup\u00a0...",
    "Apr 2, 2014 ... Grant Shapps, the Conservative Party chairman, used to run what he ... Mr Haria, \nMs Staar and Mr Cornish did not respond to requests for comment. \"The people \nmaking money in internet marketing are selling courses and other add-ons,\" ..... \nWhy do these people go out of their way to make it seem like a\u00a0...",
    "Sep 15, 2014 ... Whey Too Much: Greek Yogurt's Dark Side ... The first step towards deciding if \nyou want to chuck it all and move to the country is ... baby, struggling to get out of \nthe red and running a farm on her own. ... You could always keep working on \nother people's farms, leaving the high-level stress to someone else.",
    "Apr 13, 2016 ... The scene is repeated at Aspire Park, part of a sports and leisure complex ... its \nway they may be barred from shopping centres on certain days too. ... accused of \npassing laws that entrench segregation in other ways. ... has seen the migrant \nworker population rise so steeply in the run-up to the World Cup.\u201d.",
    "Feb 13, 2015 ... Doha travel tips: Where to go and what to see in 48 hours. Night lights: take a \nstroll along the Corniche / EPA/Nic Bothma. Cooler temperatures\u00a0...",
    "Dubai Desert Road Run 10k & 3k September 2017. UAE Trophies for first 3 in \neach age category. Prizes for overall winners in each distance. Raffle prizes at\u00a0..."
  ],
  "displayUrl": [
    "wwhidoha.com",
    "www.lifeinqatar.com",
    "www.tripadvisor.com",
    "dohabayrunningclub.com",
    "www.tripadvisor.com",
    "www.telegraph.co.uk",
    "modernfarmer.com",
    "www.theguardian.com",
    "www.independent.co.uk",
    "www.premieronline.com"
  ]
}