{
  "id": "Q341_R26_C7",
  "initial_query": "'Cornich' 'Hash House Harriers' 'Marhaba' book join pm details go running find other",
  "relaxed_query": "'Cornich' 'Hash House Harriers' book join go running find other",
  "links": [
    "http://www.lifeinqatar.com/Pages/en/article/living/interest-based-activity-groups-in-qatar.html",
    "http://www.lebanontraveler.com/en/magazine/Lebanon-Traveler-The_running_revolution",
    "https://www.eastcornwallharriers.com/",
    "http://www.livinginegypt.org/portal/Publications/OasisMagazine/Articles/tabid/199/ID/4504/Get-Active-Outdoors.aspx",
    "http://www.livinginkigali.com/rwanda-tourism/tourism-in-kigali/31-fun-things-to-do-in-kigali/",
    "http://disabledramblers.co.uk/2017/05/21/peter-flick/",
    "http://www.irunfar.com/2016/12/the-running-squirrel-an-interview-with-jo-meek.html",
    "https://sandpithash.wordpress.com/",
    "http://www.encyclopedia.com/places/africa/morocco-political-geography/morocco-kingdom",
    "http://www.expatarrivals.com/answers/expat-communities-in-jubail"
  ],
  "snippets": [
    "Simply join the next run to join in the fun; check the website for updates on the \ndates. Website. Doha Hash House Harriers. This group organises serious and\u00a0...",
    "Bejani particularly highlights the challenge runners face in finding suitable places \nto ... it definitely won't be boring to go down to the Corniche and join Beirut's fittest \nas ... The Corniche is busy, and not Bejani's favorite route, but it does offer a run \n... Ussher of the Hash House Harriers likewise says visitors are welcome to join\u00a0...",
    "3 days ago ... Official East Cornwall Harrier's Web Site. ... No, not another festivity but the \nannual running of the Falmouth Mob Match on Sunday 26th\u00a0...",
    "Oct 1, 2013 ... One of the best ways to settle in and find new friends is to join a sports team ... \nBook Fair at CSA ... Victory Field in Maadi is a place where you can go on the \nweekends. It is one of the few places in Maadi where you can let your kids run ... \nThe first is the Cairo Hash House Harriers ('CH3') and the second is\u00a0...",
    "Jan 25, 2014 ... It's not a city with obvious tourist attractions and finding things to keep ... Yego \nArts is another of the newer galleries located in Nyarutarama .... Come Again Bar \nin Remera seems to be the go-to place in Kigali for ... Go for a Walk or Run ... The \nHash House Harriers are a global movement of 'drinkers with a\u00a0...",
    "May 21, 2017 ... Peter was kind enough to help me run seven wonderful rambles on Dartmoor in \n2014. ... For details of funeral arrangements and thanksgiving service please see \nbelow. ... I think he had founded Ashburton Hash House Harriers where he got ... \nAfter a while Biggles saw the good points of yet another activity\u00a0...",
    "Dec 26, 2016 ... Jo Meek is nicknamed \u201cThe Running Squirrel\u201d but I'd say she's more like a cat ... \nOnce a week we'd go to this woodland and get a good run out of .... iRunFar: \nWhat was your motivation to join the Army? ... It was more the other stuff that went \nwith it. So, for .... There's this thing called the Hash House Harriers.",
    "Apr 6, 2015 ... But instead of shelling out for a five-star hotel, we'll go for a ... The usual Sandpit \nHash rules apply: a Dh20 run fee includes the run .... You can either book a room \nat the hotel or crash in the huuuuge ... There are no facilities on the island other \nthan a few strategically-placed trees. .... So come and join us!",
    "Local bakeries make excellent breads, pastries, cakes an other sweets. .... Those \nwho play golf or tennis will find courses and courts in cities and towns throughout \n.... Virtually every week, the Hash House Harriers stage their celebrated \"race\". ... \nanother part of Morocco for a weekend together which includes their usual run.",
    "May 29, 2011 ... Hey Andrew/Stephanie, I just moved here to Jubail and finding it really hard to \nmeet people, ... There is, however, the Hash House Harriers which is a running \nclub which meets every other Friday to go on runs in the desert near Jubail. .... \nAssist, review and authorized E&Y for translation of book in Arabic."
  ],
  "displayUrl": [
    "www.lifeinqatar.com",
    "www.lebanontraveler.com",
    "www.eastcornwallharriers.com",
    "www.livinginegypt.org",
    "www.livinginkigali.com",
    "disabledramblers.co.uk",
    "www.irunfar.com",
    "sandpithash.wordpress.com",
    "www.encyclopedia.com",
    "www.expatarrivals.com"
  ]
}