{
  "id": "Q341_R26_C10",
  "initial_query": "'Cornich' streets doha go running other",
  "relaxed_query": "'Cornich' streets doha go running other",
  "links": [
    "https://en.wikipedia.org/wiki/Doha_Corniche",
    "http://www.independent.co.uk/travel/48-hours-in/doha-travel-tips-where-to-go-and-what-to-see-in-48-hours-10043819.html",
    "https://www.tripadvisor.com/Attraction_Review-g294009-d321181-Reviews-The_Corniche-Doha.html",
    "https://wikitravel.org/en/Doha",
    "https://www.onlineqatar.com/attractions/doha-corniche.aspx",
    "https://en.wikivoyage.org/wiki/Doha",
    "https://www.expedia.com/Doha-Hotels-Saraya-Corniche-Hotel.h11718310.Hotel-Information",
    "http://www.alsafaroyalsuites.com/about-doha.html",
    "http://www.telegraph.co.uk/travel/destinations/middle-east/qatar/articles/qatar-free-thingstodo/",
    "https://www.booking.com/destinationfinder/cities/qa/doha.html"
  ],
  "snippets": [
    "The Doha Corniche is a waterfront promenade extending for several kilometers \nalong Doha Bay in the capital city of Doha, the state of Qatar. Running parallel to \nthe Corniche is Corniche Street, a main thoroughfare ... In other projects.",
    "Feb 13, 2015 ... February is the ideal time to visit Doha, when the average temperature ... The \nSpice Market and Fabric Market are a feast for the eyes and other senses. ... on \nAbdullah Bin Jassim Street (00 974 4425 0250; fanar.gov.qa) is a state-run ... The \nwaterside Sheraton (15) on Al Corniche Street (00 974 4485 4444;\u00a0...",
    "Book your tickets online for The Corniche, Doha: See 2865 reviews, articles, and \n... walk great place to walk palm trees coffee shop the pearl sea jog exercise.",
    "Modern buildings in Doha along the Corniche ... Note that most hotels and other \nplaces do not use street numbers or even street names in their addresses. ... By \nMarch 2006, there were six routes running and nowadays there is a wide network \nof ..... If you're looking to have the scenery all to yourself, go on a Friday morning.",
    "The Corniche Street, a main thoroughfare runs parallel to the Corniche and ... \nThe sightseers will always have the sea on one side while there is a small stretch \nof grassland and a very hectic business street on the other side. ... How to go?",
    "The visual highlight of Doha is Al-Corniche, a long seaside promenade that \ncurves ... It's also a good place for jogging. Cycling is prohibited. If you're looking \nto have the scenery all to yourself, go on a Friday morning. ... showcases eL \nSeed's signature style fusing Arabic calligraphy with street art.",
    "Results 1 - 10 of 133 ... Book the Saraya Corniche Hotel - This family-friendly Doha hotel is ... Old Salata, \nAl Saflia Street Doha 2977 .... This hotel has other names\u00a0...",
    "One is the Hop-On bus run by a private company Dohabus and the other is the ... \nRunning parallel to the Corniche is Corniche Street, a main thoroughfare which ... \nQatar is one of the best places in the world to go to when you want to shop.",
    "Oct 14, 2015 ... Address: Corniche Street, Corniche, Doha ... Toilets are on site but currently no \nother amenities are available. .... If you want to learn more about Islam this is the \nplace to go as the centre holds workshops and offers regular\u00a0...",
    "Doha's rumble has turned into a deafening roar. ... Where do you want to go? \nDoha, Qatar ...... Describe what other people like you would like about shopping \nin Doha. ... All buses depart from Al Ghanim Station and run every 15/30 minutes. \n... Sheraton Doha Resort & Convention Hotel, Al Corniche Street, Al Corniche; \nOpen\u00a0..."
  ],
  "displayUrl": [
    "en.wikipedia.org",
    "www.independent.co.uk",
    "www.tripadvisor.com",
    "wikitravel.org",
    "www.onlineqatar.com",
    "en.wikivoyage.org",
    "www.expedia.com",
    "www.alsafaroyalsuites.com",
    "www.telegraph.co.uk",
    "www.booking.com"
  ]
}