{
  "id": "Q341_R26_C1",
  "initial_query": "'Cornich' 'Aspire Academy'  go running other",
  "relaxed_query": "'Cornich' 'Aspire Academy'  go running other",
  "links": [
    "http://www.aspirezone.qa/facilities.aspx?lang=en",
    "http://thesefootballtimes.co/2015/03/04/the-aspire-academy-way/",
    "http://www.aspirezone.qa/events.aspx",
    "http://www.aspire.qa/Document/Sports_sector_strategy_final-English.pdf",
    "http://www.aspirezone.qa/",
    "http://www.biscovey.org.uk/website/school_meals/147357",
    "http://www.lifeinqatar.com/en/article/living/10-outdoor-activities-to-enjoy-in-qatar.html",
    "http://www.penriceacademy.org/",
    "https://dohanews.co/go-qatar-national-sport-day-2017/",
    "https://www.premieronline.com/event/Standard_Chartered_Aspire_Doha_10K_Race_3K_Fun_Run_1147"
  ],
  "snippets": [
    "Information \u00b7 Press Room \u00b7 Events \u00b7 Facilities \u00b7 Projects \u00b7 Work in Aspire. Search. \nGo ... With 2.5 square kilometers, Aspire Zone, the ultimate new sports \nexperience, boasts ... institutions in the world, Aspire Academy embraces \nunrivalled amenities. ... The warm up track includes an official size football field \nand running track in\u00a0...",
    "Mar 4, 2015 ... FIFA's decision to definitively move the 2022 World Cup to November and \nDecember ... At the very forefront of this ambition is the breathtaking Aspire \nAcademy. ... A victory parade around Doha's beautiful corniche after the \nvictorious ... ofM\u00e1laga, but the K.A.S. Eupen enterprise is a whole other kettle of \nfish.",
    "Nov 24 - 25, 2017. Aspire Park, opposite to pitches 10, 11; Read More ... Aspire \nIn-Side-Out Fun Run 2016 May 20, 2016 \u00b7 Aspire Zone ... Aspire Academy Qatar.",
    "My thanks also go to the. General .... Referees, umpires and other sports officials \nare also important for officiating competitive athletic ..... Although there are other \npublic open spaces such as the Doha Corniche, Al Bidda Park, .... Other than the \nAspire Academy, various sports federations and clubs run their own, athlete.",
    "Sport Services Aspire Zone boasts some of the world's finest sport training \nfacilities ... Sport Education Aspire Academy develops highly educated youth \nathletes,\u00a0...",
    "Every day Cornish milk, water and homemade bread is available. ... Please find a \npdf below of our menu which will run from October 31st 2016 until Easter.",
    "Places like Aspire Zone have special walking tracks where people can walk, ... \nGo on a run with members of the Doha Bay Running Club every Friday morning \nat 05:30. ... while parents and other adults can either enjoy snacks from the park's \ncaf\u00e9 ... Regatta Sailing Academy at the InterContinental Hotel Doha offers sailing\n\u00a0...",
    "Welcome to Penrice Academy, an inclusive community providing outstanding \nsupport and guidance for all students.",
    "Feb 10, 2017 ... An annual 3km fun run that will take place from 8am to 9:30am on NSD. ... \nNational Sport Day Activities in Aspire#NSDAspire #QNSD #Qatar ... under the \nsupervision of coaches from Aspire Academy's Multi-Sport Skill ... The Katara \nCultural Village will host more than 70 different sporting groups on NSD.",
    "Dec 13, 2014 ... Event Overview: An AIMS measured (accurate) 10K for all abilities around the \ngrounds of Aspire on a fast and flat course. All profits will go to\u00a0..."
  ],
  "displayUrl": [
    "www.aspirezone.qa",
    "thesefootballtimes.co",
    "www.aspirezone.qa",
    "www.aspire.qa",
    "www.aspirezone.qa",
    "www.biscovey.org.uk",
    "www.lifeinqatar.com",
    "www.penriceacademy.org",
    "dohanews.co",
    "www.premieronline.com"
  ]
}