{
  "id": "Q344_R1_C5",
  "initial_query": "'Guys' limit fine speed car help was best unfair",
  "relaxed_query": "'Guys' limit fine speed car help was best unfair",
  "links": [
    "http://www.cnn.com/2016/05/31/us/traffic-ticket-paid-with-buckets-of-pennies-trnd/index.html",
    "https://www.rac.co.uk/drive/advice/know-how/speeding-fines/",
    "https://www.consumer.ftc.gov/articles/0211-auto-repair-basics",
    "http://www.autoexpress.co.uk/car-news/96142/speeding-fines-top-tips-on-uk-speeding-tickets-and-how-to-appeal-them",
    "https://www.aclu.org/report/driving-while-black-racial-profiling-our-nations-highways",
    "http://www.telegraph.co.uk/insurance/car/i-took-a-speed-awareness-course--and-my-car-insurance-doubled/",
    "http://traffic.findlaw.com/traffic-tickets/how-to-fight-traffic-tickets-five-strategies-that-work.html",
    "http://www.telegraph.co.uk/men/the-filter/11820630/11-things-you-need-to-know-about-MotoGP-riders.html",
    "http://money.cnn.com/2015/04/09/pf/arrest-warrant-jail/index.html",
    "http://www.caranddriver.com/features/get-out-of-tickets-tips-from-a-lawyer-feature"
  ],
  "snippets": [
    "May 31, 2016 ... He paid the $212 fine in pennies to make a point. ... \"I was on my residential \nstreet when I got a ticket for going nine miles over the speed limit,\" he told CNN. \"I \nthought it was unfair. I did not .... Reverse mortgages: Too good to be true? ... \nNewsletters \u00b7 Help \u00b7 Transcripts \u00b7 License Footage \u00b7 CNN Newsource.",
    "Mar 29, 2017 ... Find out how much your speeding fines will cost, how many penalty points you ... \nSo if you're doing 31mph in a 30 limit or 71mph on motorway, you're breaking the \nlaw. ... of the vehicle \u2013 worth bearing in mind if you drive a company car. ... it \nusually takes half a day \u2013 but it does help keep your licence clean.",
    "The best way to avoid auto repair rip-offs is to be prepared. Knowing how your \nvehicle works and how to identify common car problems is a good beginning. It's \nalso ... This kind of information may help you keep a lid on mechanical mistakes. \n... Warranties may be subject to limitations, including time, mileage, deductibles,\u00a0...",
    "Jul 4, 2016 ... 'Unfair' on its own, isn't a good enough excuse to get you off a speeding fine. ... \nwere driving over the speed limit, there is no excuse - you're basically bang to \nrights. ... court chooses not to believe it, they can fine the vehicle's keeper \u00a31,000 \nfor not ... Here's Why Guys Are Obsessed With This Underwear\u2026",
    "I feel like I'm a guy who's pretty much walked the straight line and that's .... and \nhelped reinforce the impression that drug use was primarily a minority problem. \n.... Since Whren, the Court has extended police power over cars and drivers even \nfurther. ..... to signal a lane change or driving one to four miles over the speed \nlimit.",
    "Oct 31, 2014 ... Whereas previously only those slightly over the speed limit qualified, it will ... \nHowever, while attending the course can help mitigate premium pain, ... while the \nbest third-party fire and theft contract would be 40pc more ... The Nottingham \nresident took the penalty notice in his stride, saying: \u201cIt was a fair cop.",
    "If you have received a speeding ticket for going above the posted speed limit in \nsuch a state, ... mph zone, you may argue that your speed was safe because all \nof the cars in your lane were ... Some of the best arguments and evidence to \npresent in such a situation are: ... Get Professional Help When Fighting a Traffic \nTicket.",
    "Aug 28, 2015 ... Bradley Smith steers his Yamaha YZR-M1 around a high-speed corner ... \u201cThe \nbike has 250 horsepower, which is a lot faster than a car, but you're .... Riders \nhave to develop really good cardiovascular fitness to help ... \u201cI think I was one of \nthe guys who crashed most often last year and I have had a fair few\u00a0...",
    "Apr 9, 2015 ... Typically, you're given a certain amount of time to pay the fine or ... But critics say \narresting people over unpaid fines for such minor violations unfairly ... The \noffense: the then-19-year-old caught a type of bass that was off-limits during that \n... He then borrowed $175 and paid a bail bondsman to help get him\u00a0...",
    "Read the full story with tips on avoiding tickets at Car and Driver. ... Billed for \nSpeed: Twenty years' worth of speeding-ticket wisdom from attorney Casey ... \nWhat are some of the biggest truths about why and to whom cops give tickets? ... \nRich guys go second, any of your status brands. ... He paid maximum fines, of \ncourse."
  ],
  "displayUrl": [
    "www.cnn.com",
    "www.rac.co.uk",
    "www.consumer.ftc.gov",
    "www.autoexpress.co.uk",
    "www.aclu.org",
    "www.telegraph.co.uk",
    "traffic.findlaw.com",
    "www.telegraph.co.uk",
    "money.cnn.com",
    "www.caranddriver.com"
  ]
}