{
  "id": "Q345_R14_C5",
  "initial_query": "'Qatar' 'UK' 'Qatar Does' hey c electrodomestics year be got know sure",
  "relaxed_query": "'Qatar' 'UK' 'Qatar Does' hey c electrodomestics year be got know sure",
  "links": [
    "https://www.theroamingboomers.com/the-ultimate-electricity-guide-for-world-travelers/",
    "http://oilprice.com/Latest-Energy-News/World-News/Russia-Is-Reportedly-Set-To-Release-Intercepted-Messages-From-Clintons-Private.html",
    "http://www.alternet.org/election-2016/take-down-trump-clinton-has-secret-weapon-cruz-and-rubio-missed-out",
    "http://www.pravdareport.com/opinion/columnists/10-09-2016/135584-yemen_devastation-0/",
    "https://pamelageller.com/2016/11/the-clinton-axis-of-evil.html/",
    "http://onemileatatime.boardingarea.com/2017/03/21/airline-electronics-ban/",
    "https://dohanews.co/single-mother-cautions-doha-residents-after-ac-unit-fire-scorches-home/",
    "http://www.express.co.uk/travel/articles/781976/electronic-device-ban-uk-flights",
    "https://twomonkeystravelgroup.com/uk-visa-for-filipinos-tourist-marriage-and-residency/",
    "http://onemileatatime.boardingarea.com/2016/08/11/qatar-business-class-review-a340/"
  ],
  "snippets": [
    "Mar 21, 2012 ... First, do a little homework to make sure you power up\u2014instead of blow ... Q: Will \nmy electrical and electronic appliances work in Country X? ... box along the \npower lead; or C) Molded into the plastic on the plug. ... You need to find this \ninformation to know if a voltage converter or ..... Qatar, 240 V, 50 Hz, D / G.",
    "Jun 13, 2016 ... Clinton had alleged was no worse than the mishandling of a few documents by \nCIA Director David ... Related: What Future Does Arctic Oil Have.",
    "Mar 2, 2016 ... According to the New York Times, Team Clinton doesn't want to get caught ... \nmany appearances on Howard Stern's radio program over the years and ... being \ncorrect, but that's no guarantee that his supporters will abandon him. .... United \nArab Emirates, United Kingdom, United States, United States Minor\u00a0...",
    "Sep 10, 2016 ... Twenty-Four Hours in Yemen: UN, US, UK Devastation, Complicity and Double \nStandards ... Sudan, the United Arab Emirates, Bahrain, Qatar and Kuwait. ... In \nJune this year Amnesty International called for Saudi to be .... Americans do not \nmind nuclear strike against Russia .... But hey, they're cowards.",
    "Nov 5, 2016 ... Immersion had been paralyzed for two years since the students who had worked \non it graduated. ... sure we are all on the same page about why this dataset is \nrelevant. ... Her emails are also not irrelevant because they do not expose .... I \nsupport Clinton in this election, and even though I don't get to vote\u00a0...",
    "Mar 20, 2017 ... Effective today, in-cabin electronics will be indefinitely banned on flights from ten \n... Egyptair; Etihad; Emirates; Kuwait Airways; Qatar Airways; Royal ..... Hey Lucky\n\u2026 .... What I do know is we are now living in year 16 of USA Kabuki security. ..... \nEven the UK ban included their own airlines, while the US ban\u00a0...",
    "Jun 20, 2015 ... Single mother cautions Doha residents after A/C unit fire scorches ... Speaking to \nDoha News, the 33-year-old resident, who asked not to be .... Before going on \nvacation, turn off all nonessential electrical appliances, ... Till when will the police \nin Qatar hold the victim responsible for the ... But, hey, that's okay!",
    "Mar 23, 2017 ... Laptop travel ban UK - electronic devices BANNED on flights from THESE \ncountries ... United Arab Emirates, Qatar, Saudi Arabia, Morocco and Kuwait are \nall affected. ... hold luggage and checked-in before going through central security\n. ... The holiday season is in full swing so make sure to check what you\u00a0...",
    "Sep 3, 2016 ... Do we? So just to turn things right, I'm going to share how Filipinos can ... The \nvisa can be valid for 2, 5 or 10 years and you can stay in the UK for a ... It is \nimportant to know that for travelers under 18 years old, the long- ... Make sure that \nyour passport has a page that is blank on both sides. ..... Hey Ms Kach.",
    "Aug 10, 2016 ... Review of Qatar Airways' A340 business class product. ... Where else in the world \ndo you get this kind of a meal service on a short redeye flight\u00a0..."
  ],
  "displayUrl": [
    "www.theroamingboomers.com",
    "oilprice.com",
    "www.alternet.org",
    "www.pravdareport.com",
    "pamelageller.com",
    "onemileatatime.boardingarea.com",
    "dohanews.co",
    "www.express.co.uk",
    "twomonkeystravelgroup.com",
    "onemileatatime.boardingarea.com"
  ]
}