{
  "id": "Q345_R14_C3",
  "initial_query": "'Qatar' 'UK' 'Qatar Does' hey volts c electricity be know moving sure",
  "relaxed_query": "'Qatar' 'UK' 'Qatar Does' hey volts c electricity be know moving sure",
  "links": [
    "https://www.theroamingboomers.com/the-ultimate-electricity-guide-for-world-travelers/",
    "https://www.power-plugs-sockets.com/lebanon/",
    "http://www.wsj.com/video",
    "http://www.roadandtrack.com/",
    "https://www.power-plugs-sockets.com/portugal/",
    "https://www.buzzfeed.com/awesomer/things-the-west-wing-got-wrong",
    "https://www.walmart.com/ip/Singer-Simple-23-Stitch-Sewing-Machine-2263/10992861",
    "https://ndoherty.com/cargo-ship-travel/",
    "http://www.dailymail.co.uk/news/article-2296295/Obamas-limo-towed-away-Israel--1-5m-Beast-breaks-driver-uses-GAS-instead-diesel.html",
    "http://nypost.com/2017/03/13/how-does-it-feel-to-work-for-a-fascist-woman-confronts-spicer-in-apple-store/"
  ],
  "snippets": [
    "Mar 21, 2012 ... First, do a little homework to make sure you power up\u2014instead of ... \napproximately 120 volts, which allow guests to use electric shavers ... box along \nthe power lead; or C) Molded into the plastic on the plug. ... You need to find this \ninformation to know if a voltage converter or ..... Qatar, 240 V, 50 Hz, D / G.",
    "Check your need for a power plug (travel) adapter in Lebanon. In Lebanon the \npower sockets are of type A, B, C, D and G. The standard voltage is ... First select \nyour country of residence, so we can give you more specific information. .... in \nbetween 220 - 240 V (as is in the UK, Europe, Australia and most of Asia and \nAfrica).",
    "9 hours ago ... Kentucky Colonels Can Be Pretty Much Anyone. 9/22/2017 ... A look at stocks \nmoving after a mention in Barron's includes Six Flags, iRobot and\u00a0...",
    "Driver Renger Van Der Zande pulled this corkscrew move right out of the Alex \nZanardi playbook. ... Land Rover's road-focused electric luxury line will be \ndeveloped alongside the next ... The Mercedes Metris Drives Like the World's \nBiggest C-Class ... We're not sure why the people at Best Motoring put this race \ntogether, but\u00a0...",
    "Check your need for a power plug (travel) adapter in Portugal. In Portugal the \npower sockets are of type F. The standard voltage is 230 V and the ... First select \nyour country of residence, so we can give you more specific information. ... is in \nbetween 220 - 240 V (as is in the UK, Europe, Australia and most of Asia and \nAfrica).",
    "Feb 19, 2013 ... ... its smug intellectualism, \"The West Wing\" sure did get a lot of facts wrong. ... not \nbe able to recognize The Evan's Gambit after just one move.",
    "Singer Simple 2263 Sewing Machine. For ease of sewing, this machine includes \n3 snap-on presser feet, extra bobbins and needles, and easy-to-use\u00a0...",
    "May 23, 2016 ... No need to pack light or measure your suitcase to make sure it fits in an ... Cargo \nship travel will cost you about $125-$145 per day. ..... +44 (0) 1983 30 33 14 (UK) \n..... All the engine power aboard the CMA-CGM La Traviata goes into ... The \npropeller weighs 98 tonnes and can move the vessel along at a top\u00a0...",
    "Mar 20, 2013 ... They did not confirm that whether or not the driver used gas or diesel, ... All of the \nspecs: Leading up to his visit to the UK in 2011, the Daily Mail\u00a0...",
    "Mar 13, 2017 ... I do not believe in accusing someone of this level of racism, when if in fact ... fixed \nand said she ultimately felt the need to \u201cspeak truth to power."
  ],
  "displayUrl": [
    "www.theroamingboomers.com",
    "www.power-plugs-sockets.com",
    "www.wsj.com",
    "www.roadandtrack.com",
    "www.power-plugs-sockets.com",
    "www.buzzfeed.com",
    "www.walmart.com",
    "ndoherty.com",
    "www.dailymail.co.uk",
    "nypost.com"
  ]
}