{
  "id": "Q345_R14_C1",
  "initial_query": "'Qatar' 'UK' 'Qatar Does' hey c year anyone be know moving sure",
  "relaxed_query": "'Qatar' 'UK' 'Qatar Does' hey c year anyone be know moving sure",
  "links": [
    "https://community.tes.com/threads/moving-to-qatar-to-teach-in-august-2012.561649/",
    "http://onemileatatime.boardingarea.com/2017/07/01/british-airways-qatar/",
    "https://community.tes.com/threads/moving-abroad-from-the-uk-to-teach-middle-east-qatar.743012/",
    "https://thepointsguy.com/2017/07/qatar-british-airways-review/",
    "http://www.huffingtonpost.com/tom-engelhardt/separating-trump-from-his-brand-is-like_b_13281534.html",
    "http://www.justhere.qa/2013/10/10-things-know-employed-qatar/",
    "https://www.theatlantic.com/news/archive/2017/06/what-just-happened-with-qatar/529128/",
    "http://www.zerohedge.com/news/2017-06-07/qatar-puts-armed-forces-highest-state-alert-over-fears-imminent-military-incursion",
    "https://dohanews.co/qatar-makes-it-harder-to-fake-education-credentials/",
    "http://foreignpolicy.com/2017/06/05/why-did-several-arab-countries-suddenly-cut-ties-with-qatar/"
  ],
  "snippets": [
    "I have accepted a teaching job for a Year 1 class in Doha, Qatar, starting in ... I \nam sure that everyone on the forum will be nice to you. Welcome\u00a0...",
    "Jul 1, 2017 ... If you're flying British Airways within Europe in the next couple of weeks, ... Does \nanyone plan on flying one of these Qatar Airways A320s within Europe? .... He \ntravels about 400,000 miles a year, primarily using miles and ... Hey Lucky, ... \nprobably because BA doesn't want us to know which routes have the\u00a0...",
    "To do list for Qatar Car- sell to friend- transfer ownership Car \u2013 tax disc. ... split tax \nyear, tax form P85 ,move everything into ISA as cannot do abroad ... Hey, I forget \nnow are you going alone? As your housing allowance seems low. .... Admittedly i \nhave only used well know currencies, im not sure how it works\u00a0...",
    "Jul 25, 2017 ... Qatar Airways is currently operating certain British Airways flights, as the ... This \nmeans that when the aircraft is parked at Heathrow, it will .... He delivered my \nwater with a packet of nuts and told me to let him know if I wanted another drink. \n.... Flight attendants offered passengers re-fills and asked if anyone\u00a0...",
    "Nov 28, 2016 ... (\u201c'We will see a tremendous jump in valuation in terms of the second tower,' said \n... in the United Arab Emirates, Qatar, the Philippines, South Korea, and \nelsewhere, ... Hey, you're talking chicken feed or shark bait by comparison!) ... \nTrump clearly doesn't even want to move into the White House full time, so\u00a0...",
    "Oct 1, 2013 ... Here are some essential points compiled from the Qatar Labour Law, Ministry ... \nMake sure you've understood it completely. .... I'm from Ireland and hold I British \npassport. ..... Could anyone help me if how you would know if your visa is .... hi, I \njust want to know if how much benefits I will receive in two years\u00a0...",
    "Jun 5, 2017 ... The other Arab nations announced similar measures, as did Maldives, the tiny ... \nUnder the move, Saudi Arabia closes its borders with Qatar and ended land, sea, \nand air ... Saudi and allied relations with Qatar have been tense for years. ..... \nTheAtlantic.com Copyright (c) 2017 by The Atlantic Monthly Group.",
    "Jun 8, 2017 ... US officials have said they have observed increased Qatari military activity as ... \ncourse on Qatar, a day after praising a move by other Gulf nations to ... know the \nspecifics behind these Arab states' decision to sever ties. .... Can we just start \nkilling anyone who uses this dried up, completely disproven meme?",
    "Aug 31, 2016 ... The move appears to be an effort to curb fraud, but has also made it difficult ... \nAdditionally, Qatar will no longer allow companies here to hire ... degrees \nattested for over a year so that he can get a job in Qatar, .... hey hey \u2022 1 year ago \n... I actually know quite a few people who earned a degree online and it\u00a0...",
    "Jun 5, 2017 ... Why Did Several Arab Countries Suddenly Cut Ties With Qatar? ... and its \nneighbors for years, primarily over Qatar's open conduit with Iran, Riyadh's \ngeopolitical archrival. ... The move comes as a Saudi-led coalition, including \nQatar, ... calls came from the United Kingdom's Labour and Liberal Democrat\u00a0..."
  ],
  "displayUrl": [
    "community.tes.com",
    "onemileatatime.boardingarea.com",
    "community.tes.com",
    "thepointsguy.com",
    "www.huffingtonpost.com",
    "www.justhere.qa",
    "www.theatlantic.com",
    "www.zerohedge.com",
    "dohanews.co",
    "foreignpolicy.com"
  ]
}