{
  "id": "Q347_R25_C1",
  "initial_query": "'DOHA' 'Doha' 'Kuwait' ikea showroom thank .. hi reply is ",
  "relaxed_query": "'DOHA' 'Doha' 'Kuwait' ikea showroom thank .. hi reply is ",
  "links": [
    "https://www.job-applications.com/ikea-job-application/",
    "http://www.goodnewsnetwork.org/ikea-start-selling-solar-panels-u-k-solar-shops/",
    "http://www.instructables.com/id/Easy-and-Cheap-IKEA-Indoor-Aquaponics-System/",
    "http://www.majidalfuttaim.com/careers/send-us-your-cv",
    "https://www.welivesecurity.com/2015/09/04/fake-vouchers-whatsapp-analyzing-new-scam-trend/",
    "http://www.indiansinkuwait.com/iikclassifieds/listclassifieds.aspx?ctg=Transportation%20available",
    "https://servicemarket.com/en/blog/i-got-my-mattress-cleaned-in-dubai-and-you-d-never-believe",
    "https://www.atkearney.com/documents/10192/4799f4e6-b20b-4605-9aa8-3ef451098f8a",
    "http://www.timeskuwait.com/News_Local",
    "http://www.expat.com/forum/viewtopic.php?id=456830"
  ],
  "snippets": [
    "... and how to get a job today. Get IKEA jobs, careers, and employment info online\n. ... Interested applicants may apply online or in person at store locations.",
    "Apr 26, 2016 ... By the end of the summer, IKEA branded solar panels will be available ... plans to \nlaunch them in every store across the UK by summer's end.",
    "This project from Japan Aquaponics will show you how to build your very own \nsystem using commonly available components from IKEA and your local \nhardware\u00a0...",
    "Kuwait. Bahrain. Jordan. Qatar. Pakistan. Iraq. Lebanon. Georgia. Armenia. \nKazakhstan. Attach CV. Your CV is not valid. Verification Code* : Verification \ncode\u00a0...",
    "Sep 4, 2015 ... Thanks to the guys at Hispasec, we now know that these examples were ... into \nsubscribing to a premium SMS service that will cost him or her\u00a0...",
    "Store shifting ... @**any where in service kuwait shifting packing moving \n56609947*** ... Hi viewers, We are doing shifting, electrical, , Carpenter \n97576786 ... service required but ready to pay full charges. Please contact \n67716076 (Raza). Thanks ... We request you all to please don't reply to any such \nemails you received\u00a0...",
    "Oct 18, 2015 ... Hello How much do u charge for bed cleaning service? And can you ... Thanks, \nEmilene. Reply. Jane Dughatir. October 10, 2016 at 5:50 am.",
    "*The signi icant decline in Kuwait's position in the GRDI is partially due to a ... \nJordan. Oman. Kuwait. Costa Rica. Mexico. Angola. = high attractive- ness ..... \nIKEA, which also sources locally, plans to open its first solo store ..... plans by \nhigh-end retailers such as Harvey Nichols, which will open its first store in 2017 \nin Doha.",
    "Kuwait Anti-Corruption Authority refers six officials to Public Prosecution ... A \nNational Bank of Kuwait report unveiled on Monday that real estate activity \nremained ..... HH Amir thanks allies on 27th anniversary of Iraqi invasion \u00b7 Indian \nembassy ..... MoCI bans import of some veggies \u2013 High percentage of pesticide \nresidues\u00a0...",
    "Thanks Don C. Hello You plan to send your goods in the Philippines? ... Hi! I \nwant to send your furniture in the Philippines? There are entitled .... costs to you, \nor have you only paid for the pure shipping cost only? Like \u00b7 Reply."
  ],
  "displayUrl": [
    "www.job-applications.com",
    "www.goodnewsnetwork.org",
    "www.instructables.com",
    "www.majidalfuttaim.com",
    "www.welivesecurity.com",
    "www.indiansinkuwait.com",
    "servicemarket.com",
    "www.atkearney.com",
    "www.timeskuwait.com",
    "www.expat.com"
  ]
}