{
  "id": "Q347_R25_C7",
  "initial_query": "'DOHA' 'No' ikea showroom thank transporting hi get be furnished",
  "relaxed_query": "'DOHA' 'No' ikea showroom thank transporting hi get be furnished",
  "links": [
    "https://www.glassdoor.com/Salary/IKEA-Salaries-E3957.htm",
    "https://www.job-applications.com/ikea-job-application/",
    "https://www.maersk.com/en/explore/trade-and-transport",
    "http://www.ikea.com/ms/en_AA/this-is-ikea/working-at-the-ikea-group/index.html",
    "https://www.wto.org/english/res_e/booksp_e/aid4tradeglobalvalue13_e.pdf",
    "https://www.airbnb.com/s/Lusail--Qatar",
    "https://finance.yahoo.com/news/inplay-briefing-com-125529772.html",
    "https://www.airbnb.com/s/Umm-Salal-Municipality--Qatar",
    "https://www.yelp.com/biz/ikea-furniture-assembly-services-new-york-7",
    "https://olx.qa/en/doha/"
  ],
  "snippets": [
    "6 days ago ... A free inside look at IKEA salary trends. 1709 salaries for 500 jobs at IKEA. \nSalaries posted anonymously by IKEA employees.",
    "Get IKEA jobs, careers, and employment info online. ... Interested applicants may \napply online or in person at store locations. ... Printable Application: No. ... high \nschool diplomas or the equivalent to fill most roles within the company. ... Job \nduties include transporting goods and other items throughout the store as \nnecessary.",
    "Containers have brought value, choice and growth to the world. ... In Mexico, for \nexample, exports of avocados to Asian markets have increased thanks to the \nimproved .... The unique identifying number on a container is used by ship \ncaptains, .... With such a high proportion of global trade traveling by sea, shipping \nhas a\u00a0...",
    "We are strong when we trust each other, pull in the same direction and have fun \n... We constantly challenge ourselves and others to make more from less without \n.... We are proud to be part of the first UN high-level panel on Women Economic \n..... We're the world's largest home furnishing retailer, with 155,000 co-workers \nand\u00a0...",
    "Under no circumstances will NTU or FGI or WTO be liable for ... 15 How have \nproduction networks changed development ... We should also like to thank the \nFung Global Institute for funding a .... 3.4 Transport equipment, gross exports \ndecomposed by source, ..... We see this, for example, in the stalled Doha \nnegotiations at.",
    "Sep 25, 2017 - Rent from people in Lusail, Qatar from $20/night. Find unique \nplaces to stay with local hosts in 191 countries. Belong anywhere with Airbnb.",
    "Aug 1, 2017 ... U.S. Treasuries have ticked up recently in a curve-flattening trade. ... Nevis has \nbuilt a series of high performance security products that extend similar ... SUV's \nprovided a YTD record; positioned well for launches of ..... after with no pain \nprescription provided other than over the counter pain relief medicines.",
    "Find unique places to stay with local hosts in 191 countries. ... Welcoming- \nfemales/couples no single male vacancy. ... Fully furnished 1BHK ... You are only \na 2 minute drive from Ikea and Al Shamal Road. ... Close to Doha golf club, 15 \nminutes from west bay and the pearl with katara and qatar university 10 minutes \naway.",
    "212 reviews of Ikea Furniture Assembly Services \"So glad I found Nour and his ... \nI have been using both task rabbit and handy which charge on an hourly ... Very \ngood at putting difficult pieces together even without photos ... Hi wondering how \nmuch to assemble: ikea.com/us/en/catalog/p\u2026 .... Thanks for the great service!",
    "Al Doha Al Jadeeda ... Chemical Store For Rent in Industrial Area! 180,000 QAR \n... Furnished Apartment in the Pearl for Rent ... No Downpayments, only EMI."
  ],
  "displayUrl": [
    "www.glassdoor.com",
    "www.job-applications.com",
    "www.maersk.com",
    "www.ikea.com",
    "www.wto.org",
    "www.airbnb.com",
    "finance.yahoo.com",
    "www.airbnb.com",
    "www.yelp.com",
    "olx.qa"
  ]
}