{
  "id": "Q347_R25_C5",
  "initial_query": "'DOHA' 'Doha' present ikea showroom thank hi reply is ",
  "relaxed_query": "'DOHA' 'Doha' present ikea showroom thank hi reply is ",
  "links": [
    "http://www.goodnewsnetwork.org/ikea-start-selling-solar-panels-u-k-solar-shops/",
    "https://www.usatoday.com/story/money/business/2014/06/26/ikea-minimum-wage/11357843/",
    "http://grillo-designs.com/paint-ikea-furniture-easy/",
    "http://www.constructionweekonline.com/article-41454-125m-ikea-store-to-open-in-bahrain-by-mid-2018/",
    "https://www.job-applications.com/ikea-job-application/",
    "http://www.apartmenttherapy.com/how-to-use-ikea-trones-storage-boxes-in-every-room-of-the-house-206415",
    "https://finance.yahoo.com/news/inplay-briefing-com-125529772.html",
    "http://www.unhcr.org/540854f49.pdf",
    "http://www.acs-schools.com/acs-doha",
    "http://www.telegraph.co.uk/expat/9990816/Fifteen-signs-you-have-lived-in-Qatar-too-long.html"
  ],
  "snippets": [
    "Apr 26, 2016 ... By the end of the summer, IKEA branded solar panels will be ... plans to launch \nthem in every store across the UK by summer's end. ... best investments a \nhomeowner can make today with a 6% annual return, ... Cancel reply.",
    "Jun 26, 2014 ... IKEA, the iconic furniture store chain, plans to announce Thursday that it ... \naround low-wage jobs and we need a national response,\" he says.",
    "Jun 21, 2016 ... Today, I am sharing how I paint IKEA furniture in 5 easy to do steps. Disclaimer: I \n... If you plan on using your furniture in a high traffic area, then using a ... Thank \nyou \u2013 Medina Grillo ... Kindle Store ... Any ideas? Thanks. Reply \u00b7 Medina. 9th \nAugust 2017. Hi Rina, can I ask what brand undercoat you used?",
    "Oct 30, 2016 ... RELATED ARTICLES: IKEA to open 30,000m2 Bahrain store | Doha ... of Bahrain \nwas present at Ikea Bahrain's ground breaking ceremony on Sunday, 30 October. \n... high potential markets since the start of partnership between Ikea and ... \nbusiness destination for retailers giant like Ikea , thanks Bahrain's\u00a0...",
    "Learn about the company and how to get a job today. Get IKEA jobs, careers, and \nemployment info online. ... Job Applications \u00bb Furniture Store Jobs \u00bb IKEA .... age \nwith high school diplomas or the equivalent to fill most roles within the company. \n... I recently got my job at IKEA so I want to thank this website for the application\u00a0...",
    "Sep 10, 2017 ... The wall-mounted IKEA Trones storage box may be designed to hold shoes ... A \ndrawer in the front of the box opens up to store shoes, or whatever it is you want \nto stash away. .... Decorating Tip of the Day: The High And Low Rule ... Thanks \nfor the insight eckim....good to know, they sure do photograph well.",
    "Aug 1, 2017 ... Nevis has built a series of high performance security products that extend ... of \neconomic data today--June Construction Spending (Briefing.com\u00a0...",
    "Oct 12, 2015 ... United Nations High Commissioner for Refugees ... This overview was prepared \nthanks to the generous funding of the European Union. ..... by disasters and \nclimate change and there are at present no widely .... In 2012 the Doha decision \n3/CP.18 paragraph 7 (a) (vi) encouraged \u201cfurther work to advance.",
    "ACS Doha is a dynamic IB World School offering an Early Years Foundation, US-\nbased curriculum and the prestigious IB MYP, and IB Diploma. The school\u00a0...",
    "Apr 16, 2013 ... 13) When you get unnaturally excited about Ikea opening. I am not .... That \nexplains how much she knows about Doha! daiwai \u2022 4 years ago."
  ],
  "displayUrl": [
    "www.goodnewsnetwork.org",
    "www.usatoday.com",
    "grillo-designs.com",
    "www.constructionweekonline.com",
    "www.job-applications.com",
    "www.apartmenttherapy.com",
    "finance.yahoo.com",
    "www.unhcr.org",
    "www.acs-schools.com",
    "www.telegraph.co.uk"
  ]
}