{
  "id": "Q347_R25_C2",
  "initial_query": "'DOHA' ikea showroom hi reply coming ",
  "relaxed_query": "'DOHA' ikea showroom hi reply coming ",
  "links": [
    "http://www.ikea.com/gb/en/products/sofas-armchairs/armchairs/pello-armchair-holmby-natural-art-90078462/",
    "http://www.goodnewsnetwork.org/ikea-start-selling-solar-panels-u-k-solar-shops/",
    "http://www.ikea.com/cn/en/customerservices/faq/",
    "https://www.fgould.com/worldwide/articles/ikea-coming-mumbai/",
    "http://www.ikea.com/us/en/catalog/products/10119206/",
    "https://en.wikipedia.org/wiki/IKEA",
    "http://www.ikea.com/us/en/catalog/products/00251338/",
    "https://www.dezeen.com/2017/04/26/ikea-responds-balenciaga-frakta-blue-bag-spot-difference-guide-design-fashion-news/",
    "http://www.apartmenttherapy.com/how-to-use-ikea-trones-storage-boxes-in-every-room-of-the-house-206415",
    "https://www.job-applications.com/ikea-job-application/"
  ],
  "snippets": [
    "We apologize for the inconvenience. Please try again later. IKEA FAMILY \u00b7 IKEA \nfor Business \u00b7 Customer Services \u00b7 Store Locator \u00b7 Login \u00b7 Hi ! Your Profile.",
    "Apr 26, 2016 ... By the end of the summer, IKEA branded solar panels will be available for \npurchase online and in UK stores for those who want to cut their\u00a0...",
    "How can I know the opening time and address of your stores? 2. How do I check \nstock ... When does the new catalogue come out? 4. How environmentally\u00a0...",
    "Dec 13, 2016 ... Faithful+Gould has been engaged to deliver IKEA's latest store in Turbhe, Navi \nMumbai.",
    "Store selection may vary and prices may differ from those online. *To our Texas \nand Florida customers, due to the recent and upcoming Hurricanes stock\u00a0...",
    "IKEA is a multinational group, headquartered in the Netherlands, that designs \nand sells ... The first M\u00f6bel-IK\u00c9A store was opened in \u00c4lmhult, Sm\u00e5land, in 1958 \n(M\u00f6bel means ... Amid a high level of success, the company's West German \nexecutives ... Like others in the Gulf Cooperation Council, the Doha outlet is \noperated by\u00a0...",
    "Check availability at your local store. Store selection may vary and prices may \ndiffer from those online. *To our Texas and Florida customers, due to the recent\u00a0...",
    "Apr 26, 2017 ... \"So when Balenciaga did just that, IKEA put together a swift response \u2013 giving \ncustomers some tips on how to know that their Frakta blue bag is\u00a0...",
    "Sep 10, 2017 ... The wall-mounted IKEA Trones storage box may be designed to hold shoes, ... A \ndrawer in the front of the box opens up to store shoes, or whatever it is you want \n.... Decorating Tip of the Day: The High And Low Rule ... They look much nicer \nsince it has a wood look and will probably last longer. Flag Reply.",
    "IKEA. IKEA Application Online: Jobs & Career Info. With over 40 locations in the \n... high school diplomas or the equivalent to fill most roles within the company."
  ],
  "displayUrl": [
    "www.ikea.com",
    "www.goodnewsnetwork.org",
    "www.ikea.com",
    "www.fgould.com",
    "www.ikea.com",
    "en.wikipedia.org",
    "www.ikea.com",
    "www.dezeen.com",
    "www.apartmenttherapy.com",
    "www.job-applications.com"
  ]
}