{
  "id": "Q348_R53_C9",
  "initial_query": "'Doha Aquarium' 'Doha' question renovation place thanks was know asked similar",
  "relaxed_query": "'Doha Aquarium' 'Doha' question renovation place thanks was know asked similar",
  "links": [
    "https://www.tripadvisor.com/Attraction_Review-g294009-d321043-Reviews-National_Museum_of_Qatar-Doha.html",
    "https://www.tripadvisor.ca/Attraction_Review-g294009-d2558124-Reviews-Doha_Zoo-Doha.html",
    "https://dohanews.co/newly-renovated-al-khor-park-officially-opens-to-the-public/",
    "https://www.airbnb.com/s/Toronto--Canada",
    "http://www.dejongmarinelife.nl/company",
    "http://www.culturalinnovations.com/news.html",
    "https://www.tripadvisor.co.nz/Attraction_Review-g255106-d7274275-Reviews-Auckland_Free_Walking_Tours-Auckland_Central_North_Island.html",
    "https://www.walmart.com/ip/Aveeno-Daily-Moisturizing-Lotion-For-Dry-Skin-12-Fl-Oz/10801471",
    "http://www.fourseasons.com/vancouver/destination/things-to-do/",
    "https://www.walmart.com/ip/Igloo-5-Gallon-Heavy-Duty-Beverage-Cooler-Orange/35520771"
  ],
  "snippets": [
    "National Museum of Qatar, Doha: See 73 reviews, articles, and 29 photos of ... of \nQatar, ranked No.44 on TripAdvisor among 110 attractions in Doha. ... All reviews \nworth a visit aquarium culture attraction structure visitors islam ... life cycle of \npropets and family, Recomended place for visitors for causal visit. .... Ask a \nquestion.",
    "Doha Zoo, Doha: See 92 reviews, articles, and 21 photos of Doha Zoo, ranked ... \nOur expectations were high before we visited this place as we were curious ... \nPersonally I don't like zoos and you cannot visit this one... read more .... will \nremain so until 2017 or more for renovation. earlier it was OK type zoo, ... Ask a \nquestion.",
    "Feb 18, 2016 ... Newly renovated Al Khor park officially opens to the public ... Khor municipality, \nand has undergone a QR250 million renovation. .... No Thanks ... One simple \nquestion, have you been to any public parks around Dubai? ... I hope goverment \ncan come up of something like underwater aquarium.. in corniche to\u00a0...",
    "Find unique places to stay with local hosts in 191 countries. Belong ... He \nresponded very quickly and helped with any questions we had and provided \nmany\u00a0...",
    "De Jong Marinelife is Europe's leading supplier of marinelife, supplying aquatic \nstores and public aquaria. With over 50 years of experience in the aquarium\u00a0...",
    "A special word of thanks to Sawsan Dalaq, the Director of The Children's \nMuseum, ... Having the standard in place has already helped us become a better \ncompany ... well and the girls were even able to stand inside what will become \ntheir aquarium. .... Cultural Innovations, The Museum of Islamic Art from Doha \nand Morris\u00a0...",
    "Alex certainly knows the city and... read more ... you through the city's pedestrian \nlaneways and right up to the recently renovated Auckland Art Gallery. .... I visited \na lot of new places, excursion was interesting and fun )) thanks for organization \nsuch free activity in your city!) if you like to walk, this tour is. .... Ask a question.",
    "Get to know us. About Walmart.com \u00b7 Corporate \u00b7 Suppliers \u00b7 Sell on Walmart.com \n\u00b7 Careers \u00b7 @WalmartLabs \u00b7 The Walmart Digital Museum. Walmart.com.",
    "To help plan your next trip, we asked Bertine Hage, Chef Concierge at Four \nSeasons ... A run in Stanley Park affords fantastic views, like a stunning sunset \nover water. ... one of the many marine animals you can learn about at the \nVancouver Aquarium. ... area, where they can watch trainers at work and ask \nthem questions.",
    "... know right where the lid to this orange Igloo beverage cooler is thanks to the .... \n1-3 of 7 questions ... Quality just like you would expect from a brand like Igloo."
  ],
  "displayUrl": [
    "www.tripadvisor.com",
    "www.tripadvisor.ca",
    "dohanews.co",
    "www.airbnb.com",
    "www.dejongmarinelife.nl",
    "www.culturalinnovations.com",
    "www.tripadvisor.co.nz",
    "www.walmart.com",
    "www.fourseasons.com",
    "www.walmart.com"
  ]
}