{
  "id": "Q351_R5_C9",
  "initial_query": " back riyals conversation percent leave end tipping much -20 -10",
  "relaxed_query": " back riyals conversation percent leave end tipping much -20 -10",
  "links": [
    "http://tvtropes.org/pmwiki/pmwiki.php/Main/FakingTheDead",
    "https://www.heifer.org/join-the-conversation/magazine/2015/spring/asked-answered-burning-question.html",
    "http://www.motosport.com/blog/how-to-tie-down-a-dirt-bike",
    "https://www.mediaite.com/tv/good-riddance-fox-cancels-long-running-drug-war-glorifying-abuse-excusing-reality-series-cops/",
    "http://www.buffalospree.com/Buffalo-Spree/July-2013/Buffalo-Sprees-2013-Best-of-WNY-Winners/",
    "https://www.mvtimes.com/2017/09/18/mighty-plovers-hatch-island-controversy/",
    "https://archive.ics.uci.edu/ml/machine-learning-databases/bag-of-words/vocab.nips.txt",
    "http://voiceseducation.org/content/sebastian-junger-war-excerpt",
    "http://www.mirror.co.uk/sport/football/transfer-news/revealed-details-liverpools-lucas-alario-7661634",
    "https://www.fanfiction.net/s/10216662/1/The-Legacy-of-Death"
  ],
  "snippets": [
    "The Faking the Dead trope as used in popular culture. A character's death is \nfaked, for one or more of the following purposes: To throw their enemies off \u2026",
    "Help end hunger. ... Women and children in Orissa haul their daily firewood back \nhome. ... In one community in Rajasthan, India, there's been upwards of 90 \npercent adoption ... to their husbands, but a tipping point has also been reached \namong the men, who want to look prosperous to their peers. ... Join the \nConversation.",
    "Jun 29, 2016 ... The optional Tie Bar Kicker allows you to haul three dirt bikes by setting the \nmiddle bike back further on the truck bed allowing two on the sides\u00a0...",
    "May 6, 2013 ... Have a tip we should know? tips@mediaite.com .... Unless you have a link to \nback up your claim about \"blacks committing ... passed an \"historic\" resolution, \ncalling for an end to drug prohibition. ... If you look at COPS it's 60 percent white \nand ... Watching a cop chase down a criminal thug...doesn't get much\u00a0...",
    "That's not just because drinkers now get to step back in time and taste the ... The \nbest of them is Tony Rials, who spends as much of his day in the kitchen as .... \nwith hormones or antibiotics, and the end product reflects the happy, healthy, ..... \nand backgrounds, making sure Great Aunt Ruth and little Joey both leave \nsatisfied.",
    "Sep 18, 2017 ... Wildlife presenters included Jon Regosin, chief of conservation ... with arbitrary \nprotocols, it always ends up hitting them in the rear end. ... Mr. Kennedy said that \nrevenues at Norton Point were off 40 percent ... message back to your bosses \nand the legislature before the tipping ... Log in to leave a comment.",
    "... converges converging conversation converse conversely conversion convert \n.... encouragement encourages encouraging end ended ending endmember .... \nlearning learnt leary leave leaves leaving lebiere leblanc lecar lection lective \nlecture .... peper perature perceive perceived perceives perceiving percent \npercentage\u00a0...",
    "Apr 4, 2012 ... An American patrol hasn't taken 100 percent casualties in a firefight ... Kalenits's \nteam leader grabbed him and tried to pull him back, but they were taking so much \nfire that ... He finally came to a stop and then got shot three more times where ... \noff rocks to break their legs or simply refusing to leave the wire.",
    "Mar 31, 2016 ... ... situation in order to secure his signing before the end of the season. ... in \nbuying a percentage of the player has forced Liverpool into action\u00a0...",
    "Mar 25, 2014 ... He'd prepared in every conceivable way, but in the end, it didn't ... In just over one \nyear, ten percent of Earth's population \u2013 just over a ..... they were soon eating with \ntoo much dedication to make conversation. ..... Alexander nodded as he tiredly \npushed himself to his feet and tipped back the last of his wine."
  ],
  "displayUrl": [
    "tvtropes.org",
    "www.heifer.org",
    "www.motosport.com",
    "www.mediaite.com",
    "www.buffalospree.com",
    "www.mvtimes.com",
    "archive.ics.uci.edu",
    "voiceseducation.org",
    "www.mirror.co.uk",
    "www.fanfiction.net"
  ]
}