{
  "id": "Q351_R5_C8",
  "initial_query": " back fuel percent do leave tipping do much -20",
  "relaxed_query": " back fuel percent do leave tipping do much -20",
  "links": [
    "https://www.consumerreports.org/snow-blowers/snow-blower-storage-tip-should-you-drain-the-gas/",
    "https://www.tripadvisor.com/ShowTopic-g28958-i237-k3773601-Tipping_the_person_who_pumps_your_gas-Oregon.html",
    "http://www.whototip.net/tipping-in-cyprus",
    "https://www.smartertravel.com/2017/03/13/tipping-in-italy-the-italy-tipping-guide/",
    "http://www.spacex.com/news/2015/06/24/why-and-how-landing-rockets",
    "https://www.theguardian.com/sustainable-business/2016/feb/13/renewable-energy-investment-fossil-fuel-divestment-investor-summit-climate-change",
    "http://news.nationalgeographic.com/2015/10/151002-mars-mission-nasa-return-space/",
    "https://www.bostonglobe.com/magazine/2014/08/02/everyday-advice-you-tip-full-service-gas-stations/5HcsYk75Zgf13HrdbURLFN/story.html",
    "http://www.api.org/oil-and-natural-gas/consumer-information/consumer-resources/staying-safe-pump",
    "http://www.vons.com/ShopStores/Shopping-Help"
  ],
  "snippets": [
    "Mar 18, 2017 ... NewsVideos \u00b7 News. Take Action. Back. SIGN THE PETITION ... Q. Do I really \nhave to drain the gas from my snow blower before I store it for the season? ... \nThat leaves no room in the tank for water to condense and collect over the ... 10 \npercent ethanol, you do want to drain the fuel before you put your snow\u00a0...",
    "Answer 1 of 11: How much should I tip the guy or gal who pumps my gas at the \ngas stations in Oregon. I was so ... I only rarely tip a gas attendant. if they do all \nthe windows and check the oil I may,. Do you tip at Oil ... We never tipped back \nthen.",
    "It's usually good tipping etiquette to leave a 10 to 15% gratuity, but it depends on \nthe ... Housekeeping won't expect a tip, but a if you do decide to tip small tip of\u00a0...",
    "Mar 13, 2017 ... Tipping in Italy can be confusing since it's not always standard practice. ... It is \nsolely up to you what you leave in addition to the final bill, but do try to tip in cash \n... If the service isn't included, a tip of 10 to 15 percent is encouraged. ... Tipping: \nHow Much to Tip Tour Guides, Taxis, Hotel Maids, and More?",
    "Jun 25, 2015 ... The Space Shuttle was technically reusable, but its giant fuel tank was ... So, \nwhat if we could mitigate those factors by landing rockets gently and precisely on \nland? ... are used to flip the rocket around as it begins its journey back to Earth, ... \nThe vehicle has now been equipped with much more of that critical\u00a0...",
    "Feb 13, 2016 ... What term do you want to search? ... Have we reached the tipping point for \ninvesting in renewable energy? ... Divestment \u2013 the decision to voluntarily reduce \none's fossil fuel ... Ian Taylor, as saying that crude oil will likely stay at $60 a \nbarrel for .... RBS pulls back fossil fuel investments as green deals grow.",
    "Oct 2, 2015 ... Now comes the hard part: figuring out how to leave. ... There and Back Again ... \nOr, put another way, it will burn you up but it won't do much to slow you down. ... \nBy making fuel on Mars, NASA can shave several tons off the initial ... the Martian \natmosphere, which is 95 percent carbon dioxide (CO2), and from\u00a0...",
    "Aug 3, 2014 ... Now it has been so long that I'm not sure what to do. I'm avoiding ... Your word \u201c\nfriend\u201d here is describing what sounds much more like a friendly\u00a0...",
    "Do not smoke, light matches or lighters while refueling at the pump or when using \n... when refueling, leave the nozzle in the fill pipe and back away from the vehicle. \n... it on the ground to avoid a possible static electricity ignition of fuel vapors. ... \ntipping and sliding, and never leave it in direct sunlight or in the trunk of a car.",
    "How much is the delivery fee on my first order? ... Should I tip my driver? ... To \nload your in-store purchases into your Shop By History, all you have to do is ... A \nfuel surcharge will be triggered only when the price of a gallon of gasoline rises \n.... Unattended Delivery if your doorstep is not a safe location to leave groceries."
  ],
  "displayUrl": [
    "www.consumerreports.org",
    "www.tripadvisor.com",
    "www.whototip.net",
    "www.smartertravel.com",
    "www.spacex.com",
    "www.theguardian.com",
    "news.nationalgeographic.com",
    "www.bostonglobe.com",
    "www.api.org",
    "www.vons.com"
  ]
}