{
  "id": "Q351_R27_C4",
  "initial_query": "'Business Meeting' 'Doha' 'Serious' guys replys meetings are qatari enquiring 'm certain",
  "relaxed_query": "'Business Meeting' 'Doha' 'Serious' guys replys meetings are qatari enquiring 'm certain",
  "links": [
    "https://www.moveoneinc.com/old-blog/immigration/enimmigration-qatar/",
    "https://arxiv.org/pdf/1706.06749",
    "https://www.hrw.org/sites/default/files/wr2013_web.pdf",
    "http://carnegie-mec.org/diwan/62063",
    "http://www.catb.org/esr/faqs/smart-questions.html",
    "http://www.dia.govt.nz/diawebsite.nsf/wpg_URL/Services-Anti-Spam-Email-Scams-October-2012",
    "https://www.mea.gov.in/images/pdf/pr-dep-qatar.pdf",
    "https://www.dia.govt.nz/diawebsite.nsf/wpg_URL/Services-Anti-Spam-Email-Scams-August-2012",
    "http://www.slovak-republic.org/visa-embassies/of-slovakia/",
    "https://www.justlanded.com/english/Qatar/Forums/Jobs/WE-NEED-WORKERS-URGENTLY"
  ],
  "snippets": [
    "Jun 2, 2011 ... Comprehensive immigration profile on Qatar for those considering a ... work, \nsuch as attending business meetings, negotiations and seminars.",
    "Jun 21, 2017 ... ALT Research Group. Qatar Computing Research Institute, HBKU .... q9 Business \nMeeting? Guys; I'm just enquiring about what one should wear to business \nmeetings in Doha? Are there certain things a man should or shouldn't wear. (\nSerious replys only - not like A man shouldn't wear a dress)!!!! Thanks -\u00a0...",
    "Jan 1, 2013 ... programs on arms; business and human rights; children's rights; ... 2003; Robert \nL. Bernstein, Founding Chair, 1979-1997; Lisa Anderson; David M. .... There are \nmany serious human rights violations that Human Rights Watch ... addressing \ncertain thematic concerns and of reinforcing the work of local rights.",
    "Nov 24, 2015 ... These years of research and meetings with Syrian actors have ... are in engaging \nin serious political and diplomatic discussions. ... of financing and political \nbacking, principally from Turkey and Qatar. ... They say, \u201cSyria is now our only \nfocus\u2014this is my homeland and it's what I'm now .... Reply to this post.",
    "RTFM and STFW: How To Tell You've Seriously Screwed Up; If you don't \nunderstand. ... Despite this, hackers have a reputation for meeting simple \nquestions with ..... If you ask a question in a reply, be sure to change the subject \nline to indicate that ...... Finally, I'm going to illustrate how to ask questions in a \nsmart way by\u00a0...",
    "Do you need a loan to clear your debts/bills, or start up a business? ... My name \nis Greg Berman,I'm currently undergoing medical treatment for cancer. ..... Reply \nme with this email address soniagomo2012 gmail.com ... Yes it is certain that you \nare not related to the late depositor but with my colaboration ..... Are you serious?",
    "1. PRE DEPARTURE TRAINING MANUAL. For Intending Emigrants. QATAR ... \nAffairs are eligible as per the Act to conduct the business of recruitment for \noverseas ..... it may land you in serious difficulties on arrival in the country of \nemployment. ... E-Mail : ambassor@qatar.net.qa, amb.doha@mea.gov.in .... \ncertain extent.",
    "My bank was ordered after meeting held in the presidential village to contact and \n... I wish to inform you that you're (7.5M)outstanding payment has been .... we \nweren't seriously hurt or injured and I'm still alive so that is whats important. ... my \nemail every 30 minutes for your reply as I've got limited access to internet here.",
    "India, 50-M, Niti Marg, Chanakyapuri, 110021 New Delhi, 00911126889071 .... \nSlovakia has no embassies in Qatar or Bahrain, people from these countries \nshould contact .... You guys are doing a great job .Keep it up. [Reply]. nure alam \nkhandaker ..... Please advide urgently as its a business meeting end of march-\n2011.",
    "Jan 30, 2009 ... Note: Make sure you notify the position you wish to take when ... I'm looking for a \njob as Instructor or Teacher .... Like: Dubai, Qatar Bahrain, Saudi Arabia, Oman \nand Malaysia .... This magnificent hotel has 5 conference rooms which hold up to \n200 guests. ..... kindly reply so that we may begin recruitment."
  ],
  "displayUrl": [
    "www.moveoneinc.com",
    "arxiv.org",
    "www.hrw.org",
    "carnegie-mec.org",
    "www.catb.org",
    "www.dia.govt.nz",
    "www.mea.gov.in",
    "www.dia.govt.nz",
    "www.slovak-republic.org",
    "www.justlanded.com"
  ]
}