{
  "id": "Q351_R27_C8",
  "initial_query": "'Business Meeting' 'Doha' 'Serious' guys person replys meetings enquiring 'm wear certain",
  "relaxed_query": "'Business Meeting' 'Doha' 'Serious' guys person replys meetings enquiring 'm wear certain",
  "links": [
    "https://arxiv.org/pdf/1706.06749",
    "https://www.hrw.org/sites/default/files/wr2013_web.pdf",
    "http://carnegie-mec.org/diwan/62063",
    "https://www.dia.govt.nz/diawebsite.nsf/wpg_URL/Services-Anti-Spam-Email-Scams-August-2012",
    "http://www.dia.govt.nz/diawebsite.nsf/wpg_URL/Services-Anti-Spam-Email-Scams-October-2012",
    "https://www.mea.gov.in/images/pdf/pr-dep-qatar.pdf",
    "https://www.nasrani.net/2008/04/15/lifestyle-of-kerala-syrian-christians/",
    "http://satgurutravel.com/",
    "http://clearancejobsblog.com/ask-your-clearance-questions-part-17/",
    "https://www.scribd.com/document/46786491/Fully-Solved-Papers-2010"
  ],
  "snippets": [
    "Jun 21, 2017 ... formance of the network when we have some unla- .... q9 Business Meeting? \nGuys; I'm just enquiring about what one should wear to business meetings in \nDoha? Are ... (Serious replys only - not like A man shouldn't wear a.",
    "Jan 1, 2013 ... to uphold political freedom, to protect people from inhumane ... programs on arms\n; business and human rights; children's rights; ... 2003; Robert L. Bernstein, \nFounding Chair, 1979-1997; Lisa Anderson; David M. Brown; William ..... country \nand in some places commit serious abuses with impunity, such as.",
    "Nov 24, 2015 ... These years of research and meetings with Syrian actors have ... I think it'll \nprobably surprise some people to see just how early-on ... My take is that the \nNusra Front is a wolf in sheep's clothing\u2014Syrians ... They say, \u201cSyria is now our \nonly focus\u2014this is my homeland and it's what I'm now .... Reply to this post.",
    "Subject: I have some good news for you, reply back for more informations.\u200f ... My \nbank was ordered after meeting held in the presidential village to contact and ... \nPlus, it's a form of advertising with a captive audience, meaning people who are \n... we weren't seriously hurt or injured and I'm still alive so that is whats important.",
    "I have some funds at bank inherited from my late husband account the ... Do you \nneed a loan to clear your debts/bills, or start up a business? .... hi Jane I realize it \nonerous to drop weight People appear to seek out ME a lot of ..... Thanks so \nmuch for the reply and i'm very much glad to read your email, ..... Are you serious\n? I'm\u00a0...",
    "Emigration, in this context, means the departure of any person from India with a ... \nAffairs are eligible as per the Act to conduct the business of recruitment for .... \nSome companies issue 'Visit Visa' (commercial 'visit visa') to meet their .... Villa no \nM-12, Street no-42 ... E-Mail : ambassor@qatar.net.qa, amb.doha@mea.gov.in.",
    "Apr 17, 2008 ... Similarly, a person's full name consists of first/own name, father's name ... Some \nare prosperous and own large masses of land in Kerala. ... Business, Arts and \nEntertainment, Science and Technology, etc. ... Syrian Christian women wear a \nvariety of ornaments which includes ...... This happened in Doha.",
    "Core Values; Responsible Business .... Unit No.2101, 21st Floor, Business Tower \nBy DAMMAC, Business Bay Dubai-U.A.E Tel: +971 502459750 / 502458320\u00a0...",
    "Dec 22, 2008 ... This was my money from my business, but I'm a little concerned ..... I sure hope \nthat your PRSI was conducted in person and not over the telephone. ..... \nRegardless, I'm almost certain it would probably be the end of our marriage. ..... I \nposted a question on 30 December that I have not yet received a reply to.",
    "Some orthodox persons are averse\u2026\u2026\u2026. drinking liquor. ... Capital market \nmeans (a) Mutual Funds (b) Money Market (c) Securities Market (d) Banking \nBusiness 42. .... The average age of 29 boys of a class is equal to 14 years. ..... I'\nm actually more patient now because I write more than ever before, and as long \nas I've got\u00a0..."
  ],
  "displayUrl": [
    "arxiv.org",
    "www.hrw.org",
    "carnegie-mec.org",
    "www.dia.govt.nz",
    "www.dia.govt.nz",
    "www.mea.gov.in",
    "www.nasrani.net",
    "satgurutravel.com",
    "clearancejobsblog.com",
    "www.scribd.com"
  ]
}