{
  "id": "Q351_R27_C7",
  "initial_query": "'Business Meeting' 'Doha' 'Serious' guys replys people meetings enquiring 'm wear certain",
  "relaxed_query": "'Business Meeting' 'Doha' 'Serious' guys replys people meetings enquiring 'm wear certain",
  "links": [
    "https://www.hrw.org/sites/default/files/wr2013_web.pdf",
    "http://carnegie-mec.org/diwan/62063",
    "https://www.dia.govt.nz/diawebsite.nsf/wpg_URL/Services-Anti-Spam-Email-Scams-August-2012",
    "http://www.dia.govt.nz/diawebsite.nsf/wpg_URL/Services-Anti-Spam-Email-Scams-October-2012",
    "https://www.mea.gov.in/images/pdf/pr-dep-qatar.pdf",
    "http://satgurutravel.com/",
    "https://www.nasrani.net/2008/04/15/lifestyle-of-kerala-syrian-christians/",
    "http://clearancejobsblog.com/ask-your-clearance-questions-part-17/",
    "https://www.slideshare.net/watsonsean721/top-10-procurement-interview-questions-with-answers",
    "https://www.scribd.com/document/46786491/Fully-Solved-Papers-2010"
  ],
  "snippets": [
    "Jan 1, 2013 ... to uphold political freedom, to protect people from inhumane ... programs on arms\n; business and human rights; children's rights; ... 2003; Robert L. Bernstein, \nFounding Chair, 1979-1997; Lisa Anderson; David M. Brown; William ..... country \nand in some places commit serious abuses with impunity, such as.",
    "Nov 24, 2015 ... These years of research and meetings with Syrian actors have ... I think it'll \nprobably surprise some people to see just how early-on ... My take is that the \nNusra Front is a wolf in sheep's clothing\u2014Syrians ... They say, \u201cSyria is now our \nonly focus\u2014this is my homeland and it's what I'm now .... Reply to this post.",
    "Subject: I have some good news for you, reply back for more informations.\u200f ... My \nbank was ordered after meeting held in the presidential village to contact and ... \nPlus, it's a form of advertising with a captive audience, meaning people who are \n... we weren't seriously hurt or injured and I'm still alive so that is whats important.",
    "I have some funds at bank inherited from my late husband account the ... Do you \nneed a loan to clear your debts/bills, or start up a business? .... hi Jane I realize it \nonerous to drop weight People appear to seek out ME a lot of ..... Thanks so \nmuch for the reply and i'm very much glad to read your email, ..... Are you serious\n? I'm\u00a0...",
    "Affairs are eligible as per the Act to conduct the business of recruitment for .... \nSome companies issue 'Visit Visa' (commercial 'visit visa') to meet their .... it may \nland you in serious difficulties on arrival in the country of employment. ... Villa no \nM-12, Street no-42 ... E-Mail : ambassor@qatar.net.qa, amb.doha@mea.gov.in.",
    "Core Values; Responsible Business .... Unit No.2101, 21st Floor, Business Tower \nBy DAMMAC, Business Bay Dubai-U.A.E Tel: +971 502459750 / 502458320\u00a0...",
    "Apr 17, 2008 ... People in Hindu kingdoms, regardless of religion, were expected to strictly ... \nSome are prosperous and own large masses of land in Kerala. ... Business, Arts \nand Entertainment, Science and Technology, etc. ... Syrian Christian women \nwear a variety of ornaments which includes ...... This happened in Doha.",
    "Dec 22, 2008 ... This was my money from my business, but I'm a little concerned about the ..... I \nwas told by people to just leave it alone since there is absolutely no .... \nRegardless, I'm almost certain it would probably be the end of our marriage. ..... I \nposted a question on 30 December that I have not yet received a reply to.",
    "Dec 31, 2014 ... 4 days ago Reply .... Have a look at their business strategy or corporate \nobjectives before the ... Don't you DARE answer with the cliche \u201cI'm a perfectionist\n\u201d answer or any other ..... If some people from your past are going to say you're a \nboring .... Taking participation in conferences, seminars, meetings and\u00a0...",
    "Some people believe that in emotional inferior\u2026\u2026\u2026\u2026\u2026..\u2026women. ... Capital \nmarket means (a) Mutual Funds (b) Money Market (c) Securities Market (d) \nBanking Business 42. .... The average age of 29 boys of a class is equal to 14 \nyears. ..... I'm actually more patient now because I write more than ever before, \nand as long\u00a0..."
  ],
  "displayUrl": [
    "www.hrw.org",
    "carnegie-mec.org",
    "www.dia.govt.nz",
    "www.dia.govt.nz",
    "www.mea.gov.in",
    "satgurutravel.com",
    "www.nasrani.net",
    "clearancejobsblog.com",
    "www.slideshare.net",
    "www.scribd.com"
  ]
}