{
  "id": "Q355_R3_C3",
  "initial_query": "'GCC BAN' 'Qatar' 'GCC' vacation country person doesnt leaving return are ",
  "relaxed_query": "'GCC BAN' 'Qatar' 'GCC' vacation country person doesnt leaving return are ",
  "links": [
    "http://whatson.ae/dubai/2017/06/why-the-uae-qatar-crisis-is-happening-now/",
    "http://www.arabnews.com/news/756686",
    "https://www.nytimes.com/2017/06/05/world/middleeast/qatar-saudi-arabia-egypt-bahrain-united-arab-emirates.html",
    "https://en.wikipedia.org/wiki/2017_Qatar_diplomatic_crisis",
    "http://www.qatarday.com/blog/legal/i-am-blacklisted-in-qatar-can-i-enter/12654",
    "http://www.aljazeera.com/indepth/features/2017/06/saudi-led-blockade-qatar-breaking-families-170609131754141.html",
    "http://www.cnn.com/2017/06/06/middleeast/qatar-middle-east-diplomatic-freeze/index.html",
    "http://www.aljazeera.com/news/2017/06/qatar-diplomatic-crisis-affects-air-travel-170605093547258.html",
    "http://www.hindustantimes.com/world-news/libya-and-yemen-join-four-arab-nations-in-severing-ties-with-qatar-as-gulf-crisis-deepens/story-1kQV83P3lyPooCgS5V2jUJ.html",
    "http://www.dubai-online.com/essential/immigration/"
  ],
  "snippets": [
    "Jun 15, 2017 ... \"When the UAE and like-minded countries took diplomatic and economic ... The \nbiggest rift in GCC history is happening right now. ... They said that the boycott \u201c\ndoes not include the aviation companies and aircraft not .... and a banning of all \nQatari means of transportation, coming to or leaving the UAE, from\u00a0...",
    "Jun 4, 2015 ... RIYADH: Expats who leave Saudi Arabia on re-entry visas and fail to ... make no \nsense to rule this , some one can be medically ill not to return after his vacation ,\nor for .... Suggest to make same system at par with other GCC countries by ... \nimplementing ban when resident visa holder does not return within 6\u00a0...",
    "Jun 5, 2017 ... A Family's Return to Mosul ... On Monday, five countries in the region announced \nthat they were forcing ... has 250,000 people working there, ordered their citizens \nto leave Qatar. ... Qatar Airways was banned from Saudi airspace. .... Trump Calls \nfor Boycott if N.F.L. Doesn't Crack Down on Anthem Protests.",
    "The 2017 Qatar diplomatic crisis began when several countries abruptly cut off \ndiplomatic ... The immediate goal was to secure the return of 26 Qatari hostages \n.... All GCC countries involved in the announcement ordered their citizens out of \n... of Bahrain and Egypt gave Qatari diplomats 48 hours to leave their countries.",
    "GCC Wide Ban on Deported Expatriates of GCC Countries ... contract and you \nabscond ( you return to your home country for a vacation and did not come back).",
    "Jun 9, 2017 ... Amid GCC diplomatic crisis, hundreds of mixed-citizenship couples are ... for \nQatari citizens to leave was a violation of human rights that required UN \nintervention. ... and will break up families and disrupt young people's education. \n... We may be separated from our children and return back to Bahrain for no\u00a0...",
    "Jul 27, 2017 ... The Qatar dispute is the biggest political crisis to hit the Middle East in years. ... \nQatari nationals are now officially on notice to leave neighboring countries within \ntwo ... sever ties with Qatar --- a country of nearly 2.3 million people, mostly ... \nthose countries also banned their own citizens from entering Qatar.",
    "Jun 5, 2017 ... Major airlines have suspended travel to and from Qatar amid ... Qatar Airways \nand Dubai's Emirates suspending flights, leaving many ... The carriers operate \nfour daily return flights to Doha. ... \"If Qatar is banned, I can't see a way out of the \ncountry for Qatari ... Timeline of GCC, Egyptian discord with Qatar.",
    "Jun 6, 2017 ... The Arab world's strongest powers cut ties with Qatar over alleged support for ... \nA man walks past Qatar Airways office in Manama, Bahrain, on June 5. ... by the \ncountries that are key players in OPEC and the Gulf Cooperation Council (GCC). \n... Qatar's envoy to Egypt was also told to leave in two days.",
    "If any information on this page is incorrect, please leave a comment so that we \ncan correct ... All tourists, with the exception of GCC nationals (except Qatar), \nrequire a visa to visit Dubai. ... Nationals of many countries can obtain a visa on \narrival in Dubai. .... However as at June 2017 the UAE has banned those holding \nQatari\u00a0..."
  ],
  "displayUrl": [
    "whatson.ae",
    "www.arabnews.com",
    "www.nytimes.com",
    "en.wikipedia.org",
    "www.qatarday.com",
    "www.aljazeera.com",
    "www.cnn.com",
    "www.aljazeera.com",
    "www.hindustantimes.com",
    "www.dubai-online.com"
  ]
}