{
  "id": "Q355_R3_C8",
  "initial_query": "'GCC BAN' 'Qatar' 'GCC' country vacation person doesnt leaving return are outside",
  "relaxed_query": "'GCC BAN' 'Qatar' 'GCC' country vacation person doesnt leaving return are outside",
  "links": [
    "http://www.cnn.com/2017/06/06/middleeast/qatar-middle-east-diplomatic-freeze/index.html",
    "https://en.wikipedia.org/wiki/2017_Qatar_diplomatic_crisis",
    "http://www.justhere.qa/2013/10/10-things-know-employed-qatar/",
    "https://en.wikipedia.org/wiki/Migrant_workers_in_the_Gulf_region",
    "https://www.quora.com/Am-I-allowed-to-travel-to-other-GCC-countries-if-I-have-a-UAE-bank-loan-ban",
    "http://www.telegraph.co.uk/news/2017/06/05/four-countries-cut-diplomatic-ties-qatar-gulf-rift-deepens/",
    "http://www.independent.co.uk/travel/news-and-advice/qatar-airways-airspace-ban-flights-grounded-diplomatic-row-saudi-arabia-bahrain-egypt-uae-a7774636.html",
    "https://www.thenational.ae/world/uae-and-saudi-arabia-cut-ties-with-qatar-live-updates-1.24574",
    "http://lifeinsaudiarabia.net/blog/2014/07/04/working-in-gcc-countries-after-expiry/",
    "https://www.memri.org/reports/unprecedented-tension-between-qatar-and-saudi-arabiauaebahrain-threatens-break-gulf"
  ],
  "snippets": [
    "Jul 27, 2017 ... The Qatar dispute is the biggest political crisis to hit the Middle East in years. ... \nQatari nationals are now officially on notice to leave neighboring countries within \ntwo ... sever ties with Qatar --- a country of nearly 2.3 million people, mostly ... \nEtihad, Emirates, Fly Dubai and Gulf Air have halted all flights in and\u00a0...",
    "The 2017 Qatar diplomatic crisis began when several countries abruptly cut off \ndiplomatic ... The immediate goal was to secure the return of 26 Qatari hostages \n.... All GCC countries involved in the announcement ordered their citizens out of \nQatar. .... accused Saudi Arabia, Bahrain and the (UAE) of toying with people's \nlives.",
    "Oct 1, 2013 ... You are due full wage if the sick leave does not exceed two weeks. ... returning \nthe employee to his country and the employee must leave the country within ..... \nbut i don't have a NOC, since my banned will be cleared on march 2014. ..... Can \nI go to another Gulf country for job if I got for vacation from Qatar ?",
    "Migrant workers in the Gulf region involves the prevalence of migrant workers in \nthe Kingdom of ... All of the GCC countries are dependent on migrant labor to \nbolster and ... In Bahrain, Oman, Qatar and the UAE, the majority of the \npopulation .... the return of approximately 70.000 people to their respective \ncountries of origin.",
    "Normally you can travel across GCC countries even if you failed to pay back the \nloan in ... There are tons of people who are trying to make money online, \nincluding myself. ... you can not leave country ,untill and unless you settle the \nloan amount . ... How do I know about my passport ban in UAE for all GCC \ncountry when the\u00a0...",
    "Jun 5, 2017 ... Four Arab nations cut diplomatic ties to Qatar early Monday morning, further \ndeepening a rift among Gulf Arab nations over that country's support for Islamist \ngroups. ... Eight months later, they returned their ambassadors as Qatar forced \nsome Brotherhood members to leave the country and quieted others.",
    "Jun 6, 2017 ... Qatar Airways hit by airspace ban as Gulf diplomatic row intensifies .... an airline \nchiefs' event, the IATA annual general meeting, to return to Doha. ... A reciprocal \nban by Qatar on aircraft from the countries which have imposed the ... Human \nBarbie Takes Off Make Up, Leaves Everyone SpeechlessIcePop.",
    "Jun 5, 2017 ... In light of the ban on Qatar Airways using Saudi and UAE airspace, here's ... Any \nterrorist attack in any country, in any capital, directed at innocent people is \nsomething .... caused by a situation outside of its control,\u201d it said in a statement. .... \n\u201cWith countries in GCC saying they plan to break off all land, air and\u00a0...",
    "Jul 4, 2014 ... Now I got work offer from Qatar. ... Comment by Visitor: Some people told me if I \ngo on vacation from ... If I go on exit re-entry visa and don't come back, they will \nban me for 3 ... If this is the case, they would not allow me to enter to GCC \ncountries. ..... Return date was 29 Oct 2012) But he didn't come back .",
    "Mar 14, 2014 ... Tensions between Qatar and the three other Gulf countries (Saudi Arabia, the ... \nAct according to a unified Gulf Cooperation Council (GCC) policy and to ... land \ncrossings between the two countries, banning the use of Saudi airspace ... and \nflew into a zone that does not belong to it, leaving [its flock] behind."
  ],
  "displayUrl": [
    "www.cnn.com",
    "en.wikipedia.org",
    "www.justhere.qa",
    "en.wikipedia.org",
    "www.quora.com",
    "www.telegraph.co.uk",
    "www.independent.co.uk",
    "www.thenational.ae",
    "lifeinsaudiarabia.net",
    "www.memri.org"
  ]
}