{
  "id": "Q355_R24_C3",
  "initial_query": "'Qatar' 'Dubai' 'Qatar UAE' tnx month period year banned need ask possible",
  "relaxed_query": "'Qatar' 'Dubai' 'Qatar UAE' tnx month period year banned need ask possible",
  "links": [
    "https://www.moveoneinc.com/old-blog/immigration/enimmigration-qatar/",
    "http://www.dailymail.co.uk/news/article-4576212/Ransom-countries-decisions-cut-ties-Qatar.html",
    "https://www.onlineqatar.com/living/labour-laws.aspx",
    "http://www.smithsonianmag.com/smart-news/over-900-workers-have-already-died-building-qatars-world-cup-facilities-180950088/",
    "https://www.theatlantic.com/international/archive/2017/06/qatar-gcc-saudi-arabia-yemen-bahrain/529227/",
    "http://www.nairaland.com/2471964/qatar-uae-general-visa-enquiries/1",
    "http://www.illustradolife.com/uae-immigration-visa-deportation-blacklist-appeals/",
    "http://emiratesdiary.com/uae-tips/employment-freezones",
    "https://www.fragomen.com/knowledge-center/immigration-alerts",
    "http://fortune.com/2017/04/18/starbucks-unicorn-colored-frappuccino-secret-menu/"
  ],
  "snippets": [
    "Jun 2, 2011 ... Comprehensive immigration profile on Qatar for those considering a relocation. ... \nTo that end, Move One profiles a country every month, providing an ... All visitors \nrequire a visa to enter Qatar, but not all nationals need to ... Issued residence \npermit is valid for one to three years from the date of stamping.",
    "Jun 6, 2017 ... Gulf nations 'cut off relations with Qatar after country paid $1 BILLION ransom ... \nArab relations could have been a ransom Qatar officials paid earlier this year. .... \nCountries including Saudi Arabia also banned Qatari flights from their ... UAE \ncarriers Emirates, Etihad, flydubai and Air Arabia, as well as Saudi\u00a0...",
    "Potential job seekers in Qatar need to be aware that according to Qatari Labour \n... the employer, the employee will be banned for two years from entering Qatar. \n... the employee will be subjected to a probation period not exceeding six months. \n.... just wanna ask. i finished my 2 years contract in my company and im about to\u00a0...",
    "Mar 13, 2014 ... Ask Smithsonian ... Last month, the Guardian reported that over 400 Nepalese \nmigrant ... Only six workers have died during construction for the 2014 World Cup \nin ... Even 900 deaths during construction is unusual, and Qatar is years .... \nheadquarters is in Dubai, couldn't it be possible that the disgraceful\u00a0...",
    "Jun 5, 2017 ... Emir of Qatar Sheikh Tamim Bin Hamad Al Thani attends the Arab League \nsummit ... Bahrain, Saudi Arabia, and the UAE, last cut ties with Qatar in 2014, \nwithdrawing their ambassadors from the country for nine months. ... of power from \nEmir Hamad to his 33-year old son, Emir Tamim, in June 2013, hopes\u00a0...",
    "he said probation....yes probation is 6 months but some contracts may read 9 and \n... One year ban: if you loose a case against your employer or leave a \ngovernment job or so. ... ohh tnx bro bt I'm not talking about labour ban, I'm \nreferring to the .... I need someone to tell me how or help me get a job in dubai.",
    "Nov 2, 2014 ... Those who have previously committed crimes and a deportation order ... In Dubai\n, holders of expired or cancelled residence visa is subject to AED100 fine (after \nthe 30-day grace period) plus AED25/ day of overstay. ... of three months and the \ncourts may likewise order deportation after serving jail term.",
    "... to ask the JAFZA authority to put a work ban for a year as such a ... to the Free \nZone Authority to impose a ban on the employee, ... I have worked 3 year 11 \nmonths in Dubai. ..... is NOC needed in tecom freezone? tnx ..... when cancelling \nmy UAE visa at the time of moving to Qatar,\u00a0...",
    "2017-09-25, The New Travel Ban: What Employers and Foreign Nationals Need \nto Know \u00b7 United States. 2017-09-25, Changes to Work Permit Regulation\u00a0...",
    "Apr 18, 2017 ... Rumors about the new drink started earlier this month after one Starbucks \nemployee found a package of pink powder and posted a photo of it\u00a0..."
  ],
  "displayUrl": [
    "www.moveoneinc.com",
    "www.dailymail.co.uk",
    "www.onlineqatar.com",
    "www.smithsonianmag.com",
    "www.theatlantic.com",
    "www.nairaland.com",
    "www.illustradolife.com",
    "emiratesdiary.com",
    "www.fragomen.com",
    "fortune.com"
  ]
}