{
  "id": "Q355_R24_C5",
  "initial_query": "'Qatar' 'Dubai' 'Unless' cos fraud tnx banned ask is possible",
  "relaxed_query": "'Qatar' 'Dubai' 'Unless' cos fraud tnx banned ask is possible",
  "links": [
    "https://www.westernunion.com/gb/en/terms-conditions.html",
    "https://www.dia.govt.nz/diawebsite.nsf/wpg_URL/Services-Anti-Spam-Email-Scams-February-2013",
    "http://www.dailymail.co.uk/travel/travel_news/article-4622152/UK-holidaymakers-BANNED-inclusive-breaks.html",
    "https://getoutofdebt.org/7538/im-a-filipino-in-dubai-and-scared-i-will-have-to-leave-the-country-to-avoid-jail-hope",
    "https://www.ft.com/content/1d805534-1185-11e6-839f-2922947098f0",
    "http://www.alternet.org/sex-amp-relationships/prostitute-helps-debunk-3-scary-myths-about-penis-size",
    "http://www.whatreallyhappened.com/",
    "https://en.wikipedia.org/wiki/Uber_protests_and_legal_actions",
    "https://www.consumeraffairs.com/dating_services/mingle2.html",
    "https://www.theatlantic.com/business/archive/2016/11/no-dreadlocks-allowed/506270/"
  ],
  "snippets": [
    "Unless applicable law in the destination country requires otherwise, the Sender \n.... which is held by us (unless such use or access is caused by our negligence, \nfraud or ... provides the estimated cost of sending an online money transfer (\ninclusive of tax). .... You have a right to ask us to see and get a copy of your \ninformation,\u00a0...",
    "The following email scams were reported to the Electronic Messaging ..... This is \nintended to provide you with the best security possible .... staffs and the orphans \nhere, we ask that you kindly come to our aid, because your help can .... This Fund \nhas been recorded in your name and cannot be transfer to anybody unless you.",
    "Jun 20, 2017 ... UK holidaymakers could be banned from all-inclusive breaks unless they ... \nwhich is more than the cost of many of the holidays involved. ... industry leaders \ndeliver a letter to the Ministry of Justice asking ... The organisation's Stop \nSickness Scams campaign claims ..... Is Dubai going hipster? ..... Qatar (QAR)",
    "Home > Ask The Get Out of Debt Experts > I'm a Filipino in Dubai and Scared ... \nThe reason we talk about actually going to jail in Dubai for debts is because if ... \nwanted to spend time and money to deal with you back home, it is possible, but \n.... card and personal loans in Dubai, Qatar, GCC Countries, you were asked to \nsign",
    "May 11, 2016 ... Its final act was to plead guilty to US charges of tax fraud. ... These were \nessentially front companies, registered in places such as the British Virgin ... \nBritain's private bankers manage $1.65tn of client assets, the biggest tally after \nSwitzerland. ..... Others from BSI London went to Dubai or took redundancy.",
    "Feb 24, 2016 ... You can have the most beautiful model in the world, but unless you teach him \nhow to work the runway, the performance is going to fall flat.",
    "... it closely, and unless the evidence is overwhelming, he will refuse to believe it. \nIf, on the ... While we try to avoid advertisers of fraudulent products, What Really \n..... The reason for this is because this Russian data demonstrates that an ..... In \n1961, The Use of Force in International Affairs publication used the phrase, \nasking.",
    "Uber Technologies Inc, is an American international technology company and \ntransportation network company (TNC) with subsidiaries in many countries. .... On \nApril 29, 2015, a Brazilian court banned Uber in response to complaints by a .... \nto a law that bans Uber's low-cost offering UberPop, keeping the legal pressure \non\u00a0...",
    "If you want to have a clean and relatively scam free dating website, then you .... I \nreaffirmed that I wished to avoid litigation if at all possible and asked a final time \nfor .... Mingle2.com honestly should ask for email proof before just banning a \nperson. ... It's nearly impossible to contact them by the way, unless you're very \nlucky.",
    "Nov 3, 2016 ... ... and its ruling will stand unless the EEOC decides to pursue the case further in \nhopes of a reversal. ... Later cases followed this logic and supported companies \nthat ... a ban on dreadlocks carries some jarring historical resonances. ... Kylie \nJenner, TMZ reported, the youngest scion of the Kardashian family,\u00a0..."
  ],
  "displayUrl": [
    "www.westernunion.com",
    "www.dia.govt.nz",
    "www.dailymail.co.uk",
    "getoutofdebt.org",
    "www.ft.com",
    "www.alternet.org",
    "www.whatreallyhappened.com",
    "en.wikipedia.org",
    "www.consumeraffairs.com",
    "www.theatlantic.com"
  ]
}