{
  "id": "Q355_R3_C1",
  "initial_query": "'GCC BAN' 'Qatar' 'GCC' country job vacation person leaving return are dont",
  "relaxed_query": "'GCC BAN' 'Qatar' 'GCC' country job vacation person leaving return are dont",
  "links": [
    "http://www.arabnews.com/news/756686",
    "https://www.theguardian.com/world/2017/jun/05/saudi-arabia-and-bahrain-break-diplomatic-ties-with-qatar-over-terrorism",
    "https://www.nytimes.com/2017/06/05/world/middleeast/qatar-saudi-arabia-egypt-bahrain-united-arab-emirates.html",
    "http://lifeinsaudiarabia.net/blog/2014/07/04/working-in-gcc-countries-after-expiry/",
    "http://www.hindustantimes.com/world-news/libya-and-yemen-join-four-arab-nations-in-severing-ties-with-qatar-as-gulf-crisis-deepens/story-1kQV83P3lyPooCgS5V2jUJ.html",
    "http://www.qatarday.com/blog/legal/i-am-blacklisted-in-qatar-can-i-enter/12654",
    "http://www.expat.com/forum/viewtopic.php?id=322279",
    "http://www.hindustantimes.com/opinion/gulf-crisis-don-t-panic-qatar-situation-is-far-from-apocalyptic-opinion/story-jVZq18eqTjPeFIhXpyXXkM.html",
    "https://en.wikipedia.org/wiki/Migrant_workers_in_the_Gulf_region",
    "https://www.quora.com/Am-I-allowed-to-travel-to-other-GCC-countries-if-I-have-a-UAE-bank-loan-ban"
  ],
  "snippets": [
    "Jun 4, 2015 ... RIYADH: Expats who leave Saudi Arabia on re-entry visas and fail to return \nbefore their expiry will be banned from re-entering the Kingdom for 3 ... itself.....\nthere is no re-entry visa for expats working in other gulf countries ... with an \nanother employment visa only or that person would not be allowed to enter\u00a0...",
    "Jun 5, 2017 ... The Gulf has been hit by its biggest diplomatic crisis in years after ... to leave \nEgypt, and ordered its own charg\u00e9 d'affaires in Qatar to return to Cairo within 48 \nhours. ... the country \u2013 joined the move to break relations, as did the Maldives ... It \nalso banned all Qatar flagged vessels from is ports and lorries due\u00a0...",
    "Jun 5, 2017 ... On Monday, five countries in the region announced that they were forcing ... \nwhich has 250,000 people working there, ordered their citizens to leave Qatar. ... \nto leave some Persian Gulf countries where they had been posted. ... Qatar \nAirways was banned from Saudi airspace. ..... Don't have an account?",
    "Jul 4, 2014 ... Can I work in GCC countries after Expiry of my Saudi Exit Re-Entry Visa? ... You \ncan easily process your visa for Qatar while you are on vacation. ... If I go on exit \nre-entry visa and don't come back, they will ban me for 3 years. ... After 2 months \nhe applied for another Gulf state to find a new job and been\u00a0...",
    "Jun 6, 2017 ... The Arab world's strongest powers cut ties with Qatar over alleged ... A man \nwalks past Qatar Airways office in Manama, Bahrain, on June 5. ... by the \ncountries that are key players in OPEC and the Gulf Cooperation Council (GCC). \n... Qatar's envoy to Egypt was also told to leave in two days. .... don't miss.",
    "GCC Wide Ban on Deported Expatriates of GCC Countries ... contract and you \nabscond ( you return to your home country for a vacation and did not come back).",
    "I don't care about ban here, as I do not plan to come back to saudi arab in near \nfuture. ... GCC countries had a plan in the books to cooperate in terms of bans ... \nhave a valid visa from UAE / Qatar normally KSA does not give visa. ..... Deported \nfrom KSA- can that person re enter? .... Are you leaving already ?",
    "Jun 6, 2017 ... The latest crisis in the Gulf was triggered after seven countries cut ties with ... \nPeople walk past the Qatar Airways branch in the Saudi capital Riyadh, after ... \nIt's two years since I returned from the desert kingdom after 12 years there, but ... \nIndians with blue-collar jobs earn enough to take care of themselves.",
    "Migrant workers in the Gulf region involves the prevalence of migrant workers in \nthe Kingdom of ... All of the GCC countries are dependent on migrant labor to \nbolster and ... In Bahrain, Oman, Qatar and the UAE, the majority of the \npopulation .... the return of approximately 70.000 people to their respective \ncountries of origin.",
    "Normally you can travel across GCC countries even if you failed to pay back the \nloan in ... There are tons of people who are trying to make money online, \nincluding myself. ... you can not leave country ,untill and unless you settle the \nloan amount . ... How do I know about my passport ban in UAE for all GCC \ncountry when the\u00a0..."
  ],
  "displayUrl": [
    "www.arabnews.com",
    "www.theguardian.com",
    "www.nytimes.com",
    "lifeinsaudiarabia.net",
    "www.hindustantimes.com",
    "www.qatarday.com",
    "www.expat.com",
    "www.hindustantimes.com",
    "en.wikipedia.org",
    "www.quora.com"
  ]
}