{
  "id": "Q356_R53_C6",
  "initial_query": "'iPhone' 'Mobile' 'EDGE' help everything range username please cracked go fine",
  "relaxed_query": "'iPhone' 'Mobile' 'EDGE' help everything range username please cracked go fine",
  "links": [
    "https://www.imore.com/iphone-upgrade-program-faq-everything-you-need-know",
    "http://www.cracked.com/article_20569_6-freaky-things-your-body-does-explained-by-science.html",
    "http://www.iphonefaq.org/archives/97720",
    "https://gs6.gadgethacks.com/news/if-you-have-galaxy-s6-edge-do-not-use-feature-0161570/",
    "https://spectrum.ieee.org/telecom/wireless/why-mobile-voice-quality-still-stinksand-how-to-fix-it",
    "https://www.consumerreports.org/cro/2014/04/5-steps-to-protect-your-smart-phone-against-theft-or-loss/index.htm",
    "https://www.o2.co.uk/shop/like-new",
    "https://www.ifixit.com/Answers/View/199475/Proximity+sensor+not+working+after+iPhone+6+screen+swap.",
    "https://www.gazelle.com/how-to/iphone/condition-assessment",
    "https://www.wired.com/2016/03/fbi-now-says-may-crack-iphone-without-apples-help/"
  ],
  "snippets": [
    "Sep 14, 2017 ... Considering joining Apple's new iPhone Upgrade Program when you pick ... \niPhone after you drown your old one or $29 for a cracked screen. ... Fees range \nin price from $5 to $10, but are different in each region. .... I pre-ordered a full-\npriced phone but now I want to go the Upgrade ..... Thanks for your help.",
    "Aug 16, 2013 ... If you've never tried it, go do it now. Brush your teeth (with ... \"Stabbing didn't help, \nnow I just taste blood!\" ... At first, you may think you're fine.",
    "These problems include the inability to connect to Wi-Fi, 3G and/or Edge, lack of \npush ... Everything worked fine the first few days, but then the wifi started messing \nup, and now it ... I saw the postings about using wififofum, but when I go there \nthere are iOS 5 Update Warnings ... please help me set my phone wifi tecno Q1.",
    "Apr 24, 2015 ... I picked up my Galaxy S6 Edge on release day and have loved it ever ... What's \nNew in iOS 11? ... Sure you can call Samsung and go through factory resetting \nand ... If your axes are responding fine but you're experiencing issues with .... I \nhave galaxy 6 Edge T-Mobile and my phone feels hot after 15-20\u00a0...",
    "Sep 30, 2014 ... Upgrading cellular networks to provide high-quality voice service is now .... need \nto hear a wider range of wavelengths to fully understand speech. ... This \nunreliability helps explain why VoIP calls can sometimes sound ... Eventually, if \nthe carriers get their way, the old circuit-switched networks will go dark.",
    "We were able to go from a sleeping screen to the desktop in about a second. ... \nway home can help you find and protect that phone should it go missing. ... For \nthe app to be useful, the phone must be turned on and have a cellular or Wi-Fi ... \nApple took smart phone protection a step further on its iPhone models that run \niOS 7\u00a0...",
    "A great range of quality second-hand phones you can be sure of, for less. ... sort \nthem into our grading system - Perfect, Almost Perfect and Perfectly Fine. You'll \nget a USB charger and sim pin (for iPhones), you just need to take care of things \nlike a headset ... Buy a Like New phone on Pay As You Go. ... No cracks on \nscreen.",
    "After having repaired quite a few Iphone 6s now I've found a ... (Auto adjusting \nbrightness) everything except turning the screen off ... top portion of screen is \nkinda sticking out of the frame please help! ..... The goal is to lift the proximity \nsensor out of it's hold and then go .... hi there. there is a fine solution.",
    "First, remove any screen protectors, skins, or cases from the iPhone body. ... \nBefore you assess the cosmetic condition of your iPhone's screen and body, ... If \nyou're in range of any Wi-Fi networks, the service names will be displayed ... \nScreen defects in this category include a cracked, chipped, or shattered ... Need \nHelp?",
    "Mar 21, 2016 ... But it now says it may not need Apple's assistance to crack the device ... How the \nFeds Could Get Into iPhones Without Apple's Help ... on knowing everything \nabout the method\u2014including who the third party is that .... (If you haven't updated \niOS on your iPhone or iPad yet\u2014go do that first.) .... Text Edge Style."
  ],
  "displayUrl": [
    "www.imore.com",
    "www.cracked.com",
    "www.iphonefaq.org",
    "gs6.gadgethacks.com",
    "spectrum.ieee.org",
    "www.consumerreports.org",
    "www.o2.co.uk",
    "www.ifixit.com",
    "www.gazelle.com",
    "www.wired.com"
  ]
}