{
  "id": "Q358_R40_C6",
  "initial_query": "'Doha' woman exit kids visa love relocate photograph good",
  "relaxed_query": "'Doha' woman exit kids visa love relocate photograph good",
  "links": [
    "http://www.telegraph.co.uk/expat/before-you-go/moving-guide-10-things-to-know-before-relocating-to-qatar/",
    "https://www.hziegler.com/articles/qatar-faq.html",
    "http://www.telegraph.co.uk/expat/before-you-go/10418066/Going-solo-in-the-Gulf-what-single-women-need-to-know.html",
    "https://www.gov.uk/guidance/living-in-saudi-arabia",
    "https://www.internations.org/qatar-expats/guide/moving-to-qatar-15417/visa-requirements-for-qatar-2",
    "https://dohanews.co/facing-jail-unmarried-pregnant-women-in-qatar-left/",
    "http://www.twobadtourists.com/2014/07/18/how-to-apply-for-a-long-term-residence-visa-in-spain/",
    "https://www.onlineqatar.com/living/laws-regulations.aspx",
    "https://www.theguardian.com/global-development/2014/feb/26/qatar-foreign-workers-slave-conditions",
    "https://matadornetwork.com/abroad/9-rules-for-expats-in-qatar/"
  ],
  "snippets": [
    "Oct 15, 2015 ... Doha Airport' ... reunions and the dawning of years of separation from loved ones\n. ... Successfully sponsored spouses and children are brought into Qatar on a \nspecial entry visa, and are then .... Women walking in a mall in Qatar ... A veteran \nof Qatar expat life, she reckons it's best to land with your eyes\u00a0...",
    "Both men and women can drive in Qatar. ... Doha also has countless cheap, \ncheerful, and clean restaurants that serve quality food. ... sounds in a number of \nhotel discos, each with their own ambience and the best of DJs around. .... Yes, \nbut a multiple exit and re-entry visa cannot be purchased until after the employee \nhas\u00a0...",
    "Nov 4, 2013 ... Our writer gathers tips for women thinking of moving alone to the ... It pays to be \nprepared Photo: Getty Images ... Make the expat move with a spouse and \nchildren in tow, and you'll ... \"I had my bottom pinched in the supermarket on my \nvery first evening in Doha. .... Check you have good medical insurance.",
    "Mar 25, 2013 ... Women considering relocating to Saudi Arabia should be aware ... while \nunmarried women and children require the permission of their ... On leaving \nSaudi Arabia after living here, you will need to obtain a final exit visa. .... It is \nforbidden to photograph official buildings (government, military institutions, etc.)\u00a0...",
    "A whole article dedicated to visa requirements for Qatar: Find more information ... \nInterNations offers you advice on all things related to moving to Qatar \u2013 from ... \nAbout 70% of Qatar's population lives in Doha, the capital city. ... Exit Visa for \nQatar ... Women and children can be sponsored by their husband or father and \ndo not\u00a0...",
    "Aug 27, 2013 ... Facing jail, unmarried pregnant women in Qatar left with hard ... Sharing her story \nwith Doha News, the former domestic worker said that despite her best ... Later, \nwhen she began showing, she feared asking her sponsor for an exit permit. \nWhen she moved here, she paid a Qatari for her visa, an illegal\u00a0...",
    "Jul 18, 2014 ... How to apply for a long term or long stay Spanish Residency Visa. Tips on how to \nmove to Spain with a non lucrative Spanish Visa. ... the Miami consulate has \ngood details and states that you can provide a lease, property ... The same \napplies to any children you're bringing, except the extra document would\u00a0...",
    "Qatar grants tourist and visit visas at border points for nationals of more than 33 \ncountries. ... Qatar, without taking permission in the form of exit visas obtained by \ntheir employer / sponsor. ... The ID card is not required for children below 18 \nyears of age. .... If you treats him good and gentle he can not go to disgusting \nwoman.",
    "Feb 26, 2014 ... Revelations of mistreatment of maids and cleaners add to picture of widespread \n... Qatari women with their children and housemaid strolling in Doha. ... holidays \nand freedom to move jobs, a Guardian investigation can reveal. .... then the \nperpetrator has total power and refuses to sign an exit visa, so they\u00a0...",
    "Jul 28, 2012 ... Photo: Nono Fara ... The exception is when greeting: In Qatar, men and women \ngreet friends ... an exit permit, which you must present at customs with your \npassport. ... is on the road, because traffic in Doha is absolutely horrendous. ... \nAnd life here is good \u2014 the weather's nice, we don't pay taxes, and the\u00a0..."
  ],
  "displayUrl": [
    "www.telegraph.co.uk",
    "www.hziegler.com",
    "www.telegraph.co.uk",
    "www.gov.uk",
    "www.internations.org",
    "dohanews.co",
    "www.twobadtourists.com",
    "www.onlineqatar.com",
    "www.theguardian.com",
    "matadornetwork.com"
  ]
}