{
  "id": "Q358_R40_C4",
  "initial_query": "'Doha' 'Doha America' 'EXIT PERMIT' woman bu visa kids love photograph relocate american",
  "relaxed_query": "'Doha' 'Doha America' 'EXIT PERMIT' woman bu visa kids love photograph relocate american",
  "links": [
    "http://www.telegraph.co.uk/expat/before-you-go/moving-guide-10-things-to-know-before-relocating-to-qatar/",
    "https://www.gov.uk/guidance/living-in-saudi-arabia",
    "https://matadornetwork.com/abroad/9-rules-for-expats-in-qatar/",
    "https://dohanews.co/facing-jail-unmarried-pregnant-women-in-qatar-left/",
    "https://www.hziegler.com/articles/qatar-faq.html",
    "http://www.twobadtourists.com/2014/07/18/how-to-apply-for-a-long-term-residence-visa-in-spain/",
    "https://www.quora.com/What-is-it-like-to-live-and-work-in-Doha-Qatar-Whats-the-social-atmosphere-like",
    "http://www.greataupair.com/Nanny_Jobs_Work/Babysitter_Tutor_AuPair/British-N.htm",
    "http://wikitravel.org/en/Iran",
    "https://www.onlineqatar.com/living/laws-regulations.aspx"
  ],
  "snippets": [
    "Oct 15, 2015 ... Doha Airport' ... reunions and the dawning of years of separation from loved ones\n. ... Successfully sponsored spouses and children are brought into Qatar on a \nspecial entry visa, and ... including US citizens, have to take a Qatari driving test \nbefore taking to ... Exit permits ... Women walking in a mall in Qatar.",
    "Mar 25, 2013 ... Women considering relocating to Saudi Arabia should be aware ... women who \nare the unmarried daughters of Saudi fathers, children ... permit (Iqama), a visitor \nvisa, or a business visa and reside in Saudi ... Saudi Arabia after living here, you \nwill need to obtain a final exit visa. ..... Help us improve GOV.UK.",
    "Jul 28, 2012 ... Photo: Nono Fara ... The exception is when greeting: In Qatar, men and women \ngreet ... of a letter if you want to buy a car, take out a loan, or rent an apartment. ... \nexit permit, which you must present at customs with your passport. ... is on the \nroad, because traffic in Doha is absolutely horrendous. ... Follow Us.",
    "Aug 27, 2013 ... When she moved here, she paid a Qatari for her visa, an illegal ... Doha News \nwas contacted by another woman in a similar position last year, who was ... She \ntoo had difficulty obtaining an exit permit and also wanted to remain ... visited \nthem in Qatar around the same time, an embassy source has told us.",
    "The climate is characterized by a mild winter and a hot summer. ... Both men and \nwomen can drive in Qatar. A Qatar driving license is required to drive after your \nfirst week in the country. ... But it is more complicated for Americans. ... Doha also \nhas countless cheap, cheerful, and clean restaurants that serve quality food.",
    "Jul 18, 2014 ... Tips on how to move to Spain with a non lucrative Spanish Visa. ... visa,\u201d or \nbasically a visa which allows Americans moving to Spain to live there without \nworking. ... Passport Photos \u2013 You must submit two passport photos with your ... \nwhich is essentially the application for the Spain residence permit.",
    "I can't beat Brett's description, only validate it and maybe add a bit of my own \npersonal story. ... Let me begin by saying that my experience is that of a middl. ... \nwhite male working in a white collar job for an American-managed establishment. \n... RESIDENT PERMIT: For getting a resident permit in Doha, you need to \nundergo a\u00a0...",
    "au pair needed for a funny family with 3 kids, 2465622 ... old baby girl, we are \nlooking for a live-in Nanny to help us with our baby. .... I can't provide a visa if you \nhave no right to work in the UK I'm sorry to say first. .... He is an engineer by trade \nand loves to kitesurf and travel. ..... CHECK ALL OF OUR PHOTOS PLEASE.",
    "It is bordered by Iraq to the west, Turkey, Azerbaijan's Naxcivan enclave, ... That \nleft the Americans, and he became one of America's most important ..... Exit \npermits required by all (often included with visa). ... flights to Iran and provides \nnon-stop service to Doha from to many US cities. ..... moving sands dunes in \nVarzaneh.",
    "Qatar grants tourist and visit visas at border points for nationals of more than ... \nQatar has restrictions for HIV/AIDS visitors, and does not permit individuals ... \nwithout taking permission in the form of exit visas obtained by their employer / \nsponsor. .... Hello, I am a Canadian woman, my bf soon to be husband is living in \ndoha,\u00a0..."
  ],
  "displayUrl": [
    "www.telegraph.co.uk",
    "www.gov.uk",
    "matadornetwork.com",
    "dohanews.co",
    "www.hziegler.com",
    "www.twobadtourists.com",
    "www.quora.com",
    "www.greataupair.com",
    "wikitravel.org",
    "www.onlineqatar.com"
  ]
}