{
  "id": "Q358_R40_C10",
  "initial_query": "'Doha' 'American' woman exit kids visa need love photograph middle",
  "relaxed_query": "'Doha' 'American' woman exit kids visa need love photograph middle",
  "links": [
    "http://www.telegraph.co.uk/expat/before-you-go/10418066/Going-solo-in-the-Gulf-what-single-women-need-to-know.html",
    "https://dohanews.co/facing-jail-unmarried-pregnant-women-in-qatar-left/",
    "https://www.gov.uk/guidance/living-in-saudi-arabia",
    "http://www.npr.org/sections/thetwo-way/2017/01/29/512272524/of-courts-and-confusion-heres-the-reaction-to-trumps-immigration-freeze",
    "https://www.hziegler.com/articles/qatar-faq.html",
    "http://www.greataupair.com/Nanny_Jobs_Work/Babysitter_Tutor_AuPair/British-N.htm",
    "https://www.theguardian.com/global-development/2014/feb/26/qatar-foreign-workers-slave-conditions",
    "http://smartraveller.gov.au/Countries/middle-east/Pages/united_arab_emirates.aspx",
    "https://matadornetwork.com/abroad/9-rules-for-expats-in-qatar/",
    "http://www.expressen.se/nyheter/the-truth-about-the-luxury-of-qatar-airways/"
  ],
  "snippets": [
    "Nov 4, 2013 ... Our writer gathers tips for women thinking of moving alone to the United Arab ... It \npays to be prepared Photo: Getty Images ... Make the expat move with a spouse \nand children in tow, and you'll slot ... \"I had my bottom pinched in the supermarket \non my very first evening in Doha. .... Middle East \u00bb ... US News.",
    "Aug 27, 2013 ... Facing jail, unmarried pregnant women in Qatar left with hard choices ... Later, \nwhen she began showing, she feared asking her sponsor for an exit permit. \nWhen she moved here, she paid a Qatari for her visa, an illegal transaction ... \nthrough carries out regular pregnancy tests, an embassy source told us.",
    "Mar 25, 2013 ... The essential regulations, laws and social customs you need to ... to Saudi \nArabia should be aware that women and children residing in ... There are \ncomplex visa requirements for entering and exiting Saudi .... It is forbidden to \nphotograph official buildings (government, military .... Help us improve GOV.UK.",
    "Jan 29, 2017 ... But chaos has roiled U.S. airports, and family members and foreign leaders ... \ncountries, as well as all refugees, from entering the U.S. \u2014 was blocked in part .... \nneed to fly instead to Doha, Qatar, or risk losing green cards and visas. ... have \nsuffered unspeakable horrors, most of them women and children.\".",
    "A Qatar driving license is required to drive after your first week in the country. ... \nFor around QR20 (US$6) you can enjoy Arabian grills, local fish, local sweet ... \nDoha Golf Club boasts one of the finest golf grounds in the Middle East, which \nhas .... Yes, but a multiple exit and re-entry visa cannot be purchased until after \nthe\u00a0...",
    "au pair needed for a funny family with 3 kids, 2465622 ... Hello there, We have a \n16 month old baby girl, we are looking for a live-in Nanny to help us with our \nbaby. .... We are a very caring and loving family, and we are looking for an au ... I \ncan't provide a visa if you have no right to work in the UK I'm sorry to say first. I \nhave a\u00a0...",
    "Feb 26, 2014 ... Revelations of mistreatment of maids and cleaners add to picture of widespread \n... US edition ... Qatari women with their children and housemaid strolling in Doha\n. .... \"If you want to give an off day, let them rest at your house,\" an Al ... and then \nthe perpetrator has total power and refuses to sign an exit visa,\u00a0...",
    "Visas. Visa and other entry and exit conditions (such as currency, customs and \nquarantine ... Carry copies of a recent passport photo with you in case you need \na\u00a0...",
    "Jul 28, 2012 ... Photo: Nono Fara ... The exception is when greeting: In Qatar, men and women \ngreet ... Ever tried to watch The Reader in the Middle East? ... You need \npermission from your employer in the form of a letter if you want to ... an exit \npermit, which you must present at customs with your passport. .... Follow Us.",
    "Feb 3, 2014 ... Qatar Airways is a rapidly expanding airline based in Doha. .... A pledge to stay \nsingle for five years, that permission from CEO Akbar Al Baker is required to \nmarry as a ... When the next girl shows up for a planned interview at 12.30, it is ... \nFlight attendants, on the other hand, must request an exit visa for\u00a0..."
  ],
  "displayUrl": [
    "www.telegraph.co.uk",
    "dohanews.co",
    "www.gov.uk",
    "www.npr.org",
    "www.hziegler.com",
    "www.greataupair.com",
    "www.theguardian.com",
    "smartraveller.gov.au",
    "matadornetwork.com",
    "www.expressen.se"
  ]
}