{
  "id": "Q358_R40_C2",
  "initial_query": "'Doha' woman kids exit visa love qatar relocate free",
  "relaxed_query": "'Doha' woman kids exit visa love qatar relocate free",
  "links": [
    "http://www.telegraph.co.uk/expat/before-you-go/moving-guide-10-things-to-know-before-relocating-to-qatar/",
    "https://www.hziegler.com/articles/qatar-faq.html",
    "http://www.telegraph.co.uk/expat/expatlife/11822590/Working-in-Qatar-opportunities-for-women.html",
    "https://www.internations.org/qatar-expats/guide/moving-to-qatar-15417/visa-requirements-for-qatar-2",
    "http://www.expressen.se/nyheter/the-truth-about-the-luxury-of-qatar-airways/",
    "https://www.internations.org/qatar-expats/guide/working-in-qatar-15419/sponsorship-and-work-contracts-in-qatar-3",
    "https://www.onlineqatar.com/living/laws-regulations.aspx",
    "https://dohanews.co/facing-jail-unmarried-pregnant-women-in-qatar-left/",
    "https://blogs.jobs.ac.uk/working-in-the-middle-east/2012/01/22/employment-packages/",
    "https://www.theguardian.com/global-development/2014/feb/26/qatar-foreign-workers-slave-conditions"
  ],
  "snippets": [
    "Oct 15, 2015 ... Doha Airport' ... reunions and the dawning of years of separation from loved ones\n. ... Successfully sponsored spouses and children are brought into Qatar on a \nspecial entry visa, and are ... in Qatar, school places regularly become free \nthroughout the year. ... Exit permits ... Women walking in a mall in Qatar.",
    "Both men and women can drive in Qatar. ... Doha also has countless cheap, \ncheerful, and clean restaurants that serve .... What does \"tax-free income\" mean? \n... ties to Canada (e.g., spouse, dependent children, non-investment property, etc.\n). ... Yes, but a multiple exit and re-entry visa cannot be purchased until after the\u00a0...",
    "Aug 26, 2015 ... We were moving out to Qatar based on my husband's new job, and I had ... While \nmany women arrive in Qatar as I did, with a husband and often children in tow, ... \nThe country is not crime free and women should take care when out and ... as \nDoha News, I Love Qatar, Expat Woman and Qatar Living are all\u00a0...",
    "A whole article dedicated to visa requirements for Qatar: Find more ... Join now, \nit's free ... InterNations offers you advice on all things related to moving to Qatar \u2013 \nfrom ... All expats need an exit visa before leaving Qatar. ... Women and children \ncan be sponsored by their husband or father and do not require an exit visa.",
    "Feb 3, 2014 ... Qatar Airways is a rapidly expanding airline based in Doha. ... Others might think \nthat I should drop what happened and move on. .... When the next girl shows up \nfor a planned interview at 12.30, it is clear that Saga was in fact ... Flight \nattendants, on the other hand, must request an exit visa for every trip.",
    "Read all about work contracts and sponsorship requirements for Qatar in the ... to \nissue the necessary exit visa which allows expats to leave Qatar or ban them ... \nWhile all salary payments are tax free, the cost of living can be comparatively \nhigh. ... InterNations offers you advice on all things related to moving to Qatar \u2013 \nfrom\u00a0...",
    "Qatar grants tourist and visit visas at border points for nationals of more than 33 \ncountries. ... players, cosmetics and lighters are considered duty-free goods in \nQatar. ... should only hold Qatari citizenship, and enter and exit on a Qatari \npassport. .... Hello, I am a Canadian woman, my bf soon to be husband is living in \ndoha,\u00a0...",
    "Aug 27, 2013 ... Facing jail, unmarried pregnant women in Qatar left with hard choices ... Anne is \ncradling her fourth child, an eight-month-old girl with an engaging smile who ... \nLater, when she began showing, she feared asking her sponsor for an exit permit\n. When she moved here, she paid a Qatari for her visa, an illegal\u00a0...",
    "Jan 22, 2012 ... Healthcare is not free, you must purchase a (very reasonably priced) ..... A basic \nsalary of 5000USD for a single woman seems ok to me but that is only my \nopinion. ... I'm due to move out to Doha to work as an Engineer with my 5 year \nchild. .... It is true that in order to leave Qatar, one must have an exit visa.",
    "Feb 26, 2014 ... Qatari women with their children and housemaid strolling in Doha. ... holidays \nand freedom to move jobs, a Guardian investigation can reveal. ... \"Don't give \nthem free days outside because there is more problems outside. ... then the \nperpetrator has total power and refuses to sign an exit visa, so they end up\u00a0..."
  ],
  "displayUrl": [
    "www.telegraph.co.uk",
    "www.hziegler.com",
    "www.telegraph.co.uk",
    "www.internations.org",
    "www.expressen.se",
    "www.internations.org",
    "www.onlineqatar.com",
    "dohanews.co",
    "blogs.jobs.ac.uk",
    "www.theguardian.com"
  ]
}