{
  "id": "Q358_R40_C8",
  "initial_query": "'Doha' 'Qatar' 'Vsit Visa' woman exit kids travel need love photograph american",
  "relaxed_query": "'Doha' 'Qatar' 'Vsit Visa' woman exit kids travel need love photograph american",
  "links": [
    "http://www.telegraph.co.uk/expat/before-you-go/moving-guide-10-things-to-know-before-relocating-to-qatar/",
    "https://www.onlineqatar.com/living/laws-regulations.aspx",
    "https://www.hziegler.com/articles/qatar-faq.html",
    "https://matadornetwork.com/abroad/9-rules-for-expats-in-qatar/",
    "http://www.npr.org/sections/thetwo-way/2017/01/29/512272524/of-courts-and-confusion-heres-the-reaction-to-trumps-immigration-freeze",
    "https://www.theguardian.com/global-development/2014/feb/26/qatar-foreign-workers-slave-conditions",
    "https://www.internations.org/qatar-expats/guide/moving-to-qatar-15417/visa-requirements-for-qatar-2",
    "http://smartraveller.gov.au/Countries/middle-east/Pages/united_arab_emirates.aspx",
    "https://dohanews.co/facing-jail-unmarried-pregnant-women-in-qatar-left/",
    "https://wikitravel.org/en/Cambodia"
  ],
  "snippets": [
    "Oct 15, 2015 ... Doha Airport' ... spouses and children are brought into Qatar on a special entry \nvisa, ... including US citizens, have to take a Qatari driving test before taking to ... \ncountry whenever they please, without the need for an exit permit. ... Women \nwalking in a mall in Qatar ... Also consider your annual travel costs.",
    "Qatar grants tourist and visit visas at border points for nationals of more than 33 ... \nThis information can be verified at http://www.qatarembassy.net/ before travel. ... \nto leave Qatar, without taking permission in the form of exit visas obtained by their \n.... for us to get residency, and will I have troubles being a canadian woman.",
    "Both men and women can drive in Qatar. ... Doha also has countless cheap, \ncheerful, and clean restaurants that serve quality food. For around QR20 (US$6) \nyou can enjoy Arabian grills, local fish, local sweet ... When traveling abroad one \nshould always register with one's embassy or ... Do I need a visa to work in Qatar\n?",
    "Jul 28, 2012 ... The exception is when greeting: In Qatar, men and women greet friends of the \nsame sex with three kisses on the cheek. It's not uncommon for\u00a0...",
    "Jan 29, 2017 ... But chaos has roiled U.S. airports, and family members and foreign ... might ban \ntravel by refugees, the couple told NPR's David Schaper. ... and told them they \nwould need to fly instead to Doha, Qatar, or risk losing green cards and visas. ... \nsuffered unspeakable horrors, most of them women and children.\".",
    "Feb 26, 2014 ... Revelations of mistreatment of maids and cleaners add to picture of ... US edition \n... Qatari women with their children and housemaid strolling in Doha. .... said he \nwas told during his eight-day visit to Doha in November that if some ... and then \nthe perpetrator has total power and refuses to sign an exit visa,\u00a0...",
    "A whole article dedicated to visa requirements for Qatar: Find more information \non visa applications and ... All expats need an exit visa before leaving Qatar.",
    "Visas. Visa and other entry and exit conditions (such as currency, customs and \nquarantine ... Carry copies of a recent passport photo with you in case you need \na\u00a0...",
    "Aug 27, 2013 ... Facing jail, unmarried pregnant women in Qatar left with hard choices ... of \nQatar's laws \u2013 delivering a baby at home, and giving birth to an illegitimate child. \nSharing her story with Doha News, the former domestic worker said that ... When \nshe moved here, she paid a Qatari for her visa, an illegal transaction\u00a0...",
    "In total, the US dropped 2.7 million tonnes of bombs on Cambodia from 1964 to \n1973, more than .... doesn't seem to be applied at all entry/exit ports, as well as \nfor children. ... Philippines, Laos, Thailand and Vietnam need a visa to enter \nCambodia. ... If you don't have a passport photo at visa on arrival in Phnom Penh \nairport\u00a0..."
  ],
  "displayUrl": [
    "www.telegraph.co.uk",
    "www.onlineqatar.com",
    "www.hziegler.com",
    "matadornetwork.com",
    "www.npr.org",
    "www.theguardian.com",
    "www.internations.org",
    "smartraveller.gov.au",
    "dohanews.co",
    "wikitravel.org"
  ]
}