{
  "id": "Q358_R40_C7",
  "initial_query": "'Doha' 'Qatar' woman kids exit visa exit love photograph free",
  "relaxed_query": "'Doha' 'Qatar' woman kids exit visa exit love photograph free",
  "links": [
    "http://www.telegraph.co.uk/expat/expatlife/10053737/Moving-guide-10-things-to-know-before-relocating-to-Qatar.html",
    "https://www.hziegler.com/articles/qatar-faq.html",
    "https://www.onlineqatar.com/living/laws-regulations.aspx",
    "https://www.theguardian.com/global-development/2014/feb/26/qatar-foreign-workers-slave-conditions",
    "http://www.expressen.se/nyheter/the-truth-about-the-luxury-of-qatar-airways/",
    "https://www.internations.org/qatar-expats/guide/moving-to-qatar-15417/visa-requirements-for-qatar-2",
    "https://dohanews.co/facing-jail-unmarried-pregnant-women-in-qatar-left/",
    "https://matadornetwork.com/abroad/9-rules-for-expats-in-qatar/",
    "http://www.qatarairways.com/us/en/travelling-with-children.page",
    "http://www.iloveqatar.net/guide/getting-visa-qatar"
  ],
  "snippets": [
    "Oct 15, 2015 ... With hundreds of expats flooding into Qatar every day, British ... Doha Airport's \narrivals terminal is not somewhere I like to linger for long. ... spouses and children \nare brought into Qatar on a special entry visa, and are ... to apply for annual \u201cmulti\n-exit permits\u201d, meaning that they are free to ... Women's rights.",
    "Both men and women can drive in Qatar. ... Doha also has countless cheap, \ncheerful, and clean restaurants that serve quality food ... Taking of photographs \ncan be sensitive; ask permission and avoid secure ... What does \"tax-free income\n\" mean? ... Yes, but a multiple exit and re-entry visa cannot be purchased until \nafter the\u00a0...",
    "Living in Doha Qatar ... Here are some basic laws followed in the State of Qatar. \n... the list of non-visa categories, will have to obtain a Tourist Visa in advance \nthrough their ... players, cosmetics and lighters are considered duty-free goods in \nQatar. ... should only hold Qatari citizenship, and enter and exit on a Qatari \npassport.",
    "Feb 26, 2014 ... Revelations of mistreatment of maids and cleaners add to picture of ... Qatari \nwomen with their children and housemaid strolling in Doha. .... \"Don't give them \nfree days outside because there is more problems outside. ... or rape and then \nthe perpetrator has total power and refuses to sign an exit visa, so they\u00a0...",
    "Feb 3, 2014 ... Qatar Airways is a rapidly expanding airline based in Doha. .... When the next girl \nshows up for a planned interview at 12.30, it is clear that Saga was in fact \npunctual. This is ... Flight attendants, on the other hand, must request an exit visa \nfor every trip. .... They are photographs from the surveillance camera.",
    "A whole article dedicated to visa requirements for Qatar: Find more information \non visa ... Join now, it's free ... About 70% of Qatar's population lives in Doha, the \ncapital city. ... All expats need an exit visa before leaving Qatar. ... Women and \nchildren can be sponsored by their husband or father and do not require an exit \nvisa.",
    "Aug 27, 2013 ... When we meet, Anne is cradling her fourth child, an eight-month-old girl with an \n... When she moved here, she paid a Qatari for her visa, an illegal ... \u201cI didn't think \nhe'd have let me go,\u201d she said about not asking for an exit permit. ... Doha News \nwas contacted by another woman in a similar position last year,\u00a0...",
    "Jul 28, 2012 ... The exception is when greeting: In Qatar, men and women greet friends of the ... \nto grant you an exit permit, which you must present at customs with your passport. \n... Ergo, all photo-taking devices must be checked at the door. ... is a problem is \non the road, because traffic in Doha is absolutely horrendous.",
    "Travelling with children on Qatar Airways is made easier with priority boarding, \ncourtesy baby strollers and an indoor play area at Doha airport. Children ... Sign \nUp You are now exiting Qatar Airways U.S website.Linked .... Your children will \nlove the indoor activity nodes at the Hamad International Airport passenger \nterminal.",
    "Getting a Visa to go to Qatar couldn't be easier! Wait times are between 1-3 ... Exit \npermits are not required for children and female dependants. (information from\u00a0..."
  ],
  "displayUrl": [
    "www.telegraph.co.uk",
    "www.hziegler.com",
    "www.onlineqatar.com",
    "www.theguardian.com",
    "www.expressen.se",
    "www.internations.org",
    "dohanews.co",
    "matadornetwork.com",
    "www.qatarairways.com",
    "www.iloveqatar.net"
  ]
}