{
  "id": "Q358_R40_C3",
  "initial_query": "'Doha' woman kids exit visa love relocate photograph american",
  "relaxed_query": "'Doha' woman kids exit visa love relocate photograph american",
  "links": [
    "http://www.telegraph.co.uk/expat/before-you-go/moving-guide-10-things-to-know-before-relocating-to-qatar/",
    "https://www.hziegler.com/articles/qatar-faq.html",
    "http://www.telegraph.co.uk/expat/before-you-go/10418066/Going-solo-in-the-Gulf-what-single-women-need-to-know.html",
    "https://www.gov.uk/guidance/living-in-saudi-arabia",
    "https://www.theguardian.com/global-development/2014/feb/26/qatar-foreign-workers-slave-conditions",
    "https://dohanews.co/facing-jail-unmarried-pregnant-women-in-qatar-left/",
    "https://www.internations.org/qatar-expats/guide/moving-to-qatar-15417/visa-requirements-for-qatar-2",
    "http://www.twobadtourists.com/2014/07/18/how-to-apply-for-a-long-term-residence-visa-in-spain/",
    "http://www.expressen.se/nyheter/the-truth-about-the-luxury-of-qatar-airways/",
    "https://www.onlineqatar.com/living/laws-regulations.aspx"
  ],
  "snippets": [
    "Oct 15, 2015 ... Doha Airport' ... reunions and the dawning of years of separation from loved ones\n. ... Successfully sponsored spouses and children are brought into Qatar on a \nspecial entry visa, and are ... including US citizens, have to take a Qatari driving \ntest before taking to the roads. ... Women walking in a mall in Qatar.",
    "Both men and women can drive in Qatar. ... Doha also has countless cheap, \ncheerful, and clean restaurants that serve quality food. For around QR20 (US$6) \nyou can enjoy Arabian grills, local fish, local sweet desserts and coffee. .... Yes, \nbut a multiple exit and re-entry visa cannot be purchased until after the employee \nhas\u00a0...",
    "Nov 4, 2013 ... Our writer gathers tips for women thinking of moving alone to the United Arab ... It \npays to be prepared Photo: Getty Images ... Make the expat move with a spouse \nand children in tow, and you'll slot relatively easily ... \"I had my bottom pinched in \nthe supermarket on my very first evening in Doha. .... US News.",
    "Mar 25, 2013 ... Women considering relocating to Saudi Arabia should be aware ... while \nunmarried women and children require the permission of their ... Saudi Arabia \nafter living here, you will need to obtain a final exit visa. .... It is forbidden to \nphotograph official buildings (government, military .... Help us improve GOV.UK.",
    "Feb 26, 2014 ... Revelations of mistreatment of maids and cleaners add to picture of ... US edition \n... Qatari women with their children and housemaid strolling in Doha. ... days off, \nholidays and freedom to move jobs, a Guardian investigation can reveal. .... then \nthe perpetrator has total power and refuses to sign an exit visa,\u00a0...",
    "Aug 27, 2013 ... Facing jail, unmarried pregnant women in Qatar left with hard choices ... Later, \nwhen she began showing, she feared asking her sponsor for an exit permit. \nWhen she moved here, she paid a Qatari for her visa, an illegal transaction ... \nthrough carries out regular pregnancy tests, an embassy source told us.",
    "A whole article dedicated to visa requirements for Qatar: Find more information \non ... InterNations offers you advice on all things related to moving to Qatar \u2013 from \ngeneral ... All expats need an exit visa before leaving Qatar. ... Women and \nchildren can be sponsored by their husband or father and do not require an exit \nvisa.",
    "Jul 18, 2014 ... Tips on how to move to Spain with a non lucrative Spanish Visa. ... Passport \nPhotos \u2013 You must submit two passport photos with your application \u2013 another \nsimple step. ... US Residency \u2013 If you're a US resident but not a citizen, there is \nan .... The same applies to any children you're bringing, except the extra\u00a0...",
    "Feb 3, 2014 ... Qatar Airways is a rapidly expanding airline based in Doha. ... Others might think \nthat I should drop what happened and move on. .... When the next girl shows up \nfor a planned interview at 12.30, it is clear that Saga was in fact ... Flight \nattendants, on the other hand, must request an exit visa for every trip.",
    "Qatar grants tourist and visit visas at border points for nationals of more than ... \nwithout taking permission in the form of exit visas obtained by their employer / \nsponsor. .... in doha, he will come here and we will marry and has asked if I will \nmove there ... for us to get residency, and will I have troubles being a canadian \nwoman."
  ],
  "displayUrl": [
    "www.telegraph.co.uk",
    "www.hziegler.com",
    "www.telegraph.co.uk",
    "www.gov.uk",
    "www.theguardian.com",
    "dohanews.co",
    "www.internations.org",
    "www.twobadtourists.com",
    "www.expressen.se",
    "www.onlineqatar.com"
  ]
}