{
  "id": "Q359_R13_C2",
  "initial_query": "'GNC' 'GNC Al Mana' 'Villagio' supplements shops anyone selection buy help used last",
  "relaxed_query": "'GNC' 'GNC Al Mana' 'Villagio' supplements shops anyone selection buy help used last",
  "links": [
    "https://world.openfoodfacts.org/brands",
    "http://dinis2.linguateca.pt/acesso/tokens/lista.formas.saocarlos.PROP.txt"
  ],
  "snippets": [
    "Food-town-stores-inc, 741. The-kroger- .... Selection-des-mousquetaires, 147. \nGood-delish .... Premier-nutrition-corporation, 99 ... Smart-final-iris-corporation, \n95.",
    "... Bradesco 619 Baggio 617 Otan 617 Houston 616 S\u00e1 615 Shopping 615 HIV ... \nFreud 558 AASP 557 Primeiro 557 em 556 Queiroz 556 Al 555 Ipanema 555 ..... \n138 Ives 138 Hendrix 138 Garros 138 Final 138 Ellen 138 ECT 138 Camata\u00a0..."
  ],
  "displayUrl": [
    "world.openfoodfacts.org",
    "dinis2.linguateca.pt"
  ]
}