{
  "id": "Q359_R13_C6",
  "initial_query": "'GNC' 'GNC York Sport Nutrition' 'York Sports Nutrition' road supplements shops anyone buy help workout/bodybuilding expensive",
  "relaxed_query": "'GNC' 'GNC York Sport Nutrition' 'York Sports Nutrition' road supplements shops anyone buy help workout/bodybuilding expensive",
  "links": [
    "http://www.gnc.com/mens-health-vitapaks/417211.html?productId=2134187",
    "https://www.maxmuscle.com/",
    "https://www.bodybuilding.com/store/weid/weid.htm",
    "http://www.independent.co.uk/life-style/health-and-families/features/protein-supplements-are-generating-huge-profits-but-do-they-really-help-you-slim-10311581.html",
    "https://www.completenutrition.com/",
    "https://www.walgreens.com/store/c/vitamins-and-supplements/ID=359441-tier1",
    "http://www.menshealth.com/health/best-supplements-for-men",
    "http://www.foxnews.com/health/2012/10/11/creatine-myths-and-facts.html",
    "https://www.walmart.com/c/kp/protein-powder",
    "http://www.wholefoodsmarket.com/blog/supplements"
  ],
  "snippets": [
    "There's no better nutritional weapon to fuel intense workouts. ... the most \nadvanced and highest quality bodybuilding nutrients, Animal Pak\u2122 is light years \nahead\u00a0...",
    "Find out how your real age compares to your fitness age. ... Get Your Free \nNUTRITION CONSULTATION LEARN MORE ... Find a Max Muscle Store Near \nYou.",
    "Need Help? Customer ... Main; Store; Shop By Brand; Weider ... Bodybuilding.\ncom Clothing ... Sports Nutrition & Workout Support .... Post Workout Recovery!* \n... prior to beginning any diet or exercise program or taking any dietary \nsupplement.",
    "Jun 10, 2015 ... \"Our level of nutritional understanding has increased rapidly in the past ... And for \nhigh-street health food store Holland & Barrett, protein ... \"Anyone taking part in \nexercise needs it to support the muscle ... Meanwhile, at GNC (General Nutrition \nCentre), Holland & Barrett's ..... 5 New York hotels for art lovers\u00a0...",
    "Nutritional Supplements to Support Your Weight Loss, Health and Fitness Goals. \nFind a Complete Nutrition retail store near you. Search from over 180 health\u00a0...",
    "Buy 1 Get 1 FREE. Walgreens ... NEW! Irwin Naturals Vitamins and Supplements. \nShop now ... Your vitamin purchase helps give life-changing vitamins to.",
    "Jun 26, 2012 ... What it does: Boron is not well-studied, but it seems to help the body process \nother ... Center for Health and Healing at Beth Israel Medical Center in New York. \n.... Where to get it: GNC Herbal Plus Standardized Feverfew, $18, gnc.com .... in \nthe Journal of the International Society of Sports Nutrition found that\u00a0...",
    "Oct 14, 2012 ... Creatine can help you build muscle mass without hitting the gym. ... Wanich, a \nsports medicine specialist at Montefiore Medical Center in New York. ... Athletics \nand editor in chief of Sports Nutrition: A Practice Manual for ... You'll see a bunch \nof different forms of creatine on your supplement store's shelves.",
    "Special Buy ... Ensure Original Nutrition Shake Powder with 9 grams of protein, \nMeal ... Pure Protein Rich Chocolate 100% Whey Protein Powder Nutritional \nSupplement, 28 oz ..... MLO Sports Nutrition Super High Protein Powder , 16 oz \n.... it to help you stay full throughout the day, consider a casein protein powder, \nwhich is\u00a0...",
    "Aug 8, 2017 ... Paired with a healthy diet, they can help keep the body strong and well by \nfocusing on ... The Whole Body sections of our stores have a wide variety of \nsupplement types, so if ... Whatever your workout, sports nutrition supplements (\nthink ..... New York, North Carolina, Ohio, Oklahoma, Oregon, Pennsylvania\u00a0..."
  ],
  "displayUrl": [
    "www.gnc.com",
    "www.maxmuscle.com",
    "www.bodybuilding.com",
    "www.independent.co.uk",
    "www.completenutrition.com",
    "www.walgreens.com",
    "www.menshealth.com",
    "www.foxnews.com",
    "www.walmart.com",
    "www.wholefoodsmarket.com"
  ]
}