{
  "id": "Q359_R13_C4",
  "initial_query": "'GNC' 'GNC GNC' 'Al Mana' just people supplements shops buy help let expensive",
  "relaxed_query": "'GNC' 'GNC GNC' 'Al Mana' just people supplements shops buy help let expensive",
  "links": [
    "http://www.gnc.com/womens-health/375826.html",
    "https://www.amazon.com/Natural-Vitality-Magnesium-Organic-Raspberry/dp/B00BPUY3W0",
    "https://www.dietspotlight.com/growth-factor-9-review/",
    "https://www.amazon.com/Addium-Limitless-Powerful-Brain-Enhancer/dp/B014Z0B09U",
    "http://www.muscletech.com/products/performance-series/mass-tech-extreme-2000/",
    "http://fatburnerdepot.com/review/musclepharm-fitmiss-burn-review/",
    "https://thedoctorweighsin.com/lecithin-the-dark-side-of-a-dietary-supplement/",
    "http://nepro.com/buy",
    "https://www.luckyvitamin.com/",
    "http://www.wholefoodsmarket.com/blog/nutritional-yeast-one-pantry-staple-your-cooking-missing"
  ],
  "snippets": [
    "Vitamin C enhances the skin's natural production of collagen and helps to ... \nDistributed by: General Nutrition Corporation ... It's beautiful and I will be buying \nagain! ... infommerical skin/facial products there is to sell to gullible people like \nme. ... In just two weeks, using absolutely no other moisturizer and no n Read \nMore.",
    "Buy Natural Vitality Natural Calm Magnesium Anti Stress, Organic, Raspberry ... \nA Relaxing Anti-Stress Drink & Magnesium Supplement; Restores healthy \nmagnesium .... work, I feel like punching people a little less all the while getting \nmy magnesium needs. ... I feel it helps me sleep better and just feel better, in \ngeneral.",
    "Is Growth Factor-9 the best HGH supplement? Review of Growth Factor-9 ... \nMany people using the product just don't see any results. \u201cThe competition in the\n\u00a0...",
    "Buy Addium - Limitless Pill - the Most Powerful Brain Enhancer in the World 60 \ncaps ... The goal is to not only increase mental energy and overall alertness, but \nto support the other important functions of your brain as well. .... need to let \npeople know they're wasting their money buying these supplements. .... Let Us \nHelp You.",
    "Nothing tells people that you're a bodybuilder more than a hulking frame ... and \nweightlifters alike are always looking for a supplement to help them blow the \ndoors ... growth plateau or just have a hard time packing on mass, you now have \nhelp .... of creatine to help you increase strength and regenerate ATP stores that \nare\u00a0...",
    "DO NOT buy Fitmiss Burn until you read our Fitmiss REVIEWS! ... The only \ndifference between two supplements is the packaging and the genders they \nmarket too. ... Combined with my diet and exercise program, it helps curb my \ncravings, .... For example, the Fitmiss fat burner at GNC and Amazon.com is less \nthan $18, but\u00a0...",
    "Aug 27, 2017 ... There's no credible evidence of lecithin supplement benefits, but ... Not exactly \nthe stuff to help in weight reduction, cardiovascular ... In a paper in Nature, Wang \net al. of the Cleveland Clinic studied the ... or stroke and compared the results \nwith those from the blood of people .... Shop online its way cheaper.",
    "Only Homemade Vanilla is available in 8 fl oz bottles at retail stores. Available for \nyou online, ... Our Store Locator can help you find a retail store near you that \ncarries Nepro. ... *Glucerna provides specialized nutrition for people with \ndiabetes.",
    "Discount prices & free shipping on vitamins, nutritional supplements, health foods\n, bath, beauty & other natural products. Up to 75% off!!",
    "Jan 5, 2017 ... But it's not just for vegans or vegetarians \u2014 nutritional yeast works in ... and help \nus convert food into the store of energy that we depend on each day. ... The \nbeauty of buying it that way is that you can buy just 1/4 cup to try it ... Alaffia: \nFostering a Body of People ... Let's Cook: Slow Cooking ..... supplements."
  ],
  "displayUrl": [
    "www.gnc.com",
    "www.amazon.com",
    "www.dietspotlight.com",
    "www.amazon.com",
    "www.muscletech.com",
    "fatburnerdepot.com",
    "thedoctorweighsin.com",
    "nepro.com",
    "www.luckyvitamin.com",
    "www.wholefoodsmarket.com"
  ]
}