{
  "id": "Q359_R13_C10",
  "initial_query": "'GNC' supplements shops anyone selection buy help workout/bodybuilding expensive",
  "relaxed_query": "'GNC' supplements shops anyone selection buy help workout/bodybuilding expensive",
  "links": [
    "http://www.gnc.com/protein-fitness/muscle-builders/hardcore-supplements/",
    "http://stores.gnc.com/palo-alto-ca-351",
    "http://www.gnc.com/brand/jym.html",
    "https://www.bodybuilding.com/store/cobra-labs/the-curse.html",
    "http://www.gnc.com/protein-fitness/muscle-builders/creatine/",
    "https://www.bodybuilding.com/store/best-cla-supplements.html",
    "http://reviews.bodybuilding.com/Optimum/Serious_Mass/",
    "https://www.bodybuilding.com/fun/big-man-on-campus-supplements.html",
    "https://www.riteaid.com/shop/gnc",
    "https://www.bodybuilding.com/store/force-factor/volcano.html"
  ],
  "snippets": [
    "Testosterone Booster | GNC \u00b7 Nugenix\u00ae Testosterone Booster. 106. Size 90 \nCapsules / 30 Servings Per Container. $57.99. Buy Two, Get One Free.",
    "GNC in Town & Country Village has everything for your nutrition needs, including \n... Save 15% on your next purchase! ... Vitamin Store in Palo Alto, CA 94301 ... \nWith our selection of omegas based from plants, children's versions, omega fatty \n... Whether you're seeking diet and weight management help or simply want \nbetter\u00a0...",
    "JYM protein supplements now in-stores & online at GNC. Browse popular \nproducts like Pre JYM & Post JYM or read articles by JYM founder, Jim Stoppani. \nGNC.",
    "Cobra Labs The Curse contains an ultra concentrated blend of ingredients that \nblows every other pre-workout energy supplement on the market to pieces!",
    "Try a creatine supplement during your pre or post workout, to support workout ... \nOptimum Nutrition Micronized Creatine Powder. 40 ... Buy Two, Get One Free.",
    "Find the best CLA supplement to help you reach your goals! ... fatty acid that can \nhelp build muscle, support healthy weight loss, and promote exercise recovery.",
    "Chocolate. 8/10. I got a 12 pound bag of this from GNC (I needed something \nASAP). .... I advise anyone who's going to buy it, don't waste your money. Instead \ngo\u00a0...",
    "Aug 14, 2017 ... Spending a small amount on supplements can yield big results in ... or tight \nbudget, so supplement selection becomes even more critical. ... Let's face it: \nSupplements can get expensive. ... These are the supplements I recommend to \nanyone. ... Take a serving of whey after every resistance workout to help\u00a0...",
    "Items 1 - 12 of 262 ... Save up to 20% every day on GNC products at Rite Aid. ... Shop; GNC ... GNC \nSelect Mens Daily Multi, 60 Caplets ... Buy 1 get 1 50% off",
    "Select Size ... VolcaNO helps to turn your body into a muscle-building machine.* \n... to drive your metabolism (of course) but, more importantly, to fuel your \nworkouts. ... Products in the Store are not intended to diagnose, treat, cure, or \nprevent any ... factor a while back and if it wouldn't be so expensive I would still \nbe taking it."
  ],
  "displayUrl": [
    "www.gnc.com",
    "stores.gnc.com",
    "www.gnc.com",
    "www.bodybuilding.com",
    "www.gnc.com",
    "www.bodybuilding.com",
    "reviews.bodybuilding.com",
    "www.bodybuilding.com",
    "www.riteaid.com",
    "www.bodybuilding.com"
  ]
}