{
  "id": "Q361_R56_C3",
  "initial_query": "'Pakistani' 'Pakistani Pakistanis' 'Qatar' bangladeshis rp country well get enjoying know hard",
  "relaxed_query": "'Pakistani' 'Pakistani Pakistanis' 'Qatar' bangladeshis rp country well get enjoying know hard",
  "links": [
    "https://en.wikipedia.org/wiki/Bangladeshi_nationality_law",
    "https://www.nomadicmatt.com/travel-blogs/vikram-success-story/",
    "https://www.hziegler.com/articles/qatar-faq.html",
    "https://www.khaleejtimes.com/international/pakistan/visa-on-arrival-visa-free-travel-for-pakistanis-in-these-27-countries",
    "http://www.dailymail.co.uk/travel/travel_news/article-3021237/The-powerful-passports-world-revealed-ones-barely-let-travel-anywhere.html",
    "http://www.mastersportal.eu/articles/1654/how-to-get-a-student-visa-for-italy.html",
    "http://www.local-life.com/sofia/articles/visa",
    "http://www.mastersportal.eu/articles/1639/how-to-get-a-student-visa-for-finland.html",
    "http://wikitravel.org/en/Iran",
    "https://www.emirates.com/ae/english/before-you-fly/visa-passport-information/uae-visas/"
  ],
  "snippets": [
    "The nationality law of Bangladesh, titled the Bangladesh Citizenship Order, \ngoverns the issues ... The law also describes Bengalis who were in West \nPakistan during the 1971 ... Bangladeshi citizens had visa-free or visa on arrival \naccess to 39 countries .... Both have a small part of their territories in the \nEuropean part of the\u00a0...",
    "Mar 18, 2014 ... Nomadic Matt: Tell everyone about yourselves! ... As Indians, do you find getting \nvisas hard? ... If we have to apply for a tourist visa for any Schengen country (\nmost ... visa, as well as Sri Lanka, the Maldives, and Mauritius, and countries in \n..... For example I was in Budapest last week and enjoyed Hungarian\u00a0...",
    "A Qatar driving license is required to drive after your first week in the country. ... \nPakistanis, Sri Lankans, Bangladeshis, Filipinos, Malaysians, South Africans, etc. \n... For around QR20 (US$6) you can enjoy Arabian grills, local fish, local sweet ... \nThe Racing & Equestrian Club has a grass track and a sand track as well as\u00a0...",
    "Apr 10, 2017 ... The Pakistani passport is ranked the second-last in the world, above only ... UAE \n\u00b7 Bahrain \u00b7 Qatar .... These countries offer visa-free travel, visa on arrival for \nPakistanis ... Bangladesh comes next with 37 points, while Pakistan has only 27 \npoints. ... Man refuses to pay woman after sex in UAE, gets kidnapped.",
    "Apr 1, 2015 ... In some countries around the world, even if you are lucky enough to have ... the \ntravel freedom their inhabitants enjoy - with some surprising results. ... Pakistan is \nranked at 92 in the Visa Restrictions Index, and citizens are ... Bottom of the list-\nAfghans get passport offices up to scratch ..... Bangladeshi Taka.",
    "Mar 9, 2017 ... Check out the steps you have to take for getting your study visa for Italy. ... also \nhave the chance to enjoy famous cuisine, magnificent architecture and get to ... If \nyou decided to study abroad in Italy and come from an EU/EEA country, good \nnews! ... Read more information aboutthe residence permit in Italy.",
    "In general, visitors from the following countries do not need a visa to enter \nBulgaria: ... With Bulgaria's entry into the EU in 2007, Bulgaria's visa \nrequirements have ... Enjoyed it? .... I know even when i cried all day thinking \nhow to get well you weren't .... I am from Pakistan I live in uk as a student visa I \nam living as a lifepartner\u00a0...",
    "Jul 20, 2017 ... Have you found your university degree course in Finland? ... of degree courses in \nFinland yearly and enjoy the balanced schedule and interactive courses, but \nthere are some things you should know about their visa and all the ... the right to \nlive and study in Finland without applying for a residence permit.",
    "Iran (Persian: \u0627\u064a\u0631\u0627\u0646) is a large country within the Greater Middle East and is part \nof ... of Iranian descent in India and Pakistan \u2014 Parsis who have been there for \nover ... Being pro-German had not worked out well for dad and, in 1941, France \ndid ... Throughout his reign, his Savak secret police stomped hard on any \nopposition.",
    "Holders of non-standard passports and travel documents may also have different \n... As of 29 April 2016, GCC residence permit holders will need to apply for a UAE \nvisa ... (A) If your country of nationality appears on the list below, no advance visa \n... Visitors asked to proceed for eye screening are required to present a hard\u00a0..."
  ],
  "displayUrl": [
    "en.wikipedia.org",
    "www.nomadicmatt.com",
    "www.hziegler.com",
    "www.khaleejtimes.com",
    "www.dailymail.co.uk",
    "www.mastersportal.eu",
    "www.local-life.com",
    "www.mastersportal.eu",
    "wikitravel.org",
    "www.emirates.com"
  ]
}