{
  "id": "Q361_R56_C10",
  "initial_query": "'Pakistani' rp terrorism get adays hard impossible",
  "relaxed_query": "'Pakistani' rp terrorism get adays hard impossible",
  "links": [
    "https://blogs.tribune.com.pk/story/20356/26-average-pakistanis-who-have-made-us-proud/",
    "http://www.dawn.com/news/1145300",
    "http://herald.dawn.com/news/1153413",
    "http://www.dawn.com/news/1311028",
    "https://www.quora.com/What-exactly-is-the-problem-between-India-and-Pakistan",
    "http://www.dawn.com/news/1134772",
    "https://www.theatlantic.com/international/archive/2015/06/terrorism-isis-motive/395351/",
    "http://www.indiandefencereview.com/news/why-the-existence-of-pakistan-is-not-in-indias-interest/",
    "https://www.quora.com/I-am-an-Indian-and-I-really-want-to-visit-Pakistan-as-a-tourist-What-is-the-easiest-and-safest-way-to-visit-Pakistan",
    "http://www.zerohedge.com/news/2016-11-16/stunning-scenes-panic-gold-price-skyrockets-india-after-currency-ban"
  ],
  "snippets": [
    "Dec 31, 2013 ... These two Pakistani women have been honoured by the White .... Saeed, the \nowner of Khana Ghar, started her business to provide hot meals for three rupees \nto low ... of terrorism that have become nomenclature for anything Pakistani .... etc\n. do you not have people you can be proud of in Pakistan (difficult\u00a0...",
    "Nov 18, 2014 ... It also says that the Taliban have the highest number of fighters, estimated to ... 3: \nTerrorism in Pakistan is strongly influenced by its proximity to\u00a0...",
    "Jan 28, 2017 ... How have 'Made in China' products become so easily available all over Pakistan \nand at prices that almost everyone can afford? The answers\u00a0...",
    "Jan 27, 2017 ... WASHINGTON: US President Donald Trump has indicated that both Pakistan \nand Afghanistan will be among the countries whose citizens will\u00a0...",
    "It is not mutual hatred. It is more an \"anti India\" feeling in Pakistan and a \"\ndefensive reaction\" to ... Originally Answered: Why do India and Pakistan have \nconflicts? It is not ... Kashmir as a jihad and funding religious radicals to execute \nacts of terrorism. ... India is estimated to be spending $1 million ( Rs 6.8 crore) a \nday to keep\u00a0...",
    "Sep 28, 2014 ... So far, the Russians have been quite accommodative of India's ... and TTP \nterrorism (through Afghanistan) to destabilise Pakistan; convincing\u00a0...",
    "Jun 9, 2015 ... It also betrays an epic obliviousness about just how difficult it is to access the \ninternal .... Do terrorists have their reasons for committing atrocities? .... group \nwith reported links to Pakistan and Saudi Arabia, on security outposts.",
    "Jun 19, 2012 ... For India to grow and have peace and confidence, it must get rid of the ... While \nthe USA realizes that Pakistan is duplicitous with its terrorists,\u00a0...",
    "I have seen and answered many variations of this question. ... All Indians wishing \nto visit Pakistan must obtain a valid visa. ... The fee at present is Rs.15/- inclusive \nof all charges for issuance, extension or transit ... It will be difficult for you to get a \ntourist visa. ... But accusing them of terrorism in Mumbai will hurt their feelings.",
    "Nov 16, 2016 ... In village after village people have stopped working, even if they had ... escalated \ntensions with Pakistan, and conducted what was very ... was tagged with \nnationalism, anti-corruption, and anti-terrorism. ... The largest amount one can \nhave converted is Rs 4,000 ($60), until further notice. ...... Hit them hard.\"."
  ],
  "displayUrl": [
    "blogs.tribune.com.pk",
    "www.dawn.com",
    "herald.dawn.com",
    "www.dawn.com",
    "www.quora.com",
    "www.dawn.com",
    "www.theatlantic.com",
    "www.indiandefencereview.com",
    "www.quora.com",
    "www.zerohedge.com"
  ]
}