{
  "id": "Q362_R13_C2",
  "initial_query": "'Tofu' 'Qatar' 'Tofu MegaMart' supermarkets doha idea please check banned find whole",
  "relaxed_query": "'Tofu' 'Qatar' 'Tofu MegaMart' supermarkets doha idea please check banned find whole",
  "links": [
    "http://alt.qcri.org/QCRI-QL-demo/",
    "http://www.fourseasons.com/",
    "http://download.tensorflow.org/models/LM_LSTM_CNN/vocab-2016-09-10.txt"
  ],
  "snippets": [
    "Discussions on anything relating to work in Qatar. ... Iam new to Doha and want \nto buy Abaya, please tell me the address for any abaya stores . 5 comments.",
    "Visit the main site for Four Seasons Hotels and Resorts to find a luxury hotel or ... \nTravel ideas and inspiration to help you find paradise, anywhere in the world.",
    "... lost head England Iraq March though countries National final seen must law \nfind ... round charged voters idea lives seems Cup project match stock prison \nvalue ... view straight response Smith dropped husband wrote raise 31 debate \nwhole ... tournament Spain eventually fifth supply ones produced ban Lee _ join \nChris\u00a0..."
  ],
  "displayUrl": [
    "alt.qcri.org",
    "www.fourseasons.com",
    "download.tensorflow.org"
  ]
}