{
  "id": "Q362_R13_C4",
  "initial_query": "'Tofu' 'Qatar' 'Megamart' supermarkets doha idea please check have find whole",
  "relaxed_query": "'Tofu' 'Qatar' 'Megamart' supermarkets doha idea please check have find whole",
  "links": [
    "http://alt.qcri.org/QCRI-QL-demo/",
    "http://www.flyingfoodninja.com/yee-hwa-doha-qatar/",
    "https://www.zomato.com/doha/yee-hwa-al-nasr",
    "http://www.lakeland.co.uk/",
    "https://www.zomato.com/doha/the-manhattan-fish-market-fereej-bin-mahmoud",
    "https://travelsort.com/blog/review-qatar-premium-terminal-business-class-lounge-doha",
    "https://tastemybud.com/category/uncategorized/",
    "http://www.fourseasons.com/",
    "https://www.pinterest.com/pin/419397784022991469/",
    "http://download.tensorflow.org/models/LM_LSTM_CNN/vocab-2016-09-10.txt"
  ],
  "snippets": [
    "I have Indian international driving license. can I temporally drive in Qatar using .... \nI'll only be in Doha for 3 months and would rather rent a Motorcycle then rent a ... \nquality of their medical care I thought I'd check out the dental clinic as well. .... in \nqatar. is there any body have an idea and experience about this. please.. thank.",
    "May 28, 2016 ... YEE HWA \u2013 Doha, Qatar ... even one that's on the Persian Gulf) you'd find it \ndifficult to find good fresh ... food at a reasonable price then make sure you check \nout Yee Hwa\u2026My favourite place here in Qatar. ... Eat it right away otherwise the \ntofu will soak up the sauce and give a soggy texture .... Good idea\u00a0...",
    "Yee Hwa Doha; Yee Hwa, Al Nasr; Get Menu, Reviews, Contact, Location, Phone \n... Doha. Please type a location... All of Doha. Recent Locations. Popular .... the \ningredients and they dont even have any idea like theyre not even trained. ... *Do \nnot go to this restaurant without a reservation during weekend, its always full!",
    "Discover 1000s of ideas for your kitchen and home. Reason 4. Our extraordinary \nproducts are tried and tested. Reason 5. We're only happy when you're happy.",
    "Their menu is extensive and has loads to chose from for everyone considering \nthat it's only ... than you had this time at The Manhattan FISH MARKET \nRestaurant Qatar. .... Good idea if you want a smaller appetizer. ..... Tofu House \nRestaurant ... Sea full of options. .... Check your phone to find a link to download \nthe app.",
    "May 25, 2013 ... This review of the Qatar Business Class Lounge in Doha is part of a trip report ... \nFor prior posts please see: ... We proceeded up the escalator, where an attendant \nchecked our ... When we sat down, a server offered to get us drinks. ... station, \nwhere a number of different types of whole leaf teas were offered.",
    "The usual day out here in Qatar is through eating, AGREE? ... Before I get used to \nthe lifestyle here I was struggling in my first 6 months, YES ... Tofu House is one \nof the authentic Korean Restaurant in Doha that you will ... and please let me \nknow what you tried and how was it so I will have the list to ..... View Full Profile \u2192\n\u00a0...",
    "Visit the main site for Four Seasons Hotels and Resorts to find a luxury hotel or ... \nTravel ideas and inspiration to help you find paradise, anywhere in the world.",
    "Boyfriend Birthday IdeasGift Ideas For GuysI Love CoffeeCoffee ShopCup Of \nCoffeeCoffee .... 20 Fears Girls Have In Their 20s That Make Life An Emotional \nRoller Coaster ... Doha, Qatar - tea is very big there, as in most of the middle ..... \nlayovers, there is an hotel right inside the terminal, with half- or full-day rates \navailable.",
    "... many New back any since week off down while told / get our says world make \nsuch ... markets shot full leading available Minister McCain growth ever foreign \nBank ... round charged voters idea lives seems Cup project match stock prison \nvalue .... Korean trust normal William note focused marketing voice check UN \nhouses\u00a0..."
  ],
  "displayUrl": [
    "alt.qcri.org",
    "www.flyingfoodninja.com",
    "www.zomato.com",
    "www.lakeland.co.uk",
    "www.zomato.com",
    "travelsort.com",
    "tastemybud.com",
    "www.fourseasons.com",
    "www.pinterest.com",
    "download.tensorflow.org"
  ]
}