{
  "id": "Q362_R13_C1",
  "initial_query": "'Tofu' 'Qatar' supermarkets doha idea please check have banned whole",
  "relaxed_query": "'Tofu' 'Qatar' supermarkets doha idea please check have banned whole",
  "links": [
    "http://alt.qcri.org/QCRI-QL-demo/",
    "http://www.wholefoodsmarket.com/recipes/food-guides/sea-veggies",
    "https://wikitravel.org/en/Philippines",
    "https://www.amazon.com/Lao-Gan-Chili-Crisp-Sauce/dp/B0051D84JU",
    "https://www.theguardian.com/lifeandstyle/2015/sep/29/aquafaba-chickpea-liquid-baking-egg-white-substitute",
    "https://en.wikivoyage.org/wiki/Philippines",
    "http://www.foodrenegade.com/how-make-magnesium-oil/",
    "http://www.fourseasons.com/",
    "https://en.wikivoyage.org/wiki/Hanoi",
    "http://download.tensorflow.org/models/LM_LSTM_CNN/vocab-2016-09-10.txt"
  ],
  "snippets": [
    "I have Indian international driving license. can I temporally drive in Qatar ..... car \nin qatar. is there any body have an idea and experience about this. please.. thank \n... Just for everybodys information ,what is the reasons for banning crabbing? is it \n.... Iam new to Doha and want to buy Abaya, please tell me the address for any\u00a0...",
    "They have a sweet, mild flavor and pack in a good supply of calcium, iodine, \npotassium, ... Most sea vegetables that I see on the shelves at the grocery are \ndried.",
    "Since Spanish colonial times, the country has been Asia's largest Catholic \ncountry. ... between the Philippines and Mexico as well as the whole of the \nAmericas. ..... Airlines may refuse to let you check in if you only have a one-way \nticket to the .... from Manama (Bahrain), while Qatar Airways [37] serves Manila \nfrom Doha.",
    "Watch out for that if you have or you know people with allergies. .... I ended up \nfinding this cheaper at a local Asian grocery store, but it was nice to be able to ... \nJust a tablespoon packs enough flavor to make a difference in a whole pan of stir\n-fry. ... For additional information about a product, please contact the \nmanufacturer.",
    "Sep 29, 2015 ... The text read: \u201cDead simple delicious two ingredient whole food meringues \u2026 \none ... Please try again later. ... Chickpea fluid has always reminded me of the \nsemi-opaque gunk in which ... I made some good zucchini fritters with it, and also \nadded aquafaba to my standard tofu crab cakes; it created a subtle\u00a0...",
    "It has been Asia's largest Roman Catholic country since Spanish colonial times, \nbut .... made contact between the Philippines and Mexico as well as the whole of \nthe Americas. ..... or Tokyo), check out travel agencies catering to overseas \nFilipinos which often have ... Qatar airways also has flights from Clark airport to \nDoha.",
    "(Please note that this is not the same magnesium found in Epsom salt. Epsom ... \nWhere to Get Magnesium Chloride Flakes and Magnesium Oil ..... It is used to \nmake tofu. ...... Anyone have any idea on how to deal with the stickiness? ... As it \nis, I spray a BUNCH of skin, usually my whole belly and thighs, after every \nshower.",
    "Visit the main site for Four Seasons Hotels and Resorts to find a luxury hotel or \nresort around the globe for your vacation, wedding or business travel.",
    "Upon reunification in 1975, it assumed that title for the entire country. ... Hanoi \nretains much of its older colonial charm, despite the battles that have raged over \nit. .... If departing from Noi Bai airport via Vietnam Airlines with no checked .... If \nyou have a fair idea of how far you're going or how much you're willing to pay, \nthis is\u00a0...",
    "... to of and a in \" 's that for on is The was with said as at it by from be have he has \nhis ... markets shot full leading available Minister McCain growth ever foreign \nBank ... round charged voters idea lives seems Cup project match stock prison \nvalue ... tournament Spain eventually fifth supply ones produced ban Lee _ join \nChris\u00a0..."
  ],
  "displayUrl": [
    "alt.qcri.org",
    "www.wholefoodsmarket.com",
    "wikitravel.org",
    "www.amazon.com",
    "www.theguardian.com",
    "en.wikivoyage.org",
    "www.foodrenegade.com",
    "www.fourseasons.com",
    "en.wikivoyage.org",
    "download.tensorflow.org"
  ]
}