{
  "id": "Q363_R58_C8",
  "initial_query": "'Gulf Country' 'Qatar' 'Gulf' workers living view region be paying enjoy higher",
  "relaxed_query": "'Gulf Country' 'Qatar' 'Gulf' workers living view region be paying enjoy higher",
  "links": [
    "https://en.wikipedia.org/wiki/Migrant_workers_in_the_Gulf_region",
    "http://www.migrationpolicy.org/article/labor-migration-united-arab-emirates-challenges-and-responses",
    "https://wanderwisdom.com/travel-destinations/Gulf_States_Working",
    "https://en.wikipedia.org/wiki/Qatar",
    "https://www.quora.com/Which-is-the-best-Gulf-Cooperation-Council-country-for-expats",
    "http://thediplomat.com/2014/06/indias-role-in-gulf-labor-abuses/",
    "https://www.theatlantic.com/international/archive/2017/06/qatar-gcc-saudi-arabia-yemen-bahrain/529227/",
    "http://www.telegraph.co.uk/expat/before-you-go/whats-it-like-to-live-in-qatar-the-worlds-richest-country/",
    "http://www.cnn.com/2017/06/06/middleeast/qatar-middle-east-diplomatic-freeze/index.html",
    "https://www.voanews.com/a/turkey-stands-by-qatar-in-ongoing-crisis/3913479.html"
  ],
  "snippets": [
    "Migrant workers in the Gulf region involves the prevalence of migrant workers in \nthe Kingdom of Bahrain, the State of Kuwait, the Sultanate of Oman, the State of \nQatar, the Kingdom of Saudi Arabia and the State of the United Arab Emirates (\nUAE). Together, these six countries form the Gulf Cooperation Council (GCC) (\n\u0645\u062c\u0644\u0633 ... Pearls were the exception and the main trading product in places like \nQatar,\u00a0...",
    "Sep 18, 2013 ... India, Bangladesh, and Pakistan are the top countries of origin of ... located in the \nGulf Cooperation Council (GCC) region\u2014has become a ... economic growth and \nhigh standard of living in the country, the UAE .... See Kader, Binsal Abdul. ... \ncountry without paying their (primarily migrant worker) employees.",
    "Oct 10, 2013 ... Jobs in Dubai, Abu Dhabi, Qatar, Kuwait, Oman, Saudi Arabia. ... country's policy \non overseas income and whether you are paid ... You will not like everything you \nsee, but you can learn a great deal about your place in the world. ... In the Gulf \nregion, a job comes with a 'package', not a simple wage deal.",
    "Qatar officially the State of Qatar (Arabic: \u062f\u0648\u0644\u0629 \u0642\u0637\u0631     Dawlat Qatar), is a sovereign \ncountry located ... An arm of the Persian Gulf separates Qatar from the nearby \nisland country of ... Qatar is a high-income economy, backed by the world's third-\nlargest .... He resigned as kaymakam and stopped paying taxes in August 1892.",
    "High cost of living, you get all the fun to enjoy your weekends. Qatar : Qatar is the \nsecond richest country in GCC with small area and ... 12.2k Views \u00b7 7 Upvotes ... \nThe king \u201cSultan Qaboos\u201d is the most peace loving leader of this region who has \n... You get good speed for the money that you pay, connectivity is good. Skype is\n\u00a0...",
    "Jun 13, 2014 ... Many issues plague migrant workers in the Gulf. ... Unskilled workers like steel \nfixers are paid around 600 dirham ($163) per month, ... The two countries are \nhosting high profile events in the coming years. ... Philippines, Nepal, and \nBangladesh \u2013 live and work in Qatar, and that number is increasing rapidly.",
    "Jun 5, 2017 ... As the standoff between the tiny country and its neighbors escalates, a close ... \nLike \u200bThe Atlantic? ... dispute about the country's distinctive approach to regional \naffairs. ... Arab Spring in 2011 and Qatar's subsequent high-profile support for ... \nQatar extends northward into the Persian Gulf from Saudi Arabia.",
    "Nov 11, 2012 ... You see, we don't get out of the car to fill up our tanks in Qatar. ... When we go \nhome to the UK for holidays, we avert our eyes when we pay for our fuel. ... I \nasked my followers on Twitter what living in Qatar \u2013 the world's richest country by \n... many foreign workers mingles uncomfortably with cultural traditions,\u00a0...",
    "Jul 27, 2017 ... The Qatar dispute is the biggest political crisis to hit the Middle East in years. ... \nthe country are now contemplating what life might look like under ... Etihad, \nEmirates, Fly Dubai and Gulf Air have halted all flights in and out .... that were \nseen in millions of living rooms around the region. ... Paid Partner Content\u00a0...",
    "Jun 23, 2017 ... \u201cBut after the Qatar crisis, the way Ankara rushed through legislation ... Islamic \ngroups, this is not a monopoly of one country in the region. ... Turkish \nestablishment's policy towards the Arab world and Gulf was to stay ... of the \nregion could ultimately see Ankara also paying a heavy price. ... You may also \nlike."
  ],
  "displayUrl": [
    "en.wikipedia.org",
    "www.migrationpolicy.org",
    "wanderwisdom.com",
    "en.wikipedia.org",
    "www.quora.com",
    "thediplomat.com",
    "www.theatlantic.com",
    "www.telegraph.co.uk",
    "www.cnn.com",
    "www.voanews.com"
  ]
}