{
  "id": "Q363_R58_C6",
  "initial_query": "'Gulf Country' 'Qatar' 'Gulf' workers job view region paying live think salary",
  "relaxed_query": "'Gulf Country' 'Qatar' 'Gulf' workers job view region paying live think salary",
  "links": [
    "https://en.wikipedia.org/wiki/Foreign_worker",
    "https://wanderwisdom.com/travel-destinations/Gulf_States_Working",
    "http://www.migrationpolicy.org/article/labor-migration-united-arab-emirates-challenges-and-responses",
    "http://www.hays.ae/cs/groups/hays_common/@ae/@content/documents/digitalasset/hays_1313021.pdf",
    "http://gulfnews.com/guides/life/career/5-countries-with-highest-salaries-for-expat-nurses-1.1823649",
    "https://cabincrewexcellence.com/thinking-of-becoming-cabin-crew-salaries-benefits-contracts-explained/",
    "http://www.aljazeera.com/humanrights/2014/05/qatar-announces-changes-labour-system-2014513115014474205.html",
    "http://www.telegraph.co.uk/expat/before-you-go/whats-it-like-to-live-in-qatar-the-worlds-richest-country/",
    "http://www.aljazeera.com/news/2016/07/kuwait-sets-minimum-wage-domestic-workers-160714143830769.html",
    "https://www.quora.com/What-is-the-best-Middle-Eastern-Muslim-country-for-expats-to-live-in-Turkey-UAE-Qatar-Kuwait-or-another"
  ],
  "snippets": [
    "See also: Expatriate and Migrant worker. Foreign farmworker in New York. A \nforeign worker or guest worker is a person who works in a country other than the \none of which he or she is a citizen. Some foreign workers are using a guest \nworker program in a country with more preferred job prospects ... An estimated 14 \nmillion foreign workers live in the United States, which\u00a0...",
    "Oct 10, 2013 ... Jobs in Dubai, Abu Dhabi, Qatar, Kuwait, Oman, Saudi Arabia. ... Live, work and \nstay safe in the Gulf States. ... Satellite View of the Gulf States .... depend on your \nhome country's policy on overseas income and whether you are paid ... In the \nGulf region, a job comes with a 'package', not a simple wage deal.",
    "Sep 18, 2013 ... India, Bangladesh, and Pakistan are the top countries of origin of ... located in the \nGulf Cooperation Council (GCC) region\u2014has become a ... for temporary labor \nmigrants seeking employment opportunities and ... workers to transfer employer \nsponsorship and introducing wage ... See Kader, Binsal Abdul.",
    "families, our health, where we live, and ... experience a positive pay review and \nsee opportunity for personal ... 41. Chris Greaves, Managing Director, Hays Gulf \nRegion .... Relocating to a new country .... rising cost of living has given \nemployees reason to believe .... style attractive' UAE and into Qatar and Saudi \nArabia.",
    "Aug 8, 2017 ... Getting a job in these countries is not very hard if you have a clear plan of action. \n... us which country you think is best for nurses, based on factors such as salary, \njob ... Here are the five countries paying the highest salaries for registered nurses\n; ... See here for information on how to pass the entrance exam,\u00a0...",
    "... joining one of the major airlines in the Middle East or the Gulf region (Qatar \nAirways, ... Qatar Airways: basic $1150 + per diem (on layovers) + block hour pay \n... the airline and that you are a legal resident of the country the airline is based in\n. ... more than a job, it opens your horizons wider than any other job we can think \nof\u00a0...",
    "May 15, 2014 ... Other proposed reforms would require employers to pay wages ... Amnesty \nInternational has said the labour systems prevalent in the Gulf states, ... workers, \nwho are not allowed to change jobs or leave the country ... authorities have been \nopen compared to other states in the region. ... Tell us what you think.",
    "Nov 11, 2012 ... You see, we don't get out of the car to fill up our tanks in Qatar. ... When we go \nhome to the UK for holidays, we avert our eyes when we pay for our fuel. ... for so \nmany foreign workers mingles uncomfortably with cultural traditions, ... do truly \nbelieve it's a country with a grand plan and an important role to play.",
    "Jul 14, 2016 ... The country becomes the first in the Gulf to regulate the work ... year, also \nrequires employers to pay overtime for any extra hours worked. ... It restricts most \nworkers from moving to a new job before their ... Survivors of Israeli live fire speak \nabout Israel's 'kneecapping' ... Qatar-Gulf crisis: All the latest updates.",
    "Not many people think of this as a foreigner-friendly place, but Iran is getting ... \nOman is also known as a more liberal destination in the gulf, and is, behind Iran, \nthe ... For all these countries, check out http://bayt.com for jobs in all these nations\n, and ... You pay for more than average quality for this region and its better than \nthe\u00a0..."
  ],
  "displayUrl": [
    "en.wikipedia.org",
    "wanderwisdom.com",
    "www.migrationpolicy.org",
    "www.hays.ae",
    "gulfnews.com",
    "cabincrewexcellence.com",
    "www.aljazeera.com",
    "www.telegraph.co.uk",
    "www.aljazeera.com",
    "www.quora.com"
  ]
}