{
  "id": "Q363_R58_C5",
  "initial_query": "'Gulf Country' 'Qatar' 'Gulf' workers view region pay paying say is salary",
  "relaxed_query": "'Gulf Country' 'Qatar' 'Gulf' workers view region pay paying say is salary",
  "links": [
    "https://wanderwisdom.com/travel-destinations/Gulf_States_Working",
    "https://www.reuters.com/article/us-gulf-qatar-demands-idUSKBN19E0BB",
    "https://www.hrw.org/news/2017/07/13/qatar-isolation-causing-rights-abuses",
    "http://www.migrationpolicy.org/article/labor-migration-united-arab-emirates-challenges-and-responses",
    "http://www.arabnews.com/node/1083576/middle-east",
    "https://en.wikipedia.org/wiki/Foreign_worker",
    "https://www.khaleejtimes.com/region/qatar-crisis/no-more-jobs-in-qatar-migrant-workers-on-gulf-crisis-frontline",
    "https://en.wikipedia.org/wiki/Migrant_workers_in_the_Gulf_region",
    "http://www.africanews.com/2017/06/02/ghana-bans-recruitment-of-workers-to-gulf-countries//",
    "https://www.theguardian.com/global-development/2014/nov/07/north-koreans-working-state-sponsored-slaves-qatar"
  ],
  "snippets": [
    "Oct 10, 2013 ... Jobs in Dubai, Abu Dhabi, Qatar, Kuwait, Oman, Saudi Arabia. ... Satellite View of \nthe Gulf States .... country's policy on overseas income and whether you are paid \n... In the Gulf region, a job comes with a 'package', not a simple wage ... It may not \nbe fair, but with no workers' representation it's not about to\u00a0...",
    "Jun 22, 2017 ... Four Arab states that imposed a boycott on Qatar have issued an ultimatum to ... \nwith Iran, shut a Turkish base and pay reparations, demands so far reaching it ... \ncrisis for years between Sunni Arab Gulf states, regional analysts said. ... Qatar, \nthe world's richest country per capita, says the sanctions amount\u00a0...",
    "Jul 12, 2017 ... Families Separated; Workers Stranded; Education, Medical Care .... \"Gulf \ncountries need to take a step back and see the harm they are ... by the state-\nfunded Qatari National Human Rights Committee says that ..... such as non-\npayment or late payment of salaries or unsanitary living ... Region / Country.",
    "Sep 18, 2013 ... India, Bangladesh, and Pakistan are the top countries of origin of ... located in the \nGulf Cooperation Council (GCC) region\u2014has become a popular ... The GCC \nregion\u2014Bahrain, Kuwait, Oman, Qatar, Saudi Arabia, and the .... of salaries (\ndespite a mandatory electronic payment system in place since 2009).",
    "Apr 13, 2017 ... Millions of migrant Gulf workers forced to pay for right to work, say US ... to the \nUAE must routinely pay fees that can equal a year's salary, ... Selling visas for \nprofit is illegal in the six Gulf countries the researchers investigated. ... \nBangladeshi workers paid as much as $5,200 in recruitment fees, .... 419 views\u00a0...",
    "See also: Expatriate and Migrant worker. Foreign farmworker in New York. A \nforeign worker or guest worker is a person who works in a country other than the \none of which ... Foreign workers by country or wider region[edit] .... With regards \nto injuries and death, workers or their dependents are not paid due \ncompensation.",
    "Jun 17, 2017 ... Food prices have soared since the Gulf nations cut Qatar off. ... Qatar isolated \nafter regional giant Saudi Arabia and several allied countries cut all ties to Doha. \n... \"I have heard people saying there will be no more jobs in Qatar,\" added Ajit. ... \nthat view is not shared on the country's many construction sites.",
    "Migrant workers in the Gulf region involves the prevalence of migrant workers in \nthe Kingdom of Bahrain, the State of Kuwait, the Sultanate of Oman, the State of \nQatar, the Kingdom of Saudi Arabia and the State of the United Arab Emirates (\nUAE). Together, these six countries form the Gulf Cooperation Council (GCC) (\n\u0645\u062c\u0644\u0633 .... The power of the British in the Gulf region, combined with the structures \nput\u00a0...",
    "Jun 2, 2017 ... Ghana bans recruitment of workers to Gulf countries to curb abuses ... \nannounced the suspension on Thursday saying there is a freeze on ... He added \nthat the reported cases in Kuwait, Oman, Qatar, Saudi ... Some however realize \ntheir hopes for decent salaries and good working conditions. .... View more.",
    "Nov 7, 2014 ... MDG : forced labour in Qatar : A North Korean worker on a ... View more sharing \noptions ... state said they receive almost no salaries in person while in the Gulf \nemirate ... is a crucial tool for propping up the isolated country's fragile economy. \n... to build the high-rise said: \u201cPeople like us don't usually get paid."
  ],
  "displayUrl": [
    "wanderwisdom.com",
    "www.reuters.com",
    "www.hrw.org",
    "www.migrationpolicy.org",
    "www.arabnews.com",
    "en.wikipedia.org",
    "www.khaleejtimes.com",
    "en.wikipedia.org",
    "www.africanews.com",
    "www.theguardian.com"
  ]
}