{
  "id": "Q363_R58_C1",
  "initial_query": "'Gulf Country' 'Qatar' 'Gulf' workers view region pay paying salary",
  "relaxed_query": "'Gulf Country' 'Qatar' 'Gulf' workers view region pay paying salary",
  "links": [
    "https://en.wikipedia.org/wiki/Migrant_workers_in_the_Gulf_region",
    "https://www.hrw.org/news/2017/08/24/qatar-new-law-gives-domestic-workers-labor-rights",
    "http://www.migrationpolicy.org/article/labor-migration-united-arab-emirates-challenges-and-responses",
    "https://news.trust.org/item/20170706110123-itx2e",
    "https://www.khaleejtimes.com/region/qatar-crisis/no-more-jobs-in-qatar-migrant-workers-on-gulf-crisis-frontline",
    "https://wanderwisdom.com/travel-destinations/Gulf_States_Working",
    "http://www.aljazeera.com/news/2016/07/kuwait-sets-minimum-wage-domestic-workers-160714143830769.html",
    "http://www.un.org/esa/population/migration/turin/Symposium_Turin_files/P03_Shah.pdf",
    "http://thediplomat.com/2014/06/indias-role-in-gulf-labor-abuses/",
    "https://www.business-humanrights.org/en/current-rift-in-qatar-puts-business-rights-of-migrant-workers-at-risk"
  ],
  "snippets": [
    "Migrant workers in the Gulf region involves the prevalence of migrant workers in \nthe Kingdom of Bahrain, the State of Kuwait, the Sultanate of Oman, the State of \nQatar, the Kingdom of Saudi Arabia and the State of the United Arab Emirates (\nUAE). Together, these six countries form the Gulf Cooperation Council (GCC) (\n\u0645\u062c\u0644\u0633 ... In Bahrain, Oman, Qatar and the UAE, the majority of the population\u00a0...",
    "Aug 24, 2017 ... (Beirut) \u2013 Qatar's adoption of a new law on domestic workers ... annual leave, \nand an end-of-service payment of at least three weeks per year. ... Qatar and \nother Gulf countries should ratify that convention and ... and the only minimum \nwage for domestic workers in the Gulf region \u2013 60 KD (US$200) a month.",
    "Sep 18, 2013 ... The GCC region\u2014Bahrain, Kuwait, Oman, Qatar, Saudi Arabia, and the UAE\u2014is \nthe ... Cambridge: Gulf Research Centre. ... See Kader, Binsal Abdul. ... of \nsalaries (despite a mandatory electronic payment system in place since 2009). ... \nthe country without paying their (primarily migrant worker) employees.",
    "Jul 6, 2017 ... Any views expressed in this article are those of the author and not of Thomson ... \nEmadi, during five weeks of regional isolation and economic blockade. ... All Gulf \ncountries, including Qatar, maintain a form of the kafala ... laid off 77,000 foreign \nworkers and delayed the payment of their salaries for months.",
    "Jun 17, 2017 ... Food prices have soared since the Gulf nations cut Qatar off. ... that has seen \nQatar isolated after regional giant Saudi Arabia and several allied countries cut \nall ties to Doha. ... impact of isolation, that view is not shared on the country's \nmany construction sites. .... Get your salaries early in UAE in Ramadan\u00a0...",
    "Oct 10, 2013 ... Jobs in Dubai, Abu Dhabi, Qatar, Kuwait, Oman, Saudi Arabia. ... Satellite View of \nthe Gulf States .... country's policy on overseas income and whether you are paid \n... In the Gulf region, a job comes with a 'package', not a simple wage ... It may not \nbe fair, but with no workers' representation it's not about to\u00a0...",
    "Jul 14, 2016 ... The country becomes the first in the Gulf to regulate the work ... It grants maids \nthe right to a weekly day off, 30 days of annual paid leave,\u00a0...",
    "May 5, 2006 ... interfere with the immigration level while Qatar stated that it had a policy ... the \nGulf region indicate that in all six countries the trend towards restricting the \ninflows has ... policy is by putting a salary ceiling on workers who are allowed to \n.... certain specialized tests such as an MRI additional fee must be paid.",
    "Jun 13, 2014 ... Many issues plague migrant workers in the Gulf. ... Another important issue is the \npayment of salaries to blue collar workers in the construction industry. ... Many \nlabor strikes in the UAE are often related to payment. ... Asian Association for \nRegional Cooperation (SAARC) to leverage their countries' collective\u00a0...",
    "Qatari Companies Send Workers on Unpaid Extended Leave as Gulf Crisis ... for \ntwo to three months, in addition to their standard 30 days of paid annual leave. ... \nHe added that he didn't expect to see a recovery until well after summer, ... Qatari \nemployers as a result of Saudi Arabia's decision to close the country's border."
  ],
  "displayUrl": [
    "en.wikipedia.org",
    "www.hrw.org",
    "www.migrationpolicy.org",
    "news.trust.org",
    "www.khaleejtimes.com",
    "wanderwisdom.com",
    "www.aljazeera.com",
    "www.un.org",
    "thediplomat.com",
    "www.business-humanrights.org"
  ]
}