{
  "id": "Q363_R58_C9",
  "initial_query": "'Gulf Country' 'Qatar' 'Gulf' workers business edition hand paying featured according more",
  "relaxed_query": "'Gulf Country' 'Qatar' 'Gulf' workers business edition hand paying featured according more",
  "links": [
    "https://www.theguardian.com/world/2014/feb/18/qatar-world-cup-india-migrant-worker-deaths",
    "http://www.cnn.com/2017/06/05/middleeast/saudi-bahrain-egypt-uae-qatar-terror/index.html",
    "https://www.theguardian.com/global-development/2014/jan/16/qatar-migrant-workers-electronic-wages-exploitation",
    "http://www.aljazeera.com/humanrights/2014/05/qatar-announces-changes-labour-system-2014513115014474205.html",
    "http://uk.businessinsider.com/qatar-gulf-13-demands-2017-6",
    "https://www.nytimes.com/2017/06/05/world/middleeast/qatar-saudi-arabia-egypt-bahrain-united-arab-emirates.html",
    "https://en.wikipedia.org/wiki/Kafala_system",
    "http://www.gulf-times.com/",
    "http://www.pbs.org/newshour/rundown/turkey-rejects-demands-gulf-arab-states-qatar-dispute/",
    "http://www.eurosport.com/football/world-cup/2022/qatar-world-cup-workers-pay-to-work-18-hour-days_sto6119179/story.shtml"
  ],
  "snippets": [
    "Feb 18, 2014 ... As Qatar construction boom gathers pace ahead of 2022 World Cup, Indian ... US \nedition ... workers had died in Qatar in 2013, taking the total from that country to at \n... rights for migrant workers across the Gulf, has called the publication of ... Many \nworkers arrive in Qatar already heavily in debt, having paid\u00a0...",
    "Jul 27, 2017 ... The three Gulf countries and Egypt accused Qatar of supporting terrorism and \ndestabilizing the region. Qatar -- which shares its only land\u00a0...",
    "Jan 16, 2014 ... Paying World Cup building workers' wages electronically would help track ... US \nedition ... The Gulf state has come under intense international pressure to ... \nfootball governing body, to hand the tournament to another country unless the ... \nto secure more profitable lines of business from the big contractors.",
    "May 15, 2014 ... Qatar's exit permit system, in which workers are currently required to obtain their \n... Other proposed reforms would require employers to pay wages ... International \nhas said the labour systems prevalent in the Gulf states, known as ... migrant \nworkers in the country \"face a range of abuses at the hands of their\u00a0...",
    "Jun 23, 2017 ... Follow Business Insider: ... LONDON \u2014 Gulf states have issued Qatar with 13 \ndemands that ... hand over all designated terrorists, wanted by the four countries; \n... other Gulf states, about 60 billion riyals ($16.5 billion) according to a ... The \nHighest Paying Cash Back Card Has Just Hit The MarketCredit.com.",
    "Jun 5, 2017 ... Business ... Five Arab nations have suspended diplomatic relations with Qatar, \nand four of ... to leave some Persian Gulf countries where they had been posted. \n.... The most notable of those deals came in April, when Qatar paid a huge .... \n2017, on Page A1 of the New York edition with the headline: 5 Arab\u00a0...",
    "The kafala system is a system used to monitor migrant laborers, working primarily \nin the construction and domestic sectors, in Lebanon, Bahrain, Iraq, Jordan, \nKuwait, Oman, Qatar, Saudi Arabia, and the UAE. The system requires all \nunskilled laborers to have an in-country sponsor, ... In 2009, Bahrain was the first \ncountry in the Gulf Cooperation Council (GCC)\u00a0...",
    "Gulf Times - Qatar's top-selling English daily newspaper published in Qatar and \nprovide the ... cultural and artistic locally and internationally, and much much \nmore.",
    "Jun 23, 2017 ... Turkey rejects demands from Gulf Arab states in Qatar dispute ... Qatar, saying \nAnkara has no plans to shut down its military base in the small Gulf country. ... \nAccording to the Milliyet newspaper's online edition, he also said that \u201cno one \nshould ... In addition, Qatar must pay an unspecified sum in reparations.",
    "Apr 5, 2017 ... Hundreds of Asian workers pay recruitment fees for jobs building World ... \naccording to an investigation funded by the Gulf state's World Cup ... Version INT-\nUK; Search ... while more than three-quarters of the 253 workers interviewed said \n... In December, Qatar passed a new law which allows the country's\u00a0..."
  ],
  "displayUrl": [
    "www.theguardian.com",
    "www.cnn.com",
    "www.theguardian.com",
    "www.aljazeera.com",
    "uk.businessinsider.com",
    "www.nytimes.com",
    "en.wikipedia.org",
    "www.gulf-times.com",
    "www.pbs.org",
    "www.eurosport.com"
  ]
}