{
  "id": "Q363_R58_C3",
  "initial_query": "'Gulf Country' 'Qatar' 'Gulf' workers view region pay paying think is salary",
  "relaxed_query": "'Gulf Country' 'Qatar' 'Gulf' workers view region pay paying think is salary",
  "links": [
    "http://www.migrationpolicy.org/article/labor-migration-united-arab-emirates-challenges-and-responses",
    "https://en.wikipedia.org/wiki/Foreign_worker",
    "https://wanderwisdom.com/travel-destinations/Gulf_States_Working",
    "https://cabincrewexcellence.com/thinking-of-becoming-cabin-crew-salaries-benefits-contracts-explained/",
    "http://www.hays.ae/cs/groups/hays_common/@ae/@content/documents/digitalasset/hays_1313021.pdf",
    "http://gulfnews.com/guides/life/career/5-countries-with-highest-salaries-for-expat-nurses-1.1823649",
    "https://www.hrw.org/news/2017/07/13/qatar-isolation-causing-rights-abuses",
    "http://www.aljazeera.com/humanrights/2014/05/qatar-announces-changes-labour-system-2014513115014474205.html",
    "http://gulfnews.com/business/economy/uae-salary-guide-2015-are-you-being-paid-enough-1.1458641",
    "http://www.un.org/esa/population/migration/turin/Symposium_Turin_files/P03_Shah.pdf"
  ],
  "snippets": [
    "Sep 18, 2013 ... India, Bangladesh, and Pakistan are the top countries of origin of ... located in the \nGulf Cooperation Council (GCC) region\u2014has become a popular ... The GCC \nregion\u2014Bahrain, Kuwait, Oman, Qatar, Saudi Arabia, and the .... of salaries (\ndespite a mandatory electronic payment system in place since 2009).",
    "See also: Expatriate and Migrant worker. Foreign farmworker in New York. A \nforeign worker or guest worker is a person who works in a country other than the \none of which ... Foreign workers by country or wider region[edit] .... With regards \nto injuries and death, workers or their dependents are not paid due \ncompensation.",
    "Oct 10, 2013 ... Jobs in Dubai, Abu Dhabi, Qatar, Kuwait, Oman, Saudi Arabia. ... Satellite View of \nthe Gulf States .... country's policy on overseas income and whether you are paid \n... In the Gulf region, a job comes with a 'package', not a simple wage ... It may not \nbe fair, but with no workers' representation it's not about to\u00a0...",
    "Per Diem (a daily meal allowance paid when crew lay-over in other cities than \ntheir ... one of the major airlines in the Middle East or the Gulf region (Qatar \nAirways, ... the airline and that you are a legal resident of the country the airline is \nbased in. ..... airline options(for personal point of view) are Emirates , Qatar and \nRyanair.",
    "experience a positive pay review and see opportunity for personal ... I think we all \nknow that a larger salary shouldn't be the only ... 41. Chris Greaves, Managing \nDirector, Hays Gulf Region ... cities, our survey shows that the attitude of \nemployees .... Paid overtime ..... style attractive' UAE and into Qatar and Saudi \nArabia.",
    "Aug 8, 2017 ... Here are the five countries paying the highest salaries for registered ... For pay \nscales in healthcare, nurses fall in Band 5 or above depending on experience \nand qualifications. ... See here for information on how to pass the entrance exam, \n.... every month, it is your go to source for information on the region.",
    "Jul 12, 2017 ... Families Separated; Workers Stranded; Education, Medical Care Interrupted .... \nabuses that workers said they faced, including non-payment of salaries. ... \nleaders have accused of fomenting terrorism and unrest across the region. ... \"\nGulf countries need to take a step back and see the harm they are doing to\u00a0...",
    "May 15, 2014 ... The proposals include abolishing the country's \"sponsor\" system, under ... Qatar's \nexit permit system, in which workers are currently required to ... International has \nsaid the labour systems prevalent in the Gulf states, ... that it's unfair to prevent \nworkers from leaving for better-paid jobs. ... Tell us what you think.",
    "Feb 18, 2015 ... Dubai: If you are planning to ask for a salary increase this year, it is important to ... \nindustries in the UAE and the rest of the Gulf Cooperation Council (GCC) region. \n... more than 2,000 employees and 200 employers throughout the Middle East. \n..... I think they asked people how much they wanted to be paid.",
    "May 5, 2006 ... interfere with the immigration level while Qatar stated that it had a policy ... the \nGulf region indicate that in all six countries the trend towards restricting the \ninflows has ... policy is by putting a salary ceiling on workers who are allowed to \n.... certain specialized tests such as an MRI additional fee must be paid."
  ],
  "displayUrl": [
    "www.migrationpolicy.org",
    "en.wikipedia.org",
    "wanderwisdom.com",
    "cabincrewexcellence.com",
    "www.hays.ae",
    "gulfnews.com",
    "www.hrw.org",
    "www.aljazeera.com",
    "gulfnews.com",
    "www.un.org"
  ]
}