{
  "id": "Q365_R13_C1",
  "initial_query": "'Work Permit' 'Work Permit WP' just company how experience finish get vary many",
  "relaxed_query": "'Work Permit' 'Work Permit WP' just company how experience finish get vary many",
  "links": [
    "http://www.cic.gc.ca/english/study/work-coop.asp",
    "http://www.mom.gov.sg/passes-and-permits/work-permit-for-foreign-worker/sector-specific-rules/construction-sector-requirements",
    "http://www.cic.gc.ca/english/information/applications/guides/5580ETOC.asp",
    "http://immigrationcanada.pro/immigration-rules/work-permits/",
    "http://www.cic.gc.ca/english/study/work-offcampus.asp",
    "http://www.germany-visa.org/working-germany-getting-german-work-permit/",
    "https://en.wikipedia.org/wiki/Work_permit_(United_Kingdom)",
    "https://www.singapore-visa.net/work-permit",
    "https://www.iamexpat.nl/expat-info/official-issues/work-permit-netherlands",
    "http://www.canadavisa.com/post-graduation-work-permit-program.html"
  ],
  "snippets": [
    "Jul 17, 2017 ... Some programs include work experience as part of their curriculum. You may \napply for a co-op or intern work permit if: ... need to complete work placements to \nget their degree; your co-op or ... You then only need to apply for a study permit \nand we will process the work permit as part of your application.",
    "Jul 14, 2017 ... Specific Work Permit requirements for the construction sector, including ... You \ncan only hire foreign workers who satisfy the conditions for ... They may qualify for \na waiver if they have at least 3 years of construction experience in Singapore. ... \nCompany letter listing the number of workers the levy bond is for.",
    "6 days ago ... What you must do to have your application processed. ... may impose, vary or \ncancel conditions when issuing a work permit. ... To be able to work, students will \nneed a co-op work permit and a ... institution to gain valuable Canadian work \nexperience. .... Get instructions to complete a medical examination.",
    "Detailed information and help on obtaining a Canadian work permit from \noverseas. ... business or government are exempt from obtaining a work permit, \nonly if they do .... There are a number of specific requirements, including percent \nownership .... foreign worker's educational qualifications and work experience to \nensure\u00a0...",
    "Jul 17, 2017 ... Business ... If you have a study permit and an off-campus work permit, you can \nkeep ... are now studying part-time only because this is your last semester (and \nyou don't need a full course-load to complete your program). ... You must apply to \nchange the conditions of your study permit and pay a fee if:.",
    "Getting a gainful employment in Germany involves holding a work permit, as an \n... Carrying a valid passport or ID when moving to Germany is the only ... into \npermanent residence visa, so it is very important applying for the correct visa. .... \nGerman companies might require from you to submit the job application in a hard \ncopy\u00a0...",
    "The UK Work Permit scheme was an immigration category used to encourage \nskilled workers ... The application for a work permit must be made by the \nsponsoring company. ... In order to change employer, a prospective employer will \nneed to apply to the UK Border Agency to transfer the work permit prior to starting \nwork with\u00a0...",
    "The Work Permit is an official name of the working pass given to unskilled foreign \n... The hiring company can appeal the rejected working pass successfully only if \nall of the .... The total number of WP holders was 991,300 in December 2014. ... \nForeign students who complete their studies in Singapore have a chance to get\u00a0...",
    "Information on work permit in the Netherlands including types of Dutch work \npermits and ... Only after these recruitment efforts have not led to a suitable \ncandidate can an ... GVVA / Single Permit & Work experience in the Netherlands \n... highly skilled migrant permit to apply for a change of residence permit into EU \nBlue Card,\u00a0...",
    "Post-Graduation Work Permits For International Students In Canada. Many \ninternational students who complete post-secondary education in Canada wish \nto ... Once they have completed their studies in an eligible program at an eligible \n... but only if the student is enrolled in one of the programs of study leading to a \ndegree,\u00a0..."
  ],
  "displayUrl": [
    "www.cic.gc.ca",
    "www.mom.gov.sg",
    "www.cic.gc.ca",
    "immigrationcanada.pro",
    "www.cic.gc.ca",
    "www.germany-visa.org",
    "en.wikipedia.org",
    "www.singapore-visa.net",
    "www.iamexpat.nl",
    "www.canadavisa.com"
  ]
}