{
  "id": "Q365_R13_C4",
  "initial_query": "'Work Permit' 'Work Permit Tepgam67' 'Work' how clearance visa residence finish being give long",
  "relaxed_query": "'Work Permit' 'Work Permit Tepgam67' how finish being long",
  "links": [
    "http://www.mom.gov.sg/passes-and-permits/training-work-permit",
    "http://www.migri.fi/working_in_finland",
    "http://www.migri.fi/residence_permits/permit_types"
  ],
  "snippets": [
    "Aug 25, 2017 ... The Training Work Permit is for unskilled or semi-skilled foreign trainees \nundergoing practical training in Singapore for up to 6 months. Find out\u00a0...",
    "If you have been granted a residence permit on the grounds of being a victim of \nhuman trafficking, you have the right to work in Finland without limitations.",
    "A residence permit may either be for a fixed term or be permanent. ... bears the \nletter P and an EU residence permit for third-country nationals with long-term EU\n\u00a0..."
  ],
  "displayUrl": [
    "www.mom.gov.sg",
    "www.migri.fi",
    "www.migri.fi"
  ]
}