{
  "id": "Q372_R1_C7",
  "initial_query": "'Delhi' 'National Area' 'DELHI SWEETS' jalebis laddoos please musheirib get called know small",
  "relaxed_query": "'Delhi' 'National Area' 'DELHI SWEETS' jalebis laddoos please get called know small",
  "links": [
    "https://blogs.timesofindia.indiatimes.com/paperweight/60-years-ago-you-could-get-back-your-lost-cash/",
    "https://www.zomato.com/ncr/evergreen-sweet-house-green-park-new-delhi",
    "https://en.wikipedia.org/wiki/Chandni_Chowk",
    "http://traveltriangle.com/blog/best-street-food-in-delhi/",
    "http://food.ndtv.com/lists/best-street-foods-in-old-delhi-747982",
    "https://www.placeoforigin.in/sweets-confectionery/sweets",
    "https://www.indiamart.com/delhiironstore/equipments-used-in-sweet-shops.html",
    "http://www.huffingtonpost.in/anubhav-sapra/11-musttry-iftar-eateries_1_b_7685156.html",
    "https://www.makemytrip.com/blog/famous-dishes-of-Delhi",
    "http://www.thehindu.com/features/metroplus/Delhi-boy%E2%80%99s-Diwali-diary/article16086100.ece"
  ],
  "snippets": [
    "Dec 7, 2016 ... So, is daulat ki chaat the definitive Delhi mithai? ... Ghantewala, as it is called, \nclaims to have been around since 1790, and one of its many\u00a0...",
    "Evergreen Sweet House New Delhi; Evergreen Sweet House, Green Park; ... \nNumber, Maps and more for Evergreen Sweet House Restaurant on Zomato. ... \nCampus Bloggers and 1270 others have reviewed this place ... \u201cThe ground floor \nis the snacks section while the main dining area is on the 1st Floor\u201d - Raghav \nSood.",
    "The Chandni Chowk (Moonlight Square) is one of the oldest and busiest markets \nin Old Delhi, ... The bazaar was famous for its silver merchants, which also have \ncontributed to the ... 'Chandni Chowk' to Fatehpuri Masjid: this was called the \nFatehpuri Bazar. .... The jalebi wala serves city's crispiest jalebis. .... National \nCapital",
    "Aug 11, 2015 ... 26 Places To Try Street Food In Delhi That Is Worth Every Calorie .... with chili \nsauce (commonly known as momos wali chutney in Delhi) ... Where to try: You \nwill only get this food of Delhi in Chandni Chowk ... Please tell who doesn't. .... to \ntry: Jalebi wala in Chandni Chowk, Pandara Road, Bangla Sweets in\u00a0...",
    "Aug 27, 2017 ... Travel through the swarming streets of Old Delhi and let delicious aromas ... They \nhave only two items on the menu \u2013 dahi bhalla and aloo tikki. ... They sell a frothy, \ncreamy sweet, famously known as 'Daulat ki Chaat'. ... Located at the Dariba \nKalan Road in Chandni Chowk, the jalebis here are the real deal.",
    "You even have the option of buying gift boxes full of sweets to send to your sister \nto let her know you miss her or getting a box of sugar free sweets for your\u00a0...",
    "Manufacturer of Equipments mostly used in Sweet shops - Khoya Making ... of \nSweet Shop Equipments, which are widely used in small restaurants, road side ... \nDelhi Iron Store is one of the specialized Manufacturers, Exporters .... range of \nJalebi Kadai used for preparing jalebi,imartis,ghewar,mal pura and ... Laddoo \nJhara.",
    "Jun 29, 2015 ... During iftar, Old Delhi becomes a paradise for food connoisseurs. ... vats of \nbuffalo biryani, grilling botis and kebabs and hot paneer jalebi. ... During Ramzan\n, Haji sa'ab also sells keema goli, which are small .... also known as Biryani Mirch \nMasala, is right opposite Ameer Sweet ... Please try again later.",
    "Apr 3, 2017 ... Now, I have to admit this blog sure got me in a tizzy. ... Chandni Chowk is \nundoubtedly the Street Food Capital of Delhi, and ... every office building, \nhousing area and market place selling Momos. ... Now that you know my list of \ntop 10 famous dishes of Delhi, it is time to head out and satiate your taste buds.",
    "Dec 2, 2016 ... \u201cDelhi is my home. ... But film commitments have to be met,\u201d says Siddharth on \nthe ... As I was small then I would hide behind our parents and watch, ... My \nfavourite sweets were jalebis and besan ke laddus.\u201d ... and maternal forefathers \ncame from what is now called Pakistan. ... Please Email the Editor."
  ],
  "displayUrl": [
    "blogs.timesofindia.indiatimes.com",
    "www.zomato.com",
    "en.wikipedia.org",
    "traveltriangle.com",
    "food.ndtv.com",
    "www.placeoforigin.in",
    "www.indiamart.com",
    "www.huffingtonpost.in",
    "www.makemytrip.com",
    "www.thehindu.com"
  ]
}