{
  "id": "Q372_R1_C2",
  "initial_query": "'Delhi' 'National Area' 'DELHI SWEETS' laddoos jalebis please musheirib get know called small",
  "relaxed_query": "'Delhi' 'National Area' 'DELHI SWEETS' laddoos jalebis please get know called small",
  "links": [
    "https://blogs.timesofindia.indiatimes.com/paperweight/60-years-ago-you-could-get-back-your-lost-cash/",
    "https://en.wikipedia.org/wiki/Chandni_Chowk",
    "https://www.zomato.com/ncr/evergreen-sweet-house-green-park-new-delhi",
    "https://en.wikipedia.org/wiki/South_Asian_sweets",
    "http://food.ndtv.com/lists/best-street-foods-in-old-delhi-747982",
    "http://traveltriangle.com/blog/best-street-food-in-delhi/",
    "https://www.indiamart.com/delhiironstore/equipments-used-in-sweet-shops.html",
    "https://www.makemytrip.com/blog/famous-dishes-of-Delhi",
    "http://www.huffingtonpost.in/anubhav-sapra/11-musttry-iftar-eateries_1_b_7685156.html",
    "http://tasteofnepal.blogspot.com/2012/09/the-traditional-sweets-of-nepal-part-1.html"
  ],
  "snippets": [
    "Dec 7, 2016 ... The sugar sprinkled over the chaat is called karara and it is a coarsely powdered \nform of ... So, is daulat ki chaat the definitive Delhi mithai?",
    "The Chandni Chowk (Moonlight Square) is one of the oldest and busiest markets \nin Old Delhi, ... 'Chandni Chowk' to Fatehpuri Masjid: this was called the \nFatehpuri Bazar. ... One of the largest preserved havelis in the area is the \nChunnamal haveli. ... A particular local delicacy are the jalebis, which are fried in \npure ghee\u00a0...",
    "Evergreen Sweet House New Delhi; Evergreen Sweet House, Green Park; ... \nNumber, Maps and more for Evergreen Sweet House Restaurant on Zomato. ... \nGet Directions ... \u201cThe ground floor is the snacks section while the main dining \narea is on the 1st Floor\u201d - Raghav Sood .... Chat platter, jalebi, Paw Bhaji, coconut \nbarfi",
    "Sohan Halwa at Ghantewala in Chandni Chowk, Delhi.jpg. Sohan sweets in \nIndia. Indian sweet shop.jpg. Street sweets in India. A sample of South Asian \nsweets. South Asian sweets are the confectionery and desserts of the Indian \nsubcontinent. Thousands ... In Pakistan & India's diverse languages, sweets are \ncalled by numerous\u00a0...",
    "Aug 27, 2017 ... Travel through the swarming streets of Old Delhi and let delicious aromas ... new \nways, and sometimes, even get into the kitchen and recreate. ... They sell a frothy, \ncreamy sweet, famously known as 'Daulat ki Chaat'. ... Located at the Dariba \nKalan Road in Chandni Chowk, the jalebis here are the real deal.",
    "Aug 11, 2015 ... 26 Places To Try Street Food In Delhi That Is Worth Every Calorie .... with chili \nsauce (commonly known as momos wali chutney in Delhi) ... Where to try: You \nwill only get this food of Delhi in Chandni Chowk ... Please tell who doesn't. .... to \ntry: Jalebi wala in Chandni Chowk, Pandara Road, Bangla Sweets in\u00a0...",
    "Manufacturer of Equipments mostly used in Sweet shops - Khoya Making ... of \nSweet Shop Equipments, which are widely used in small restaurants, road side ... \nDelhi Iron Store is one of the specialized Manufacturers, Exporters .... range of \nJalebi Kadai used for preparing jalebi,imartis,ghewar,mal pura and ... Laddoo \nJhara.",
    "Apr 3, 2017 ... Chandni Chowk is undoubtedly the Street Food Capital of Delhi, and ... every \noffice building, housing area and market place selling Momos. ... From the piping-\nhot Jalebis and lip-smacking Rabri Falooda, ... Now that you know my list of top \n10 famous dishes of Delhi, it is time to ... If i get a car hired for rs.",
    "Jun 29, 2015 ... During iftar, Old Delhi becomes a paradise for food connoisseurs. ... vats of \nbuffalo biryani, grilling botis and kebabs and hot paneer jalebi. ... During Ramzan\n, Haji sa'ab also sells keema goli, which are small .... also known as Biryani Mirch \nMasala, is right opposite Ameer Sweet ... Please try again later.",
    "Sep 4, 2012 ... The traditional sweets of Nepal are called \"Mithai\" or \"Guleo ... Jeri, also known \nas jalebi or jilphi, are one of the most common sweets in ... Peda, a small, round \npatties prepared from thickened milk, is a .... Please check my cookbook \"Taste of \nNepal\" for more Nepali dessert ... Best Sweets shop in Delhi."
  ],
  "displayUrl": [
    "blogs.timesofindia.indiatimes.com",
    "en.wikipedia.org",
    "www.zomato.com",
    "en.wikipedia.org",
    "food.ndtv.com",
    "traveltriangle.com",
    "www.indiamart.com",
    "www.makemytrip.com",
    "www.huffingtonpost.in",
    "tasteofnepal.blogspot.com"
  ]
}