{
  "id": "Q373_R23_C3",
  "initial_query": "'Doha Airport' 'Doha Malls' 'Doha' cheaper v/s items ok read are compared bad",
  "relaxed_query": "'Doha Airport' 'Doha Malls' 'Doha' cheaper v/s items ok read are compared bad",
  "links": [
    "https://www.booking.com/city/qa/doha.html",
    "http://www.livingindubai.org/dubai-vs-qatar/",
    "https://www.sleepinginairports.net/mideast/doha.htm",
    "http://www.telegraph.co.uk/expat/before-you-go/moving-guide-10-things-to-know-before-relocating-to-qatar/",
    "https://dohahamadairport.com/",
    "https://www.forbes.com/sites/kenrapoza/2014/04/01/why-uae-and-qatar-have-the-worlds-best-airlines/",
    "https://pinayflyinghigh.com/reasons-why-living-in-dubai-will-ruin-you-for-life/",
    "https://www.onlineqatar.com/living/laws-regulations.aspx",
    "http://onemileatatime.boardingarea.com/2016/08/08/oryx-lounge-doha-airport-review/",
    "http://www.fourseasons.com/doha/"
  ],
  "snippets": [
    "Read hotel reviews and choose the best hotel deal for your stay. ... The ultra-\nmodern Doha is best known for its busy airport, impressive skyline and ... From its \nold souqs (open-air markets) to new shopping malls, Doha is home to half of .... \nfor stroll, dining and just relaxing...there's also a beach for a fee but amenities are \nok.",
    "Jun 16, 2015 ... Qatar, just a 45 minute flight from Dubai International Airport, ... If you're addicted \nto mall-life in Dubai, you'll find malls in Doha, with many of the ... an entirely \ncredible competitor for Emirates, and often considerably cheaper, too. ... Qatar is \nquieter, that's for sure, but that's no bad thing. ... Accept Read More\u00a0...",
    "Jul 31, 2017 ... Reviews of Doha Airport written by travellers. Airport guide contains information \nabout airport lounges, wifi, nearby hotels, hours of operation, ... Airport feels like a \nmall, with many high-end and duty-free shops. .... To report errors, or to add/\nchange any items mentioned in the guide, please contact us.",
    "Oct 15, 2015 ... Doha Airport' ... Firstly, not all expats are allowed to bring their families with them \nto Qatar. .... Women walking in a mall in Qatar ... cheap petrol, many everyday \ngoods are more expensive in Qatar than in the UK. ... READ MORE ABOUT: .... \nBritish retirement: living costs, property and pension tax compared.",
    "We're 6th and rising in the SKYTRAX World Airport Award ... Take \"HIA Qatar\" \napp with you ... WELCOME TO HAMAD INTERNATIONAL AIRPORT, QATAR.",
    "Apr 1, 2014 ... The dinner is not bad, sort of like an Applebees. ... sleeping on the floor in the \nairport because there's no room at the local Inn. Fair comparison?",
    "You may take it as good or bad but definitely most of it are good. .... Even the \nDubai outlet mall is expensive (at least for me). ... You realize salons and spas \nare cheap in Dubai (comparing to the US). ...... I have live in Doha Qatar but with \nwhat i have read and the experience i had in Dubai airport when i was ... Dubai is \nok.",
    "Also, foreign nationals are not allowed to leave Qatar, without taking ... Among \nother prohibited items are knives, daggers and pornographic material. .... \nPhilippino want the money from the man and the man pay cheap for very used ... I \nwonder if a special firearms form is needed in Doha airport because we are in \ntransit.",
    "Aug 8, 2016 ... Review of the Oryx Lounge at Doha's Hamad International Airport, which is ... \nlimited, at least compared to Qatar Airways' lounges at the airport.",
    "5 days ago ... With palatial Arabic luxury \u2013 right on the sea, in the heart of the city \u2013 Four \nSeasons Hotel Doha is smoothly efficient as a business hotel and\u00a0..."
  ],
  "displayUrl": [
    "www.booking.com",
    "www.livingindubai.org",
    "www.sleepinginairports.net",
    "www.telegraph.co.uk",
    "dohahamadairport.com",
    "www.forbes.com",
    "pinayflyinghigh.com",
    "www.onlineqatar.com",
    "onemileatatime.boardingarea.com",
    "www.fourseasons.com"
  ]
}