{
  "id": "Q375_R1_C5",
  "initial_query": "'Ministry' 'Nanny' 'Child' babysitting nursery baby months babysitting resume looking careful",
  "relaxed_query": "'Ministry' 'Nanny' 'Child' babysitting nursery baby months babysitting resume looking careful",
  "links": [
    "https://www.care.com/c/stories/2636/child-care-jobs-9-ways-to-get-the-salary-you-want/",
    "https://www.nichd.nih.gov/publications/pubs/documents/seccyd_06.pdf",
    "https://growingleaders.com/blog/3-mistakes-we-make-leading-kids/",
    "http://www.dailymail.co.uk/femail/article-2007063/Still-think-theyre-safe-nursery-As-mothers-rely-childcare-disturbing-investigation.html",
    "https://susanireland.com/job-lounge/lets-see-your-best-cover-letter-ever-sample-cover-letters/",
    "http://www.dailymail.co.uk/femail/article-526248/The-shocking-truth-daycare-nurseries-creches.html",
    "https://en.wikipedia.org/wiki/The_Omen",
    "http://www.dailymail.co.uk/femail/article-2266423/Royal-Family-nannies-From-Queens-team-nursemaids-Prince-Williams-flexible-parental-aide.html",
    "http://redtri.com/new-york/mom-groups-clubs/",
    "https://www.pinterest.com/pin/74942781272850367/"
  ],
  "snippets": [
    "Figure out how much you should get paid for your babysitting or nanny job. ... \nBefore you look for a position, Care.com's child care expert Carolyn Stolov \nsuggests figuring out the salary ... ... Use this sample babysitter resume as a \ntemplate. ... Stolov recommends scheduling formal meetings, perhaps once a \nmonth, so both\u00a0...",
    "child care is now a fact of life for many american families, and many parents now \nuse child care from their ... the relationships between child care and children's \ndevelopment. the study examines ..... some non-maternal care by 6 months of \nage. results from the ... nannies, family child care homes, and center-based care.",
    "Feb 15, 2013 ... \u201cChildren of risk-averse parents have lower test scores and are ... on eye-contact \nbecause he tended to look down after each response. .... Be careful you aren't \nteaching them that emotions can be healed by a trip to the mall. ..... life as \nbabysitter, your job is to prepare your kids for the tough world out there.",
    "Jun 23, 2011 ... Toddlers force-fed, babies left in soiled nappies, even sexual abuse... as ... horror \nstories are emerging about childcare we look at some of the worst .... One in \nseven childcare services is failing to keep children safe, according to ... at the \nnursery involved a 14-month-old boy who was refusing to eat lunch.",
    "Use your cover letter as a bridge between the job posting and your resume to \npaint ..... I'm trying to put together a cover letter for the child care sector and am \nhaving trouble. ... I have five years experience as a live out nanny and babysitter \nand have .... Perhaps you can see how to do that by looking at some of the other \ncover\u00a0...",
    "Mar 6, 2008 ... We'd had a tip-off that its supervision of babies and toddlers was unacceptable. ... \nWith so many children to look after, I could barely make sure they were .... the \ncase, I assumed the company would toughen up its vetting of nannies. ... Her \nfalse CV went unchecked and, months after the disappearance of\u00a0...",
    "The Omen is a 1976 British-American supernatural horror film directed by \nRichard Donner, and ... They name the child Damien (Harvey Spencer Stephens)\n. ... Thorn home; Damien's nanny publicly hangs herself at his fifth birthday party; \na new ... A fire destroyed the hospital records and the maternity and nursery \nwards five\u00a0...",
    "Jan 22, 2013 ... Will and Kate may be modern parents but Baby Cambridge will still need a helper \n... pictured with a three-year-old William and Harry, 18 months, was determined to \nplay ... part-time help for the care of their child care rather than a full-time nanny. \n... She continued: 'As a child, the Queen's nanny, Clara Knight\u00a0...",
    "Aug 23, 2017 ... Whether you're a new parent, a father looking to meet other dads or in search of a \nlocal playgroup for your kid there's a group for you! ... together, Infant and Toddler \nSafety and CPR Class, Nanny Safety Class, and an Expectant Moms Dinner. .... \nFor nine dollars a month, members can participate in Meetup\u00a0...",
    "Oct 6, 2016 ... Infant Care and Babysitting Flyer Template Design by StockLayouts ... Looking \nfor a babysitting flyer or template design? ... Log 0-6 months Nanny Log Baby's \nDay by HoneyBeeOrganizing ..... Beautiful resume template for a creative \nindustry ...... Vintage Baby Nursery Crossstitch by PeppermintandCocoa\u00a0..."
  ],
  "displayUrl": [
    "www.care.com",
    "www.nichd.nih.gov",
    "growingleaders.com",
    "www.dailymail.co.uk",
    "susanireland.com",
    "www.dailymail.co.uk",
    "en.wikipedia.org",
    "www.dailymail.co.uk",
    "redtri.com",
    "www.pinterest.com"
  ]
}