{
  "id": "Q375_R1_C10",
  "initial_query": " babysitting hi doha baby babysitting looking resume young old available",
  "relaxed_query": " babysitting hi doha baby babysitting looking resume young old available",
  "links": [
    "http://www.greataupair.com/Nanny_Jobs_Work/Babysitter_Tutor_AuPair/British-N.htm",
    "https://www.indeed.com/q-Babysitter-jobs.html",
    "http://www.greataupair.com/Hire_Nanny_Babysitter/Aupair_Tutor_Housekeeper/Filipino-N.htm",
    "https://www.gumtree.com/babysitting-nannies-jobs",
    "http://www.childcarecollege.co.za/index.php?pageID=2",
    "http://www.imperialnannies.com/overseasnannies.aspx",
    "http://www.nannytata.com/nanny-jobs/",
    "https://saintmarysdubai.org/job-opportunities",
    "http://www.bourgas.com/ads/jobs.htm",
    "http://maidcv.com/ViewJobs"
  ],
  "snippets": [
    "Find British families offering jobs for Nanny, Babysitter, Tutor, Housekeeper or Au \n... old baby girl, we are looking for a live-in Nanny to help us with our baby. ..... Au \nPair wanted for young family in Chamonix, 2446011. Chamonix-Mont-Blanc, \nFrance. Hi, We are a family of 4 living in the mountains in Chamonix, 45 minutes\n\u00a0...",
    "68347 Babysitter Jobs available on Indeed.com. one search. all jobs. ... Upload \nyour resume - Let employers find you ... Nanny / Sitter / Child Care / Part time Au \nPair ... The children are 7 years old, 5 years old, and 6 months old ... FREMONT, \nCA- Wonderful family looking for a NANNY M-F 3-8PM and Saturdays 10AM-5PM\n\u00a0...",
    "Filipino Caregiver - Find a Filipino Nanny, Babysitter or Au Pair. ... Filipino \nNannies, Babysitters, Au Pairs and Caregivers available for hire. ... Au Pair in \nJones, Isabela, Philippines looking for a job: 2373140 .... Hi, my name is Marjorie, \n26yr old. .... as a nanny of a new born baby in Singapore before and his 5 years \nold sister.",
    "Au pair, nanny and babysitter positions are available for anyone willing to ... We \nhave a fantastic new offer for a young, bright and enthusiastic English governess. \n... Hi, We are a couple, looking for a part-time nanny who can work Monday and \n... We are a busy family in West Hampstead with 2 children (a baby and a toddler)\n.",
    "You will be a nanny with at least one year experience in child care or au pair \nwork. ... Please email your CV with details of your previous child care/au pair ... \nWell established school in Fairland is looking for a 3-4 year old teacher to start 1 \n... Establishing & promoting high standards & expectations for all children & staff;\n\u00a0...",
    "Available for interviews and trial in London by 10th September. ... While they are \nat school helping the baby nanny to take care of twins, ... A returning client of \nImperial Nannies is looking for a nanny for their other child who is nearly 2 years \nold. ... Imperial Nannies please email a copy of your CV to tania@imperialstaff.\ncom\u00a0...",
    "Ideal candidate is creative, loves young children and has some Kindergarten or \nnursery .... Un soir de babysitting avec moniteur (enfant dorm pendant la nuit) ... \nmay email directly lara@nannytata.com with updated CV, references and photo. \n... VIP family with four month old baby seeking temporary maternity care whilst \ntheir\u00a0...",
    "Interested candidate may please send their CV to js@js-uae.com .... Job planning\n, interdepartmental collaboration and coordination to ensure high delivery ... We \nare looking for sales person to work in an Exhibitions company in Jebel Ali. Job \nfunction .... Great career Opportunities Available at Noon & Kabab Restaurant llc.",
    "Interested Applicants are to submit Their cv / resume JOHN email: ... Visas and \nJobs Available in USA and Canada .... doha, Qatar, 11:38 16/Aug/017 ... Hi am \nmishi matano from Kenya Mombasa east of African am looking for a job \noversears a sponsor to relocate ... Looking for cleaner house keeper Driver \nsecurity babysitter",
    "We are a young Saudi family of 4, we live in Riyadh, Saudi in a four bedroom \nhome .... Looking for a maid/nanny for a small family with new born baby ... Hi. I \nam looking for a live-out maid who knows how to cook and has a UAE Driver's .... \n6 month old baby during the week with some house cleaning but mostly \nbabysitting."
  ],
  "displayUrl": [
    "www.greataupair.com",
    "www.indeed.com",
    "www.greataupair.com",
    "www.gumtree.com",
    "www.childcarecollege.co.za",
    "www.imperialnannies.com",
    "www.nannytata.com",
    "saintmarysdubai.org",
    "www.bourgas.com",
    "maidcv.com"
  ]
}