{
  "id": "Q379_R22_C8",
  "initial_query": "'Tennis' 'Club' 'Doha' game http friends clubs like join play expatriate",
  "relaxed_query": "'Tennis' 'Club' 'Doha' game http friends clubs like join play expatriate",
  "links": [
    "https://www.internations.org/qatar-expats",
    "https://duplays.com/",
    "https://www.internations.org/muscat-expats/forum/tennis-or-squash-anyone-1337963",
    "http://www.expatwoman.com/qatar/monthly_qatar_education_after_school_activities_7941.aspx",
    "http://www.expat.com/forum/viewtopic.php?id=350958",
    "http://qsports.qa/pages/services",
    "https://www.bahrainpropertyworld.com/expat-information/bahrain-expat-clubs-and-society-clubs/",
    "http://www.justhere.qa/2013/08/clubs-in-qatar/",
    "https://www.meetup.com/topics/sports-and-socials/all/",
    "https://en.wikipedia.org/wiki/Angelique_Kerber"
  ],
  "snippets": [
    "Make friends at our expat events & activities in Doha. ... Join now, it's free ... But \nit's not all work and no play, Qatar is an exceedingly wealthy country and, ... Feel \nfree to check out our vibrant InterNations Communities in countries like Saudi .... \nWith a huge range of sports, clubs and activities available in our community,\u00a0...",
    "Book a facility or join a league - perfect for friends, events & team building. ... Play \nFind & book online anything from football pitches to badminton courts! ... Tennis. \nBadminton. Beach Volleyball. City Sport Date. How to book a sports facility? \nExplore. Search for the perfect venue for your next game by selecting the city, \nsport\u00a0...",
    "They have Olympic standard swimming pool, 6 tennis courts, 4 squash .... \nInterNations Muscat Racket Games ... I am a beginner tennis player and would \nlike to join the facility for other activities as well. ... i play Tennis with a friend we \nare beginner , i agree with Paul for volleyball , i wait .... Connect with other expats \nin Muscat.",
    "New friends :) .... Looking for after school activties to keep the little ones \nentertained in Doha, ... Our weekly classes and activities include:Interactive, fast \npaced games; ... Allow your children to play in the Mini Tennis colour stage that is \nappropriate to ..... Please contact us if your child would like to join the worldwide \nfamily of\u00a0...",
    "Searched for table tennis place and all what I found is just the ... So if anyone is \ninterested to join so we can practice together, it will be .... I am crazy about this \ngame and my style is shakehand offensive topspin. .... Doha. I'm in, not a Pro but \na very good TT player. Ahmed. Like ...... Looking for new friends.",
    "'Arab Games 2011 Basketball Tournament' which was a 3 day event staged in \nCity Center, Doha with 32 adult and school teams competing on a specially \ndesigned court in the centre of the mall. ... sign up and play pick-up games or \nsimply practice in professional sports facilities with like-minded sports enthusiasts\n---all for a\u00a0...",
    "Bahrain Expat Clubs and Society Clubs, Activities ... clubs in Bahrain that expats \nuse in order to meet new friends, socialize and sharing ... Website: http://www.\ndilmun-club.com ... Everyone is welcome to join! men, women, young , old and \nancient! ... The early days saw games played largely against local and the \noccasional\u00a0...",
    "Aug 12, 2013 ... The best leisure clubs in Qatar ... The Bay Club, Intercontinental Hotel Doha ... \nThe Ritz Carlton Doha ... Cabana Club (Radisson Blu Doha) ... Swimming pool (\n7am to 9pm); Gym (7am to 11pm); Open beach; Squash & tennis courts ..... \nWould you like to feature your club or recreational centre in our listing?",
    "4,247 Fit Friends | Walnut Creek, CA \u00b7 Bravado Sports Pickup 4,244 Soccer \nFriends | Toronto, ON .... The Hongkong table tennis meetup group 1,900 Table \ntennis lovers | Hong Kong, Hong Kong .... Let's watch games together! ..... ON \u00b7 \nMeetups to Play Table Tennis at Jasola DDA Sports Complex 756 Players | Delhi\n, India\u00a0...",
    "Angelique Kerber is a German professional tennis player and former world No. 1. \nHaving made ... A left-hander known for her aggressive counter-punching all-\ncourt game, ... in Kiel and started playing tennis at age three, eventually joining \nthe junior circuit. ..... Kerber then reached the final in Doha, losing to Simona \nHalep."
  ],
  "displayUrl": [
    "www.internations.org",
    "duplays.com",
    "www.internations.org",
    "www.expatwoman.com",
    "www.expat.com",
    "qsports.qa",
    "www.bahrainpropertyworld.com",
    "www.justhere.qa",
    "www.meetup.com",
    "en.wikipedia.org"
  ]
}