{
  "id": "Q379_R22_C2",
  "initial_query": "'Tennis' 'Club' 'Doha' play game clubs anyone like be join expatriate",
  "relaxed_query": "'Tennis' 'Club' 'Doha' play game clubs anyone like be join expatriate",
  "links": [
    "https://www.internations.org/muscat-expats/forum/tennis-or-squash-anyone-1337963",
    "http://www.expat.com/forum/viewtopic.php?id=350958",
    "https://www.internations.org/qatar-expats",
    "http://www.expatwoman.com/qatar/monthly_qatar_education_after_school_activities_7941.aspx",
    "http://lifeinqatar.com/Pages/en/article/living/fun-ways-to-stay-fit-and-healthy-around-qatar.html",
    "http://www.easyexpat.com/en/guides/qatar/doha/entertainment/sport-activities.htm",
    "http://qsports.qa/pages/services",
    "https://duplays.com/",
    "http://www.justhere.qa/2013/08/clubs-in-qatar/",
    "https://www.angloinfo.com/doha/directory/doha-expat-clubs-associations-245"
  ],
  "snippets": [
    "They have Olympic standard swimming pool, 6 tennis courts, 4 squash courts, \ngym, 4 basketball courts, table tennis, both indoor .... InterNations Muscat Racket \nGames ... 26 Aug 2014 | Doha ... I am a beginner tennis player and would like to \njoin the facility for other activities as well. .... Connect with other expats in Muscat.",
    "Table tennis player needed Doha forum. Find answers to your questions in the \nDoha forum. Blogs, pictures, forum Doha on expat.com. ... So if anyone is \ninterested to join so we can practice together, it will be great. Like ... Just love the \ngame. .... Doha. I'm in, not a Pro but a very good TT player. Ahmed. Like.",
    "Make friends at our expat events & activities in Doha. ... Join now, it's free ... But \nit's not all work and no play, Qatar is an exceedingly wealthy country and, ... Feel \nfree to check out our vibrant InterNations Communities in countries like .... groups\n, who enjoy such diverse activities as reading, table tennis, sailing, and blogging.",
    "Things for kids to do after school in Doha, Qatar: including music lessons, ... Our \nweekly classes and activities include:Interactive, fast paced games; ... Allow your \nchildren to play in the Mini Tennis colour stage that is appropriate to them. ..... \nPlease contact us if your child would like to join the worldwide family of Scouting.",
    "Doha Dragons organises dragon boat racing sessions within Qatar. If you enjoy \n... Rent a badminton court and bring a buddy to play a game or two. Call 4468\u00a0...",
    "Sport and Activities in Qatar, Entertainment in Doha, International relocation to \nDoha, ... There is a rich athletic scene in Doha, with sports leagues, teams, and \nclubs to suit ... International Tennis and Squash Complex; Qatar Sports Club \nStadium ... You can also join the Doha Rugby Club, whose membership season \nruns\u00a0...",
    "'Arab Games 2011 Basketball Tournament' which was a 3 day event staged in \nCity Center, Doha with 32 adult and school teams competing on a ... sign up and \nplay pick-up games or simply practice in professional sports facilities with ... \nstrength and conditioning programs will ensure that anyone can join our \nprograms.",
    "Book a facility or join a league - perfect for friends, events & team building. ... Play \nFind & book online anything from football pitches to badminton courts! ... Tennis. \nBadminton. Beach Volleyball. City Sport Date. How to book a sports facility? \nExplore. Search for the perfect venue for your next game by selecting the city, \nsport\u00a0...",
    "Aug 12, 2013 ... The best leisure clubs in Qatar ... The Bay Club, Intercontinental Hotel Doha ... \nThe Ritz Carlton Doha ... Cabana Club (Radisson Blu Doha) ... Swimming pool (\n7am to 9pm); Gym (7am to 11pm); Open beach; Squash & tennis courts ..... \nWould you like to feature your club or recreational centre in our listing?",
    "Expat Clubs & Associations Business Directory for Doha, the English-language \nlocal business ... Running club with regular meet-ups to run along the Corniche."
  ],
  "displayUrl": [
    "www.internations.org",
    "www.expat.com",
    "www.internations.org",
    "www.expatwoman.com",
    "lifeinqatar.com",
    "www.easyexpat.com",
    "qsports.qa",
    "duplays.com",
    "www.justhere.qa",
    "www.angloinfo.com"
  ]
}