{
  "id": "Q379_R22_C10",
  "initial_query": "'Tennis' 'Club' 'Doha' play game clubs anyone like be play expatriate",
  "relaxed_query": "'Tennis' 'Club' 'Doha' play game clubs anyone like be play expatriate",
  "links": [
    "http://www.expat.com/forum/viewtopic.php?id=350958",
    "https://www.internations.org/muscat-expats/forum/tennis-or-squash-anyone-1337963",
    "http://lifeinqatar.com/Pages/en/article/living/fun-ways-to-stay-fit-and-healthy-around-qatar.html",
    "http://www.expatwoman.com/qatar/monthly_qatar_education_after_school_activities_7941.aspx",
    "https://www.meetup.com/cities/qa/doha/",
    "http://www.timeoutdoha.com/sportandoutdoor/features/66544-doha-rugby-club",
    "http://www.independent.co.uk/news/uk/this-britain/the-expat-files-what-is-it-really-like-to-be-a-long-term-stranger-in-a-foreign-land-8294631.html",
    "https://en.wikipedia.org/wiki/Saudi_Aramco_Residential_Camp_in_Dhahran",
    "http://qsports.qa/pages/services",
    "https://duplays.com/"
  ],
  "snippets": [
    "Table tennis player needed Doha forum. Find answers to your questions in the \nDoha forum. Blogs, pictures, forum Doha on expat.com. ... So if anyone is \ninterested to join so we can practice together, it will be great. Like ... Just love the \ngame. .... Doha. I'm in, not a Pro but a very good TT player. Ahmed. Like.",
    "They have Olympic standard swimming pool, 6 tennis courts, 4 squash courts, ... I \nlive in Azaiba and i am looking for a partner to play tennis or squash (both \nbeginner) after 7pm. ... okie i definitely don't want to play with you then :p i like to \nlearn the game but by ... 26 Aug 2014 | Doha .... Connect with other expats in \nMuscat.",
    "Doha Dragons organises dragon boat racing sessions within Qatar. If you enjoy \n... Rent a badminton court and bring a buddy to play a game or two. Call 4468\u00a0...",
    "Things for kids to do after school in Doha, Qatar: including music lessons, ballet \nclasses, ... Our weekly classes and activities include:Interactive, fast paced \ngames; Sports, tumbling, ... Allow your children to play in the Mini Tennis colour \nstage that is appropriate to them. ... Swimming- H20 Swim Club www.\nh2oswimclub.com",
    "The Expats Club - Doha. We're 2,052 ... Brain Education - Holistic Body & Mind \nEvents | DOHA ... Let's play Football in Doha ... Table Tennis/Ping Pong.",
    "Sep 28, 2015 ... Discover the game in Doha Discuss this article ... Rugby is a popular sport mainly \nplayed in the Commonwealth ... Fundamentally, it's like American Football, \nwithout having separate ... The Doha Rugby Club (full name Doha Rugby \nFootball Club) started in a similar way to many Gulf expatriate clubs.",
    "Nov 10, 2012 ... The expat files: What is it really like to be a long-term stranger in a foreign .... \nsunshine, afternoons lazing in the bar, playing boules in the square or .... Hardly \nanyone is really from London; because everyone is from ... In Doha, I was living \nin a shared house with other journalists, which ... Dollar Shave Club.",
    "Saudi Aramco Residential Camp in Dhahran, known by its inhabitants as the \nDhahran Camp, ... The Dhahran camp (Aramco code: DH) is one of three original \nexpatriate oil .... Although rail service in Saudi Arabia plays a much more minor \nrole today than .... A number of the sporting groups have participated \ninternationally,\u00a0...",
    "'Arab Games 2011 Basketball Tournament' which was a 3 day event staged in \nCity Center, Doha with 32 adult and school teams competing on a specially \ndesigned court in the centre of the mall. ... sign up and play pick-up games or \nsimply practice in professional sports facilities with like-minded sports enthusiasts\n---all for a\u00a0...",
    "Want to play football, basketball, volleyball, frisbee & many other sports? ... Play \nFind & book online anything from football pitches to badminton courts! ... Tennis. \nBadminton. Beach Volleyball. City Sport Date. How to book a sports facility? \nExplore. Search for the perfect venue for your next game by selecting the city, \nsport\u00a0..."
  ],
  "displayUrl": [
    "www.expat.com",
    "www.internations.org",
    "lifeinqatar.com",
    "www.expatwoman.com",
    "www.meetup.com",
    "www.timeoutdoha.com",
    "www.independent.co.uk",
    "en.wikipedia.org",
    "qsports.qa",
    "duplays.com"
  ]
}