{
  "id": "Q379_R40_C9",
  "initial_query": "'Table Tennis' 'UK' 'Doha' hello september time tt be play qatar local",
  "relaxed_query": "'Table Tennis' 'UK' 'Doha' hello september time tt be play qatar local",
  "links": [
    "http://www.expat.com/forum/viewtopic.php?id=350958",
    "http://www.dailymail.co.uk/sport/tennis/article-4097092/Qatar-Open-2017-LIVE-tennis-scores-Andy-Murray-v-Novak-Djokovic-results.html",
    "https://en.wikipedia.org/wiki/Simona_Halep",
    "http://www.dailymail.co.uk/news/article-2349575/Tron-like-Lamborghini-glows-dark-seized-Qatari-driver-pulled-driving-licence.html",
    "http://www.express.co.uk/news/world/818688/eid-al-fitr-2017-ramadan-end-date-mubarak-eid-ul-fitr",
    "http://livetv.sx/enx/results/",
    "http://www.tvguide.co.uk/mobile/channellisting.asp?ch=142",
    "https://www.topcoder.com/contest/problem/Enigma/words.txt",
    "https://www.pinterest.co.uk/prefissional/feliciano-lopez/",
    "http://www.telegraph.co.uk/sport/football/sepp-blatter/11918681/Sepp-Blatter-and-Michel-Platini-suspended-by-Fifa.html"
  ],
  "snippets": [
    "Searched for table tennis place and all what I found is just the bowling center. ... \nHello Mohamed ... We csn play it in qatar bowling center. .... Doha. I'm in, not a \nPro but a very good TT player. Ahmed. Like .... for a place and someone to play \ntable tennis when I have free time. .... I have just moved from UK.",
    "Jan 7, 2017 ... Djokovic playing some of his best stuff for some time. ..... Andy Murray has pretty \nmuch sailed into the final in Doha. ... Hello and welcome.",
    "Simona Halep is a Romanian professional tennis player. Halep first broke into \nthe world's top .... At the 2011 Australian Open, Halep qualified for the first time in \nher career in the third .... Halep posing with the trophy after winning the Qatar \nOpen .... as play in both Doha and Dubai, saying she had \"started to play good \ntennis\".",
    "Jun 27, 2013 ... Police seized a 'glow-in-the-dark' supercar from a London street after its ... is 24-\nyear-old Nasser Al-Thani, a member of Qatar's ruling family. ... the supercar onto \nthe back before it was transported to a local pound. ... Play. Skip. LIVE. Mute. 00:\n00. Current Time 0:00. /. Duration Time 0:00 ...... Hello sunshine!",
    "Jun 25, 2017 ... Play slideshow ... Eid al-Fitr was started by the Islamic prophet Muhammad and is \na time where Muslims show gratitude to ... Eid al-Fitr is today (Sunday 25 June \n2017) in the UK, Europe, America ... Malaysia, Qatar, Turkey and other Arab \ncountries have also confirmed ..... Tuesday, 26th September 2017.",
    "8 hours ago ... Table Tennis. TT Cup, TT Cup 6:30 (TT Cup) .... Serie C. Play-Offs. Quarter Final. \n2nd Leg. 0:30, Alagoano, 1:0 ... Play-Offs. Round of 16. Manila.",
    "ATP Tennis. 2017 St Petersburg Open: Final The St Petersburg Open. Action \nfrom the final of the indoor tournament from Sibur Arena in Russia. Rating: 6.7.",
    "... 17035 BEEN 16941 GET 16742 TIME 16408 AM 16255 HUM 15916 WHICH ... \n3216 HAVING 3214 PLAY 3213 AGAIN 3193 SHOW 3188 GIVE 3173 KEEP \n3153 ... 1767 EXAMPLE 1767 TURN 1766 SUPPORT 1766 CUT 1765 LOCAL \n1763 ... WRITTEN 893 FURTHER 893 EXCEPT 890 FIGHT 889 C 889 LONDON \n888\u00a0...",
    "... on Pinterest. | See more ideas about Tennis players, Sport tennis and \nAustralian open. ... Doha, Qatar: Feliciano Lopez loses to Lukasz Kubot in \nstraight sets.",
    "Oct 8, 2015 ... It seems a long time ago that the interim Fifa president was the hot ... you can \nemail luke.brown@telegraph.co.uk, or message @lukedbrown. ..... And in \nSeptember 2011, Hayatou- whilst still under investigation for ... Hello! I have \nmade a disloyal payment of \u00a31.3 million directly into ..... Premier League Table."
  ],
  "displayUrl": [
    "www.expat.com",
    "www.dailymail.co.uk",
    "en.wikipedia.org",
    "www.dailymail.co.uk",
    "www.express.co.uk",
    "livetv.sx",
    "www.tvguide.co.uk",
    "www.topcoder.com",
    "www.pinterest.co.uk",
    "www.telegraph.co.uk"
  ]
}