{
  "id": "Q379_R22_C3",
  "initial_query": "'Tennis' 'Club' 'Doha' friday game regards clubs like play be expatriate",
  "relaxed_query": "'Tennis' 'Club' 'Doha' friday game regards clubs like play be expatriate",
  "links": [
    "http://www.expat.com/forum/viewtopic.php?id=350958",
    "https://www.internations.org/muscat-expats/forum/tennis-or-squash-anyone-1337963",
    "http://www.justhere.qa/2013/08/clubs-in-qatar/",
    "http://www.independent.co.uk/voices/commentators/johann-hari/the-dark-side-of-dubai-1664368.html",
    "http://www.slate.com/articles/life/fitness/2011/01/fitness_for_foreigners.html",
    "https://www.theguardian.com/world/2013/sep/25/revealed-qatars-world-cup-slaves",
    "http://www.blueabaya.com/2013/07/top-13-things-to-do-in-riyadhs.html",
    "http://www.telegraph.co.uk/sport/tennis/10772935/Break-point-for-Dan-Evans-party-loving-tennis-star-determined-to-realise-potential.html",
    "https://www2.deloitte.com/content/dam/Deloitte/uk/Documents/sports-business-group/deloitte-uk-sbg-dubai-falcon-report.pdf",
    "http://www.telegraph.co.uk/sport/football/news/9928628/Qatar-FA-refutes-report-that-it-plans-to-lure-European-clubs-to-play-in-summer-league.html"
  ],
  "snippets": [
    "Find answers to your questions in the Doha forum. Blogs, pictures, forum Doha \non expat.com. ... Just love the game. .... Hi! i love TT...free after 7pm and on \nfridays best regards. Raj. Like ..... Hi sir , we can play table tennis at qatar bowling \ncenter ..i am an good player ...please let me know if we can play .",
    "They have Olympic standard swimming pool, 6 tennis courts, 4 squash courts, \ngym, ... Plus I'm looking for a tennis partner. So let me know if anyone is \ninterested. Regards ... okie i definitely don't want to play with you then :p i like to \nlearn the game but by being ... 26 Aug 2014 | Doha .... Connect with other expats \nin Muscat.",
    "Aug 12, 2013 ... The best leisure clubs in Qatar ... The Bay Club, Intercontinental Hotel Doha ... \nThe Ritz Carlton Doha ... Cabana Club (Radisson Blu Doha) ... (7am to 9pm); \nGym (7am to 11pm); Open beach; Squash & tennis courts ..... Would you like to \nfeature your club or recreational centre in our listing? ... Best regards",
    "Apr 6, 2009 ... The wide, smiling face of Sheikh Mohammed \u2013 the absolute ruler of Dubai \u2013 \nbeams down on his creation. His image is displayed on every\u00a0...",
    "Jan 19, 2011 ... Omanis playing soccer on the beach. ... Until recently, there were just a few high-\nend exercise clubs used by the wealthy. ... For those who can afford it, there are \nwalled-in private clubs with swimming pools, tennis courts, and leafy ... churning \nout beefy young men who look like they might bust out of their\u00a0...",
    "Sep 25, 2013 ... About 30 Nepalese sought refuge at their embassy in Doha to escape the brutal \nconditions of their employment. ... \"We'd like to leave, but the company won't let \nus,\" said one ... Parsons, \"will play a major role during the 2022 Fifa World Cup\". \n.... live scores \u00b7 tables \u00b7 competitions \u00b7 results \u00b7 fixtures \u00b7 clubs.",
    "Jul 12, 2013 ... The DQ is so large it's almost like a small town right next to Riyadh. The \ndiplomatic quarters can easily be reached from the city center within 10 ... *\nUpdate: Some expat ladies have entered the wave pool without ... Play a game of \nfootball, basketball, cricket or any of your favorite ... Family day is Friday. 13.",
    "Apr 21, 2014 ... Hoferlin shouted as Evans sent another ball speeding cross-court to land a ... The \nlife of a tennis pro is like a drifter's, constantly rolling, and after a short trip ... \nbanter of the British lad, the humour puncturing any self-regard. ... For the \nprofessional tennis player 100 is a talismanic number, a game changer.",
    "sport plays an important role in the ... for sport. We would like to thank everyone \ninvolved ... Omega Dubai Desert Classic at Emirates Golf Club ... Dubai Duty free \ntennis championships .... a key role in this regard. .... Legal and professional. \nSport facilities. \u2013 elite. \u00b7 Sport stadia. \u00b7 Golf clubs ..... Games, attended by 490 \nathletes.",
    "Mar 13, 2013 ... Qatar FA refutes report that it plans to lure European clubs to play in summer \nleague ... The Times reported that Qatari football officials in Doha and Paris, \nhome of ... \u201cWith regard to the story published in today's edition of The Times ... \nthat they had heard rumours of a European club football scheme but not\u00a0..."
  ],
  "displayUrl": [
    "www.expat.com",
    "www.internations.org",
    "www.justhere.qa",
    "www.independent.co.uk",
    "www.slate.com",
    "www.theguardian.com",
    "www.blueabaya.com",
    "www.telegraph.co.uk",
    "www2.deloitte.com",
    "www.telegraph.co.uk"
  ]
}