{
  "id": "Q379_R40_C1",
  "initial_query": "'Table Tennis' 'UK' 'Doha' hello visit september time be play relocating local",
  "relaxed_query": "'Table Tennis' 'UK' 'Doha' hello visit september time be play relocating local",
  "links": [
    "https://www.newyorker.com/magazine/2016/10/17/leonard-cohen-makes-it-darker",
    "http://www.bbc.com/sport/tennis/calendar",
    "http://www.dailymail.co.uk/news/article-2278635/Image-ghostly-man-spotted-Google-Earth-remains-village.html",
    "http://edition.cnn.com/videos",
    "http://www.dailymail.co.uk/sport/boxing/article-4310796/Floyd-Mayweather-vs-Conor-McGregor-fight-date-SET-June.html",
    "http://www.expat.com/forum/viewtopic.php?id=350958",
    "https://en.wikipedia.org/wiki/Leander_Paes",
    "https://www.theguardian.com/international",
    "http://wikitravel.org/en/Chennai",
    "http://data.grammarbook.com/"
  ],
  "snippets": [
    "Oct 17, 2016 ... Leonard Cohen at home in Los Angeles in September, 2016. ... Council for the \nArts. This was 1960, long before he played the festival at the Isle of ... Leonard \nbegan spending more and more time with Marianne. .... \u201cHello, friends,\u201d he said. \n.... in his twenties from a Spaniard he met next to a local tennis court.",
    "Find out all the upcoming Tennis tournaments on BBC Sport. ... 18 September - \n24 September. IndoorHard .... Please note: All times UK. Fixtures are subject to\u00a0...",
    "Feb 14, 2013 ... And in Victorian times, Charlton Farm was the home of soap ... To find the 'ghost' \nvisit Google Earth and type in 'Charlton Road'. ... It is only now that the airfield has \nbeen sold to a London-based property firm, ... Play. Skip. LIVE. Mute. 00:00. \nCurrent Time 0:00. /. Duration Time 0:00 ..... Hello sunshine!",
    "Football \u00b7 Tennis \u00b7 Equestrian \u00b7 Golf \u00b7 Judo \u00b7 Horse Racing \u00b7 Motorsport \u00b7 Sailing \u00b7 \nSkiing \u00b7 Wonder \u00b7 Food & Drink \u00b7 Play \u00b7 Stay \u00b7 Videos \u00b7 Arts \u00b7 Design \u00b7 Fashion\u00a0...",
    "Mar 13, 2017 ... Mayweather says he will be involved in three more shows in the UK later ... \nConor McGregor has been waiting for a big fight for quite some time ... which \nbegan soon after he hung up the gloves in September 2015. ... The world of \ncombat sports is eagerly anticipating McGregor's next move ..... More tables.",
    "Find answers to your questions in the Doha forum. ... Searched for table tennis \nplace and all what I found is just the bowling center. ... Hello Mohamed ..... \nLondon. Hi, I'm planning on moving over to Doha from early November .... looking \nfor a place and someone to play table tennis when I have free time.",
    "Leander Adrian Paes (born 17 June 1973) is an Indian professional tennis player \nwho is considered to be one of the best doubles and mixed doubles players of all \ntime, having achieved a career Grand Slam in each discipline. .... Paes led the \nIndian tennis team at the Doha Asian Games in 2006 and won two golds in the\u00a0...",
    "Mission in Doha had been channel for dialogue for more than six years but \nTrump is said to be hostile ... UK Labour calls for \u00a3500m emergency injection for \nNHS.",
    "It serves as one of the main gateways to South India and has a thriving local \nculture and art ... Madras was one of the first outposts of British East India \nCompany. ... Vijay Armirthraj, Ramesh Krishnan and his father Ramanathan \nKrishnanm tennis stars and .... December to March is probably the best time to \nvisit Chennai: the\u00a0...",
    "Posted on Wednesday, September 20, 2017, at 1:51 pm ... We thought now \nwould be a good time to review the state of these words, ... in quality, quantity, or \ndegree\u201d (a good baseball player); \u201cexcellent, proper, or fit\u201d .... Maybe you know to \nwrite I met the Smiths, I drove Brenda Smith's Ferrari, and I visited the Smiths' \nhouse."
  ],
  "displayUrl": [
    "www.newyorker.com",
    "www.bbc.com",
    "www.dailymail.co.uk",
    "edition.cnn.com",
    "www.dailymail.co.uk",
    "www.expat.com",
    "en.wikipedia.org",
    "www.theguardian.com",
    "wikitravel.org",
    "data.grammarbook.com"
  ]
}