{
  "id": "Q380_R23_C7",
  "initial_query": "'Park' 'Villagio' anyone name mall thanks know does aspire ",
  "relaxed_query": "'Park' 'Villagio' anyone name mall thanks know does aspire ",
  "links": [
    "https://www.tripadvisor.co.uk/Attraction_Review-g294009-d3393051-Reviews-Aspire_Park-Doha.html",
    "https://www.expedia.com/Villagio-Mall-Hotels.0-l6116590-0.Travel-Guide-Filter-Hotels",
    "https://www.tripadvisor.com/HotelsNear-g294009-d1773557-Villaggio-Doha.html",
    "https://www.tripadvisor.ca/Attraction_Review-g294009-d1773557-Reviews-Villaggio-Doha.html",
    "https://www.onlineqatar.com/shopping/the-villagio-mall.aspx",
    "https://dohanews.co/qatars-aspire-zone-add-new-sport-venues-mall-massive-expansion/",
    "http://www.skyscrapercity.com/showthread.php?t=459345",
    "https://www.tripadvisor.ie/Hotel_Review-g294009-d1948916-Reviews-Movenpick_Hotel_Al_Aziziyah_Doha-Doha.html",
    "http://www.thetorchdoha.com/en/destination-guide.html",
    "https://www.booking.com/landmark/qa/villagio-shopping-mall.html"
  ],
  "snippets": [
    "Book your tickets online for Aspire Park, Doha: See 865 reviews, articles, and \n257 ... All reviews villagio mall nice park running track biggest park small lake big \npark green space ... Do you know that is it good when you're playing Pokemon \nGo. I've been here when the lights turns off and...More. Thank romanvictorsantos.",
    "Browse 120 Villagio Mall hotels & save money with our Expedia Price Guarantee. \nRead user reviews of over 321000 hotels worldwide. No Expedia cancellation\u00a0...",
    "Hotels near Villaggio, Doha on TripAdvisor: Find 38858 traveler reviews, ... \nAspire Zone, Sports City Street | Al Baaya St., Doha 92996, Qatar ... Le Park Hotel\n.",
    "Book your tickets online for Villaggio, Doha: See 1496 reviews, articles, and 1048 \n... #6 of 110 things to do in Doha .... mall virgin megastore amazing mall artificial \nsky indoor canal indoor theme park ... brands high end brands mango designer \nshops aspire zone fast food under one roof ... Thank A TripAdvisor Member.",
    "The Villagio shopping mall Doha Qatar - Store details, location, timings and \nentertainments. ... Gondolania is a wonderland for kids of all ages; this 22,000 sq. \nmetre indoor theme park includes Kiddie rides, bumper cars, ... Gate 4, Aspire \nZone ... Good evening, may I know if there's Visconti Store in Villagio Mall? \nThanks .",
    "Oct 15, 2014 ... The name was changed to the Aspire Zone in 2006, the same year Qatar hosted \nthe Asian Games. Along with a large public park and Villaggio, the precinct \nalready .... Did it ever occur to anyone that the new mall might be inside the new \n... Thanks. Michael Fryer \u2022 2 years ago. According to this, yes, the mall\u00a0...",
    "you know thats not a bad idea but i was thinking why not have a hotel north of \nvillagio overlooking the park and parts of Aspirezone while\u00a0...",
    "Aspire Zone, Sports City Street | Al Baaya St., Doha 92996, Qatar .... All reviews \naspire zone grand heritage blue restaurant aspire park villagio mall turkish \nrestaurant indoor swimming pool education city sushi ... 1 Thank Nilakshi2015 .... \ndoes the hotel have a free shuttle to/from the airport ... know better book better go \nbetter.",
    "Destination guide & Things to do Doha ... Set within Aspire Zone, Villaggio \nShopping Mall has set the benchmark for retail shopping in Qatar. A unique \nconcept\u00a0...",
    "Looking for properties near Villagio Shopping Mall? Then you've come to the \nright ... Doha (0.2 miles from Villagio Shopping Mall). 9.0 Wonderful 1,229 \nreviews."
  ],
  "displayUrl": [
    "www.tripadvisor.co.uk",
    "www.expedia.com",
    "www.tripadvisor.com",
    "www.tripadvisor.ca",
    "www.onlineqatar.com",
    "dohanews.co",
    "www.skyscrapercity.com",
    "www.tripadvisor.ie",
    "www.thetorchdoha.com",
    "www.booking.com"
  ]
}