{
  "id": "Q380_R23_C3",
  "initial_query": "'Park' 'Villagio' 'Aspire' everybody anyone name mall know go does ",
  "relaxed_query": "'Park' 'Villagio' 'Aspire' everybody anyone name mall know go does ",
  "links": [
    "https://www.redbull.com/mea-en/5-hotspots-to-capture-pok%C3%A9mon-in-qatar",
    "https://www.hotels.com/de1685059/hotels-near-villagio-mall-doha-qatar/",
    "http://www.lifeinqatar.com/pages/en/article/living/entertainment-for-kids.html",
    "https://www.theguardian.com/global-development/2016/apr/13/qatar-families-only-zones-entrench-segregation-of-migrant-workers",
    "http://www.skyscrapercity.com/showthread.php?t=459345",
    "http://www.timeoutdoha.com/aroundtown/features/65204-50-ways-to-beat-the-heat-in-doha",
    "https://www.tripadvisor.com/ShowUserReviews-g294009-d1948916-r150036589-Movenpick_Hotel_Al_Aziziyah_Doha-Doha.html",
    "http://www.dailymail.co.uk/news/article-2152073/Heartbreaking-scenes-Doha-grief-stricken-expats-mourn-loss-triplets-aged-killed-13-children-adults-ripped-Qatars-largest-shopping-mall.html",
    "https://www.tripadvisor.com/Attractions-g294009-Activities-c26-Doha.html",
    "http://www.independent.co.uk/travel/48-hours-in/doha-travel-tips-where-to-go-and-what-to-see-in-48-hours-10043819.html"
  ],
  "snippets": [
    "Jul 30, 2016 ... Go armed with plenty of Pok\u00e9 Balls, as Pok\u00e9mons will keep popping up on your \nscreen. ... the end of Aspire Park not to mention the Pok\u00e9Stops at Villagio Mall. \nPsst! Most Pok\u00e9stops are near Aspire Academy, Villagio Mall, Hyatt ... Happy \nhunting everyone, and remember not to hunt Pok\u00e8mon while driving.",
    "Compare 88 hotels near Villagio Mall in Doha using 3885 real guest reviews. ... \nGo to the Hotels.com home page ... City, landmark, hotel name, address or zip \ncode ... of each hotel so you can see how close you are from Villagio Mall and \nrefine your ... All the hotels details page show an option for free or paid onsite \nparking.",
    "Gondolania Indoor Theme Park at Villagio Gondolania has something to tickle \nevery child's fantasy \u2013 gaming arcades, boating, ice skating, go karting, bowling,\n\u00a0...",
    "Apr 13, 2016 ... Everyone is enjoying the warm spring evening and hypnotic music. ... The scene \nis repeated at Aspire Park, part of a sports and leisure complex ... enter the City \nCentre and Villaggio shopping malls, but if Qatar's only elected body, the ... If you \nare in the mall you will feel more comfortable with other families\u00a0...",
    "you know thats not a bad idea but i was thinking why not have a hotel north of \nvillagio overlooking the park and parts of Aspirezone while\u00a0...",
    "Jul 29, 2015 ... Villaggio Shopping Mall, Al Wabb, nr Aspire Zone (4450 7873). ... You can go on \nthe spoken course, learning the pleasantries or you can go on a ... The Middle \nEast certainly knows how to make the most of its malls, and .... Found in \nVillaggio's Gondolania Theme Park, compete against both family and\u00a0...",
    "Jan 19, 2013 ... Aspire Zone, Sports City Street | Al Baaya St., Doha 92996, Qatar | ... On our next \ntrip to Doha this venue will be high on our priority to revisit. .... I know we aren't in \na country where a smoking ban has been put in .... I surely go for the first one. ... \nThe Villagio Mall is within walking distance -a unique concept of\u00a0...",
    "May 30, 2012 ... The Villaggio is situated in Doha's west end, and includes an ... Sadness: Jane \nWeekes is consoled by her friends at Aspire Park (left) .... 'You go from happy and \nfull life and family to a situation that I can't ... \"Everybody out, you've got to get out \nnow, the other half of the mall .... Your Last Name May Tell You.",
    "#2 of 24 Shopping in Doha. Shopping Malls \u00b7 Villaggio. More Info \u00b7 2 booking \noptions \u00b7 City Centre Mall. 1,614 reviews. #3 of 24 Shopping in Doha. Theme \nParks\u00a0...",
    "Feb 13, 2015 ... Doha travel tips: Where to go and what to see in 48 hours ... British tourists need \na visa which you can buy on arrival for 100 Qatari Riyals (\u00a318)."
  ],
  "displayUrl": [
    "www.redbull.com",
    "www.hotels.com",
    "www.lifeinqatar.com",
    "www.theguardian.com",
    "www.skyscrapercity.com",
    "www.timeoutdoha.com",
    "www.tripadvisor.com",
    "www.dailymail.co.uk",
    "www.tripadvisor.com",
    "www.independent.co.uk"
  ]
}