{
  "id": "Q380_R23_C5",
  "initial_query": "'Park' 'Villagio' 'Yep' friday evening anyone name go know does good",
  "relaxed_query": "'Park' 'Villagio' 'Yep' friday evening anyone name go know does good",
  "links": [
    "https://www.tripadvisor.com/Restaurants-g49644-Washington_North_Carolina.html",
    "http://www.cityplace.com/",
    "https://www.yelp.com/biz/cold-stone-creamery-fresno-2",
    "https://www.tripadvisor.com/Restaurants-g60763-zfn7102348-New_York_City_New_York.html",
    "https://www.ticketcounter.com/",
    "https://modernbocamom.com/",
    "https://www.tripadvisor.co.uk/Hotel_Review-g580287-d290282-Reviews-AluaSoul_Mallorca_Resort-Cala_d_Or_Majorca_Balearic_Islands.html",
    "http://academics.utep.edu/Portals/1834/italsolo.pdf",
    "http://www.independent.co.uk/travel/europe/the-heels-had-a-reboot-borgo-egnazia-is-the-place-to-sample-some-of-the-best-food-in-italy-7661784.html",
    "http://www.lakeerieliving.com/Main/Articles/The_Best_of_Lake_Erie_765.aspx"
  ],
  "snippets": [
    "Best Dining in Washington, North Carolina Coast: See 2415 TripAdvisor traveler \nreviews of 70 ... Parking Available. (7) ... 08/19/2017; \u201cThe place where \neverybody knows your name. ... \u201cGreat little spot\u201d 09/14/2017; \u201cAn absolutely \nwonderful evening\u201d 08/18/2017 ... The Ne'er Do Well .... know better book better \ngo better.",
    "CityPlace is West Palm Beach's premier shopping, dining and entertainment \ndestination. Discover things to do at the West Palm Beach Mall, CityPlace.",
    "Brought my daughter's here for some ice cream in the evening. ... We know her \nschedule and like to go see her! Always smiling and knows us by name now. .... \nwith nor do they treat older people with respect and kindness....but Kelly is the \nbest. .... Yep I am a fan. .... Best and Worst Restaurants in River Park / Woodwar\u2026",
    "Greenwich Village Restaurants - New York City, NY: See 25955 TripAdvisor \ntraveler reviews of 25955 restaurants in New York City Greenwich Village and\u00a0...",
    "Ticket Counter is an industry leader offering tickets to shows, tours, events and \nvacation packages in select cities across the country.",
    "If you're hearing about Mommy and Me at Grandview Prep for the first time, here's \na little background: ... Classes will include a rotating schedule of activities \nincluding dance, yoga, ... Don't know about Grandview Preparatory School? .... I \nmean, CLEARLY Walt Disney World parks are perfect for preschoolers (as we \ntook\u00a0...",
    "Excellent41%; Very good33%; Average18%; Poor5%; Terrible3% .... a holiday \nwith my partner (13.09.2017 - 20.09.2017) to this hotel where we stayed on a half \nboard basis (breakfast and evening meal). .... Hi does anyone know of a good \nrestaurant near the hotel, walkable and close by. ... know better book better go \nbetter.",
    "The fact that our hotel had two names should've been a tip-\u2010off. ... Gore-\u2010tex \njackets on our backs at the Hotel Villaggio Dorf \u2013 or the Pragelato Spa & ... We \ndid have Laurelle's half-\u2010empty diaper bag, her gripping books entitled ... It was \nevening-\u2010time on Friday, ... \u201cYou always know you'll get something, but you're \nnever.",
    "Apr 20, 2012 ... His shop doesn't have a name, although it's been here 36 years. ... The heel's \nhad a reboot: Borgo Egnazia is the place to sample some of the best food in Italy \n... Caroline Phillips; Friday 20 April 2012 11:00 BST .... I go to beach-shack \nrestaurants such as La Cambusa in Savelletri, a short bike ride from\u00a0...",
    "And the good times are still rolling all around the lake. ... But you also can't go \nwrong ordering a few apps \u2014 especially the lobster corn dogs \u2014 to share."
  ],
  "displayUrl": [
    "www.tripadvisor.com",
    "www.cityplace.com",
    "www.yelp.com",
    "www.tripadvisor.com",
    "www.ticketcounter.com",
    "modernbocamom.com",
    "www.tripadvisor.co.uk",
    "academics.utep.edu",
    "www.independent.co.uk",
    "www.lakeerieliving.com"
  ]
}