{
  "id": "Q380_R25_C1",
  "initial_query": "'Are' 'Villagio' 'Villagio Best Harish' bachelors fridays hi executive want let go decent",
  "relaxed_query": "'Are' 'Villagio' 'Villagio Best Harish' bachelors fridays hi want let go decent",
  "links": [
    "https://www.sos-childrensvillages.org/",
    "https://raw.githubusercontent.com/ManiacDC/TypingAid/master/Wordlists/Wordlist%20333333%20frequency%20weighted%20(Norvig).txt"
  ],
  "snippets": [
    "Quality care, education & health services provided to at-risk children & families in \n135 countries and territories.",
    "the of and to a in for is on that by this with i you it not or be are from at as your all \n... within states area want phone dvd shipping reserved subject between forum ... \nclass cd still money quality every listing content country private little visit save ... \npayment equipment login student let programs offers legal above recent park\u00a0..."
  ],
  "displayUrl": [
    "www.sos-childrensvillages.org",
    "raw.githubusercontent.com"
  ]
}