{
  "id": "Q380_R23_C10",
  "initial_query": "'Park' 'Villagio' 'Aspire' jana anyone name mall know gay does free",
  "relaxed_query": "'Park' 'Villagio' 'Aspire' jana anyone name mall know gay does free",
  "links": [
    "https://raw.githubusercontent.com/ManiacDC/TypingAid/master/Wordlists/Wordlist%20333333%20frequency%20weighted%20(Norvig).txt",
    "http://volcanology.press/Sheveluch/Sheveluch_fcj.php",
    "https://www.pinterest.com/pin/474918723180612030/",
    "http://volcanology.press/Arenal_Volcano/Arenal_Volcano_vcv.php"
  ],
  "snippets": [
    "... home can us about if page my has search free but our one other do no \ninformation ... reviews program life know games way days management p part \ncould great ... team estate box conditions select windows photos gay thread week \ncategory ... according dc clothing mon com particular fine names robert \nhomepage hour\u00a0...",
    "ll rsv-l4412 hrig brand name metro mairie d'ivry final fantasy rainmeter lady ... \nwilhemstein what is russian revolution summary juffrou de kok free download free \n.... old and new testament film about gay cruise cast when damage taken vaal \ngems ..... Ol Doinyo Lengai s what does feminist approach mean parking in \nhandicap\u00a0...",
    "Hilarious images of the week pics- Goth And Gay Bird. Share your funny ... \"\nBrownbook : An urban guide to the Middle East \u2013 Know your thobe \u2013 men\" .... 25 \nbeautiful photos that will make you want to visit Madrid, Spain: Madrid vintage \nview at sunset ..... Villagio Mall, Qatar - Reminds me a lot of the Venetian in Las \nVegas.",
    "... mons niterider lumina 700 church org hk out of the park baseball 13 mac free \nlego ..... cbb 2014 contestants misspelled name on driver's license dvla will \nrobinson .... heeriye tenu le jana inval tienhoven 519 us 79 mini case solutions \ncorporate ... playing football deptford mall directory map td-4k2+p musculosas de \nhombre\u00a0..."
  ],
  "displayUrl": [
    "raw.githubusercontent.com",
    "volcanology.press",
    "www.pinterest.com",
    "volcanology.press"
  ]
}