{
  "id": "Q380_R23_C1",
  "initial_query": "'Park' 'Villagio' zone anyone name mall know does aspire ",
  "relaxed_query": "'Park' 'Villagio' zone anyone name mall know does aspire ",
  "links": [
    "https://en.wikipedia.org/wiki/Aspire_Park",
    "https://www.movenpick.com/en/middle-east/qatar/doha/al-aziziyah-doha/overview/",
    "https://www.tripadvisor.co.uk/Attraction_Review-g294009-d3393051-Reviews-Aspire_Park-Doha.html",
    "https://www.redbull.com/mea-en/5-hotspots-to-capture-pok%C3%A9mon-in-qatar",
    "http://www.villaggioqatar.com/",
    "https://www.tripadvisor.com/Hotel_Review-g294009-d1948916-Reviews-Movenpick_Hotel_Al_Aziziyah_Doha-Doha.html",
    "https://dohanews.co/qatars-aspire-zone-add-new-sport-venues-mall-massive-expansion/",
    "https://www.tripadvisor.com/HotelsNear-g294009-d1773557-Villaggio-Doha.html",
    "https://wifispc.com/qatar/baladiyat-ad-dawhah/doha.html",
    "http://www.skyscrapercity.com/showthread.php?t=487504"
  ],
  "snippets": [
    "Aspire Park is a park located in Aspire Zone, Doha, Qatar. It covers an area of 88 \nhectares, and ... It has the only lake in Qatar, a small hill which can be a good \nvenue to bond with one's family, a coffee shop ... The Aspire Park is located \nbehind the famous Villagio Mall and Hyatt Plaza, which is situated in the Aspire \nZone,\u00a0...",
    "Individual functions for up to 120 guests can be hosted. ... Located in the heart of \nAspire Zone, M\u00f6venpick Hotel Al Aziziyah Doha offers five elegant function ... \nAdjacent to Aspire Park in Aspire Zone; Close to Villaggio Mall and Hyatt Plaza\u00a0...",
    "Book your tickets online for Aspire Park, Doha: See 865 reviews, articles, and \n257 photos of Aspire Park, ranked ... Aspire Zone, Doha, Qatar .... All reviews \nvillagio mall nice park running track biggest park small lake big park green space \ngreen park torch hotel ... Do you know that is it good when you're playing \nPokemon Go.",
    "Jul 30, 2016 ... If you're up for long walks then Aspire Zone is your best pick with about 37 ... Psst! \nMost Pok\u00e9stops are near Aspire Academy, Villagio Mall, Hyatt Plaza, ... Visit the \nMuseum of Islamic Art (MIA) and the MIA Park to catch Dratini\u00a0...",
    "Villaggio Mall's Photo Gallery, Villaggio Mall Promotional Video. icon Gondola \nRides. Gondola is a must-do trip that is reminiscent of the romantic trips \nundertaken ... Gondolania Indoor Theme Park, where great entertainment begins \nand fun ... is located on Al Waab Street in the west end of the city and within \nAspire Zone,\u00a0...",
    "Aspire Zone, Sports City Street | Al Baaya St., Doha 92996, Qatar .... All reviews \naspire zone grand heritage blue restaurant aspire park villagio mall turkish \nrestaurant .... Things to do; Pool; Restaurant; Fitness Center with Gym / Workout \nRoom; Spa; Heated pool; Indoor pool; Hot Tub .... know better book better go \nbetter.",
    "Oct 15, 2014 ... Updated on Thursday, Oct. 16 with more information about location of expansion. \nOfficials at Qatar's Aspire Zone have said they are readying\u00a0...",
    "Hotels near Villaggio, Doha on TripAdvisor: Find 38858 traveler reviews, 19293 \n... Aspire Zone, Sports City Street | Al Baaya St., Doha 92996, Qatar ... Le Park \nHotel .... Holiday Villa Hotel & Residence City Centre ... know better book better \ngo better ... TripAdvisor LLC is not a booking agent and does not charge any \nservice\u00a0...",
    "Outdoors, Aspire Park (Villagio) / none, Aspire Park, Free Wi-Fi. Cafes and \nrestaurants, Caffe Vergnano 1882 / none, Villagio Mall, Wi-Fi without password.",
    "Aspire Zone is represented with strong landmarks that will be iconic in their \ndesign and function. ... International expertise, latest know-how in sports and \nsophisticated .... Villagio Shopping Mall, on its completion, is expected to become \nan ... it will offer the best in entertainment and choices in brand names."
  ],
  "displayUrl": [
    "en.wikipedia.org",
    "www.movenpick.com",
    "www.tripadvisor.co.uk",
    "www.redbull.com",
    "www.villaggioqatar.com",
    "www.tripadvisor.com",
    "dohanews.co",
    "www.tripadvisor.com",
    "wifispc.com",
    "www.skyscrapercity.com"
  ]
}