{
  "id": "Q380_R25_C5",
  "initial_query": "'Are' 'Villagio' 'Villagio Best Harish Actually' bachelors fridays hi cinema want go know decent",
  "relaxed_query": "'Are' 'Villagio' 'Villagio Best Harish Actually' bachelors fridays hi cinema want go know decent",
  "links": [
    "https://www.sos-childrensvillages.org/",
    "https://raw.githubusercontent.com/ManiacDC/TypingAid/master/Wordlists/Wordlist%20333333%20frequency%20weighted%20(Norvig).txt"
  ],
  "snippets": [
    "25.09.2017 - The SDGs aim to make the world a better place. They include 17 \ngoals and targets on subjects like poverty, education, and governance. More\u00a0...",
    "... within states area want phone dvd shipping reserved subject between forum \nfamily ... class cd still money quality every listing content country private little visit \nsave ... cases step engineering florida simple quick none wireless license paul \nfriday ... fri thursday courses consumer hi airport foreign artist outside furniture \nlevels\u00a0..."
  ],
  "displayUrl": [
    "www.sos-childrensvillages.org",
    "raw.githubusercontent.com"
  ]
}