{
  "id": "Q382_R3_C8",
  "initial_query": "'Islamic' 'Qatar' 'DEAR QATAR ISLAMIC' banks loans ql comments give need personal",
  "relaxed_query": "'Islamic' 'Qatar' 'DEAR QATAR ISLAMIC' banks loans ql comments give need personal",
  "links": [
    "http://alt.qcri.org/QCRI-QL-demo/",
    "http://www.sbs.com.au/news/",
    "http://www.nationalreview.com/corner",
    "https://idraintheswamp.com/maga/libya-qatars-help-wmds/",
    "http://www.canberratimes.com.au/news-wire",
    "https://www.dia.govt.nz/diawebsite.nsf/wpg_URL/Services-Anti-Spam-Email-Scams-August-2012",
    "http://www.smh.com.au/news-wire",
    "https://www.consultingcase101.com/list-of-consulting-firms-in-doha-qatar/",
    "https://azure.microsoft.com/en-us/services/cognitive-services/web-language-model/",
    "https://dohanews.co/us-accuses-men-raising-funds-isil-al-qaeda-qatar/"
  ],
  "snippets": [
    "Hi QL members...we are a new business entity in Qatar and looking for a ... I have \nIndian international driving license. can I temporally drive in Qatar using my ... 66 \ncomments ... is here in Qatar in visit visa for last 5 months in my personal \nsponsorship. ... There is any one who can give me a clue?...thank you. ..... doha \nbank.",
    "Same-sex marriage: All survey forms have been posted - so what happens now? \nThe Australian Bureau of Statistics says it has finished its initial mail-out of\u00a0...",
    "12 hours ago ... To be sure, she would have some transitional difficulties in assembling a new .... \nTo whom does Terry Gross imagine they were giving thanks?",
    "Since then, Qatar has become one of the biggest consumers of US military \nhardware. ... February 26 \u2014 HRC directs efforts to evacuate all U.S. embassy \npersonnel from ... She gives a major address in which she says: \u201cColonel Qadhafi \nand those ..... on Qatar Islamic Bank's correspondents claiming that some of them \n\u201chave\u00a0...",
    "Sarah Mole, who is the personal assistant to Clive Palmer, arrives at the Federal. \n1 hr ago ... Cameron Smith won't have undue influence: refs \u00b7 Ref Smith:\u00a0...",
    "Hi dear, contact me in confidence to reconcile an estate believe to have strong \nlink to you as ... Please find attached the quotation requested on the bank swift \ncopy of payment, .... I am Sahih Al-Bukhari one of the attorneys to Saif Al-Islam \nGaddafi (Col. ..... Get your personal or business loan @ 3% interest rate without \nhurdle.",
    "Home \u00b7 News \u00b7 Sport \u00b7 Business \u00b7 World \u00b7 Politics \u00b7 Comment \u00b7 Property ... Sarah \nMole, who is the personal assistant to Clive Palmer, arrives at the Federal .... The \nflu vaccine's effectiveness may have dropped below 40 per cent this year, experts \nsay. .... along with oil prices, but the gains weren't enough to offset bank losses.",
    "Nov 23, 2010 ... I am Abdul Fattah A. Salong, Filipino muslim, Civil Engineer, 3 years of ... Looking \nurgently for a job in Qatar & Also i have Qatar's RP visa with NOC Available. ..... \nDear Sir/Madam, I am Naveed iqbal have done MBA in finance from .... in \nbanking and insurance looking job in Doha or Qatar suggest plzz.",
    "Automate a variety of standard natural language processing tasks using state-of-\nthe-art language modeling APIs.",
    "Sep 28, 2014 ... However, some of the men appear to have already had run-ins with local ... \nAmerican military bases and personnel in Qatar as early as 2006. ... to money \nlaundering and terrorist financing in recent years, and is the .... that without the \nU.S., there's little hope of stopping the Islamic State. ... QL is useless now."
  ],
  "displayUrl": [
    "alt.qcri.org",
    "www.sbs.com.au",
    "www.nationalreview.com",
    "idraintheswamp.com",
    "www.canberratimes.com.au",
    "www.dia.govt.nz",
    "www.smh.com.au",
    "www.consultingcase101.com",
    "azure.microsoft.com",
    "dohanews.co"
  ]
}