{
  "id": "Q383_R96_C8",
  "initial_query": " nights ramadan smoke dark let go are ",
  "relaxed_query": " nights ramadan smoke dark let go are ",
  "links": [
    "https://www.vox.com/2017/5/25/11851766/what-is-ramadan-2017-muslim-islam-about",
    "https://www.thenational.ae/uae/ramadan-faqs-everything-you-need-to-know-about-the-holy-month-in-the-uae-1.65949",
    "https://islamqa.info/en/157606",
    "http://www.npr.org/templates/story/story.php?storyId=5455572",
    "http://www.urbanadventures.com/ramadan-stories/",
    "https://genius.com/Future-might-as-well-lyrics",
    "https://www.washingtonpost.com/news/acts-of-faith/wp/2016/06/06/watching-for-the-moon-eating-pre-dawn-meals-reading-the-koran-the-nuts-and-bolts-of-ramadan/",
    "http://www.independent.co.uk/life-style/health-and-families/features/how-to-quit-smoking-for-good-9951416.html",
    "https://www.theguardian.com/world/shortcuts/2013/jul/10/ramadan-10-things-to-know",
    "http://www.beliefnet.com/entertainment/2000/08/holy-smoke.aspx"
  ],
  "snippets": [
    "May 25, 2017 ... During the entire month of Ramadan, Muslims fast every day from ... any liquids, \nsmoking cigarettes, and engaging in any sexual activity, ... Many also go to the \nmosque for the evening prayer, followed by a ... That's because eating large \nmeals super early in the morning and late at night with a long period of\u00a0...",
    "May 25, 2017 ... We answer any questions you might have about Ramadan in the UAE. ... Malls \nare open during the day and for an extra hour or two at night. Closing ... Can \nvisitors, tourists or non-Muslim residents buy alcohol or go to clubs or pubs \nduring ... Am I allowed to eat, drink or smoke in public during fasting hours?",
    "Jun 22, 2014 ... Can the jinn appear in Ramadan. ... He said: 'Let go of me, for I am in need, and I \nhave dependents; I will not come back.' I took pity on him and\u00a0...",
    "Jun 7, 2006 ... There they go upstairs to the bedroom shared by the young females of the family, \nto huddle and giggle in anticipation of what is to happen later that night, after full \ndark. .... Hair coverings have been removed, and a few have also let down ... \nheading in the direction of the party; she is smoking a cigarette and\u00a0...",
    "Respect for your surroundings means you should go out of your way to be \ndiscreet when eating or drinking ... Explore the night bazaars, learn about local \nRamadan traditions, and dig into a feast after sunset alongside new friends. ... \nWe had been warned not to linger outdoors after dark in Diyarbakir. ... Let's go in, \nI thought.",
    "Feb 17, 2017 ... Might as well go and blow it (fact) Smoke the loud like nicotine (smoke) Talk \ndrugs and I record it (let's go) Conversate and I absorb it (I got it)",
    "Jun 6, 2016 ... \u201cYou'll find a lot of people quit smoking in Ramadan. ... Let's be honest: Ramadan \nalso has a reputation as a month of ... (And then there are other nights when iftar \nis Pizza Hut delivery or McDonald's after work. ... enjoy the ritual of getting up \nwhile it's dark to eat with their parents. .... We went to the source.",
    "Mar 10, 2015 ... Once the quit attempt has started, do everything possible to avoid any slips but if \nyou have a slip, don't be hard on yourself or let go completely\u00a0...",
    "Jul 10, 2013 ... ... mouth \u2013 we can't eat, drink, smoke, or have sex during those hours. ... \nRamadan is an opportunity to focus on the soul rather than the body, ... Go figure. \n... Eid is basically a rave-up at the end of Ramadan, when families and\u00a0...",
    "Rastafarians proclaim Selassie \"the living God for the black race,\" citing Genesis \n49:8, ... Talmudic process, achieved through night-long \"reasoning\" sessions, \npart theological debate, part ... Although not all Rastas smoke, the ritual use of \nganja is sanctioned for most. .... \u201cWe must let go of the life we have planned, so \nas to."
  ],
  "displayUrl": [
    "www.vox.com",
    "www.thenational.ae",
    "islamqa.info",
    "www.npr.org",
    "www.urbanadventures.com",
    "genius.com",
    "www.washingtonpost.com",
    "www.independent.co.uk",
    "www.theguardian.com",
    "www.beliefnet.com"
  ]
}