{
  "id": "Q383_R96_C9",
  "initial_query": " ramadan smoke dark sunset smoke public",
  "relaxed_query": " ramadan smoke dark sunset smoke public",
  "links": [
    "https://www.vox.com/2017/5/25/11851766/what-is-ramadan-2017-muslim-islam-about",
    "https://www.thenational.ae/uae/ramadan-faqs-everything-you-need-to-know-about-the-holy-month-in-the-uae-1.106734",
    "http://www.expatechodubai.com/whats-on/ramadan-dos-and-donts/",
    "https://www.thenational.ae/uae/ramadan-faqs-all-you-need-to-know-about-the-holy-month-in-the-uae-1.183551",
    "http://www.eden.rutgers.edu/~muslims/fasting.htm",
    "https://www.thenational.ae/uae/ramadan-faqs-everything-you-need-to-know-about-the-holy-month-in-the-uae-1.65949",
    "http://www.bbc.com/travel/story/20120716-guidelines-for-spending-ramadan-in-dubai",
    "https://www.ncbi.nlm.nih.gov/pmc/articles/PMC4849186/",
    "http://tailsofamermaid.com/2016/05/five-reasons-why-ramadan-is-a-great-time-to-visit-dubai.html",
    "http://www.dubaicity.com/ramadan-faqs/"
  ],
  "snippets": [
    "May 25, 2017 ... Eid al-Fitr, the holiday marking the end of the Muslim holy month of ... During the \nentire month of Ramadan, Muslims fast every day from dawn to sunset. ... \ndrinking any liquids, smoking cigarettes, and engaging in any sexual activity, \nfrom .... to eat and drink in public during the day in the month of Ramadan,\u00a0...",
    "Jun 17, 2015 ... Am I allowed to eat, drink or smoke in public during fasting hours? ... after sunset, \nso make sure to call to find out when Ramadan hours are.",
    "Similarly, liquor stores will only sell after dark. ... Don't smoke, drink, chew gum or \neat in public during the hours of sunrise to sunset. ... Most of the cities shopping \nmalls and public places will become hives of activity after sunset lasting until late\n\u00a0...",
    "Jun 2, 2016 ... We answer any questions you might have about Ramadan in the UAE. ... or liquid \nbetween fajr and maghrib prayers (at dawn and sunset), not even water. ... Am I \nallowed to eat, drink or smoke in public during fasting hours?",
    "... drinks, intimate intercourse and smoking, before the break of the dawn till \nsunset, during the ... because the fasting person keeps his fast in secret as well \nas in public. ... Fasting Ramadan is obligatory on every responsible and fit \nMuslim.",
    "May 25, 2017 ... We answer any questions you might have about Ramadan in the UAE. ... or liquid \nbetween fajr and maghrib prayers (at dawn and sunset), not even water. ... Am I \nallowed to eat, drink or smoke in public during fasting hours?",
    "Jul 18, 2012 ... Dubai does not shut down completely during Ramadan. ... Muslims do not eat, \ndrink or smoke between sunrise and sunset for the length of ... and their legs \ndown to their knees when out in public -- carry a pashmina or a shawl if you do \nnot want to wear lots of layers. .... A paradisiacal island with a dark past.",
    "Keywords: Cardiac, coronary artery disease, fasting, Ramadan, hypertension ... \none before dawn (Suhur meal) and the other shortly after sunset (Iftar meal). ..... \nSmoking. Many public health authorities have used the start of Ramadan as a \nspur ... but not with continued smoking during darkness, so the period of \nRamadan is\u00a0...",
    "May 4, 2016 ... Feasters often stay up all night eating small portions, smoking ... From hotels to \nbuses and shopping malls, every public space is cooled by aircon. ... I got \ndressed up in heels and dark lipstick for the occasion and after .... observing \nMuslims will celebrate Ramadan on the sunset of Sunday, the 5th of June.",
    "Jun 18, 2015 ... Are you allowed to drink, eat, and smoke in public places during fasting hours? ... \nFasting commences at sunrise and ends at sunset, hence it is\u00a0..."
  ],
  "displayUrl": [
    "www.vox.com",
    "www.thenational.ae",
    "www.expatechodubai.com",
    "www.thenational.ae",
    "www.eden.rutgers.edu",
    "www.thenational.ae",
    "www.bbc.com",
    "www.ncbi.nlm.nih.gov",
    "tailsofamermaid.com",
    "www.dubaicity.com"
  ]
}