{
  "id": "Q383_R96_C4",
  "initial_query": "'Ramadan' smoke dark smoke is permitted public",
  "relaxed_query": "'Ramadan' smoke dark smoke is permitted public",
  "links": [
    "https://www.thenational.ae/uae/ramadan-faqs-everything-you-need-to-know-about-the-holy-month-in-the-uae-1.106734",
    "http://whatson.ae/dubai/2017/06/eating-public-ramadan-crime-uae/",
    "https://www.thenational.ae/uae/ramadan-faqs-all-you-need-to-know-about-the-holy-month-in-the-uae-1.183551",
    "http://www.expatechodubai.com/whats-on/ramadan-dos-and-donts/",
    "https://www.thenational.ae/uae/ramadan-faqs-everything-you-need-to-know-about-the-holy-month-in-the-uae-1.65949",
    "https://www.ncbi.nlm.nih.gov/pmc/articles/PMC1360407/",
    "http://www.arabnews.com/news/593401",
    "http://www.jordantimes.com/news/local/health-experts-warn-against-chain-smoking-after-iftar",
    "http://www.dw.com/en/forced-piety-pakistans-ramadan-law-and-vigilantism/g-38869478",
    "https://www.gov.uk/foreign-travel-advice/brunei/local-laws-and-customs"
  ],
  "snippets": [
    "Jun 17, 2015 ... Ramadan FAQs: Everything you need to know about the holy month in the ... Am I \nallowed to eat, drink or smoke in public during fasting hours?",
    "Jun 1, 2017 ... Is public daytime eating during Ramadan actually a crime in the UAE. ... During \nRamadan, it is not permissible to eat, drink or smoke in public\u00a0...",
    "Jun 2, 2016 ... We answer any questions you might have about Ramadan in the UAE. ... Am I \nallowed to eat, drink or smoke in public during fasting hours?",
    "Tolerant though it is, Ramadan serves as healthy reminder that Dubai ... Bars and \npubs will generally remain open but will only serve alcohol after dark. ... Don't \nsmoke, drink, chew gum or eat in public during the hours of sunrise to sunset.",
    "May 25, 2017 ... We answer any questions you might have about Ramadan in the UAE. ... Am I \nallowed to eat, drink or smoke in public during fasting hours?",
    "Feb 4, 2006 ... Smoking prevalence is generally high among Muslims. .... around the Ramadan \nfast (during which smoking is prohibited) are being developed,\u00a0...",
    "Jun 28, 2014 ... The Interior Ministry has warned that it would deport non-Muslim expatriates \nfound eating and drinking in public during Ramadan. ... drinking or smoking in \npublic places such as streets and workplaces. ... In many parts of India Muslims \nare not allowed to eat beef even .... Black__Mamba \u2022 3 years ago.",
    "Jun 16, 2016 ... AMMAN \u2014 For smokers who are fasting for Ramadan, excessive intake of ... \nfasting hours are much longer than the hours when smoking is allowed. ... Public \nHealth Law stipulates that anyone caught smoking in public places\u00a0...",
    "May 27, 2017 ... In Pakistan, it is illegal to drink, eat or even smoke in public during Ramadan. \nYou can be sent to jail, heavily fined, or may even be beaten by\u00a0...",
    "In 2017, the holy month of Ramadan is expected to start on 27 May and finish on \n... Smoking is prohibited in certain public places, including shopping and eating\u00a0..."
  ],
  "displayUrl": [
    "www.thenational.ae",
    "whatson.ae",
    "www.thenational.ae",
    "www.expatechodubai.com",
    "www.thenational.ae",
    "www.ncbi.nlm.nih.gov",
    "www.arabnews.com",
    "www.jordantimes.com",
    "www.dw.com",
    "www.gov.uk"
  ]
}