{
  "id": "Q383_R96_C5",
  "initial_query": "'Ramadhan' ramadan smoke dark sunset smoke normal",
  "relaxed_query": "'Ramadhan' ramadan smoke dark sunset smoke normal",
  "links": [
    "https://www.thenational.ae/uae/ramadan-faqs-everything-you-need-to-know-about-the-holy-month-in-the-uae-1.106734",
    "http://www.eden.rutgers.edu/~muslims/fasting.htm",
    "http://metro.co.uk/2016/06/07/ramadan-2016-heres-all-the-things-you-can-and-cant-do-5928207/",
    "https://www.thenational.ae/uae/ramadan-faqs-all-you-need-to-know-about-the-holy-month-in-the-uae-1.183551",
    "http://www.nbcnews.com/id/26805845/ns/world_news-world_faith/t/ramadan-fast-means-hard-times-smokers/",
    "http://www.independent.co.uk/news/world/europe/ramadan-2017-how-muslims-fast-in-countries-where-the-sun-never-sets-a7070871.html",
    "https://www.theguardian.com/world/shortcuts/2013/jul/10/ramadan-10-things-to-know",
    "http://www.bbc.com/travel/story/20120716-guidelines-for-spending-ramadan-in-dubai",
    "https://www.theguardian.com/world/2016/jun/03/challenging-ramadan-ahead-uk-muslims-long-summer-days",
    "http://www.emirates247.com/news/emirates/ramadan-question-what-if-you-accidently-break-the-fast-2013-08-06-1.516734"
  ],
  "snippets": [
    "Jun 17, 2015 ... Am I allowed to eat, drink or smoke in public during fasting hours? ... after sunset, \nso make sure to call to find out when Ramadan hours are.",
    "... intimate intercourse and smoking, before the break of the dawn till sunset, \nduring the ... Normally there are accurate calendars to toll the exact time, but in \nthe absence of ... Fasting Ramadan is obligatory on every responsible and fit \nMuslim.",
    "Jun 7, 2016 ... What exactly do Muslims do during the holy month of Ramadan? ... There's a \ncommon misconception out there that Muslims don't eat for the entire ... which is \nknown as suhoor or the morning meal, and after sunset, which is\u00a0...",
    "Jun 2, 2016 ... We answer any questions you might have about Ramadan in the UAE. ... or liquid \nbetween fajr and maghrib prayers (at dawn and sunset), not even water. ... Am I \nallowed to eat, drink or smoke in public during fasting hours?",
    "Sep 20, 2008 ... A Palestinian vendor smokes a cigarette as he prepares coffee for customers \nafter breaking his fast during the holy month of Ramadan in the\u00a0...",
    "May 26, 2017 ... The holy month of Ramadan is now underway, with Muslims fasting from ... \nPeople observing it will not consume food or drink, smoke or engage in ... in \nArctic Circle countries adapt to little or no sunset during Ramadan (AJ+).",
    "Jul 10, 2013 ... Here are the answers to some of the most common: ... over 18 hours of nil by \nmouth \u2013 we can't eat, drink, smoke, or have sex during those hours. ... We eat \nSehri, a pre-dawn meal, and at sunset we break the fast (called Iftar),\u00a0...",
    "Jul 18, 2012 ... Dubai does not shut down completely during Ramadan. ... Public transport and \ntaxis operate as normal, although come sunset most taxi drivers will stop for a \nwhile to break their fast. Muslims do not eat, drink or smoke between sunrise and \nsunset for the length of .... A paradisiacal island with a dark past.",
    "Jun 3, 2016 ... During Ramadan, Muslims fast between sunrise and sunset. ... between dawn \nand sunset, abstaining from food, drink, smoking and sex ... \u201cIn the Highlands, the \nlight never really goes \u2013 it's dusk, rather than complete darkness\u00a0...",
    "Aug 6, 2013 ... In case a person donates blood during the day in Ramadan, the fast does not \nbreak. ... When one cannot see the sun and is in permanent darkness, ... Dr Ali \nAhmed says a person must know that Iftar is after sunset or ... Smoking is a \nviolation of the sanctity of fasting, because it risks entry into the stomach.\""
  ],
  "displayUrl": [
    "www.thenational.ae",
    "www.eden.rutgers.edu",
    "metro.co.uk",
    "www.thenational.ae",
    "www.nbcnews.com",
    "www.independent.co.uk",
    "www.theguardian.com",
    "www.bbc.com",
    "www.theguardian.com",
    "www.emirates247.com"
  ]
}