{
  "id": "Q385_R10_C1",
  "initial_query": " housing full qr job does s states full monthly salary",
  "relaxed_query": " housing full qr job does s states full monthly salary",
  "links": [
    "http://www.huffingtonpost.com/2015/06/01/minimum-wage-apartment-hourly-salary-housing-costs_n_7472472.html",
    "http://www.cdss.ca.gov/cdssweb/entres/forms/English/SAR7.pdf",
    "http://www.huffingtonpost.com/entry/how-much-you-need-for-rent_us_5942cc92e4b0f15cd5b9e2ee",
    "http://file.lacounty.gov/dpss/cms1_209979.pdf",
    "http://www.huffingtonpost.com/entry/how-much-income-you-need-to-afford-rent-by-state_us_574880cae4b0dacf7ad4c828",
    "http://www.oecdbetterlifeindex.org/countries/mexico/",
    "https://www.ihiresocialservices.com/t-social-services-case-manager-s-oregon-jobs.html",
    "http://www.telegraph.co.uk/expat/before-you-go/moving-guide-10-things-to-know-before-relocating-to-qatar/",
    "https://www.sccgov.org/ssa/foods/fschap19.pdf",
    "http://www.publiccounsel.org/tools/publications/files/0209.pdf"
  ],
  "snippets": [
    "Jun 1, 2015 ... States with the largest inequality gap between housing income and renter ... tech \nand manufacturing will have the best luck finding a job in Fort\u00a0...",
    "STATE OF CALIFORNIA - HEALTH AND HUMAN SERVICES AGENCY. SAR 7 ... \nIf paid separately, your property taxes and home insurance per month now? $. \nDo you ... Yes \u25a1 No If yes, complete the section below and attach proof. ... List \ndependent(s): .... Did anyone get income from employment in the Report Month?",
    "Jun 15, 2017 ... The average full-time minimum wage worker can't afford rent in ANY ... wages \nand housing costs in states, metropolitan areas and counties\u00a0...",
    "You must report all of the income received in the Report Month of . \u2713 If you do not \nsend in a complete QR 7 report, including but not limited to, answering all\u00a0...",
    "May 28, 2016 ... The NLIHC determined how much a person working full-time would need to \nmake ... The housing wage required to afford a two-bedroom rental is over $30 \nan hour ... \u201cOur nation can't fulfill any of our major goals \u2014 whether it's tackling .... \nthese businesses would go under and/or they would have to cut jobs.",
    "In Mexico, the average household net-adjusted disposable income per capita is \n... Good education and skills are important requisites for finding a job. .... In \naddition to housing costs it is also important to examine living conditions, such ..... \nof the knowledge and skills that are essential for full participation in modern \nsocieties.",
    "Jobs 1 - 15 of 80 ... All Social Services Case Manager jobs available. ... Registered Nurse - VA \nSupported Housing (HUD-VASH) Case Manager ... Pay Rate: Hourly, $12.00-$\n13.00 DOE Classification: Full-Time, ... Plus generous benefit package \nemployment type: full-time QR Code Link to ... State of Oregon - Pendleton, OR.",
    "Oct 15, 2015 ... The country's schools are full, and the best ones have long waiting lists. ... so it's \nworth clarifying whether this will cover fees before you accept any job offer. ... Q\natar has a well-resourced state health care system, Hamad Medical ... Qatar's \nman-made island, will cost at least 12,000 QR (\u00a32,115) a month.",
    "Earned Income Tax Credit (EITC) payments received monthly. ... Income from a \nroom rental or boarder is considered self-employment income. .... the company \ndecides which homes the client will provide housekeeping .... Includes State \nDisability Insurance (DIB) and ... withholdings or child support, count the FULL \nUIB.",
    "you live with your spouse, his or her income will be counted in deciding if you are \n... o Proof of housing situation (rent receipts, lease agreements, etc.) ... receive \nGR for 9 months in any 12 month period. ... Complete 6 job searches at \napplication. ... get the QR-7 in the mail, you must go to the DPSS office to \ncomplete the form."
  ],
  "displayUrl": [
    "www.huffingtonpost.com",
    "www.cdss.ca.gov",
    "www.huffingtonpost.com",
    "file.lacounty.gov",
    "www.huffingtonpost.com",
    "www.oecdbetterlifeindex.org",
    "www.ihiresocialservices.com",
    "www.telegraph.co.uk",
    "www.sccgov.org",
    "www.publiccounsel.org"
  ]
}