{
  "id": "Q385_R31_C8",
  "initial_query": "'PhD Salary Range' 'UK' government sector off-hand qr/mo is starting normal",
  "relaxed_query": "'PhD Salary Range' 'UK' government sector off-hand qr/mo is starting normal",
  "links": [
    "https://finance.yahoo.com/news/inplay-briefing-com-125529772.html",
    "http://www.huffingtonpost.com/2015/06/04/givedirectly-cash-transfers_n_7339040.html",
    "http://www.health.gov.au/internet/main/publishing.nsf/content/glossary",
    "https://www.payscale.com/research/US/Employer=J.P._Morgan_Chase_%26_Co._(JPMCC)/Salary",
    "https://www.macquariedictionary.com.au/resources/view/resource/7/",
    "https://www.asrt.org/docs/default-source/publications/whitepapers/asrt12_bstpracdigradwhp_final.pdf",
    "http://www.webster.edu/",
    "http://ieeexplore.ieee.org/iel7/4154573/7063333/07063358.pdf",
    "https://en.wikipedia.org/wiki/Sanjay_Gupta",
    "https://azure.microsoft.com/en-us/services/cognitive-services/web-language-model/"
  ],
  "snippets": [
    "Aug 1, 2017 ... The heavily-weighted financial sector (+0.3%) is demonstrating relative .... \nReports Q2 (Jun) earnings of $0.29 per share, $0.02 better than the\u00a0...",
    "Jun 4, 2015 ... The UK's development agency calls cash transfers \u201cone of the more ... A 2013 \nstudy in Uganda found that people who received cash enjoyed a 49 percent \nearnings boost ... In Uganda, not only were the cash recipients better off, but their \n.... gives one dollar, how much ends up in the hands of a poor person?",
    "Feb 27, 2017 ... ACROD - National Industry Associatio for Disability Services ... The average \nlength of stay is relatively short ... Administrative Funds - Are funds allocated to \ncover the overhead or running costs structure of the Department (eg salaries, use \nof ... AGHS - Australian Government Health Services (now Health\u00a0...",
    "Sep 12, 2017 ... (JPMCC) - Salary - Get a free salary comparison based on job title, skills, \nexperience and ... Average Salary for J.P. Morgan Chase & Co.",
    "ACCI, Australian Chamber of Commerce and Industry ... ADO, accrued (or \naccumulated) day off ... ASBO, (in the UK) anti-social behaviour order .... CHOGM\n, Commonwealth Heads of Government Meeting .... FAQ, frequently asked \nquestion; fair average quality .... MO, mail order; money order; Medical Officer .... \nqr, quarter.",
    "technique selection and pay closer attention to radia- ... M.Ed., R.T.(R); Terri L. \nFauber, Ed.D., R.T.(R)(M); Julie Gill, Ph.D., R.T.(R)(QM); .... tion, the wider range \nof radiation intensities that digital ..... beginning the procedure. ... ordering and \nhand-off processes can be less disrup- .... designed for the average or typical \npatient.",
    "University Focus. Strategic Plan \u00b7 Values & Vision \u00b7 Diversity and Inclusion \u00b7 \nSexual Misconduct Programs \u00b7 Connect with Webster University\u00a0...",
    "Mar 19, 2015 ... Invention of gate turn-off thyristor (GTO) (GE) ... Ph.D. degree in a university and \nare look- ... with a senior professor or start your own ... fessor's nine-month salary \nmay not be .... IEEE Industry Applications Society ... ing research scholars are \nnormally bril- ...... [2] B. K. Bose, \u201cPower electronics and mo-.",
    "Sanjay Gupta is an American neurosurgeon and media reporter. He serves as \nassociate chief .... Trudy Lieberman, a regular Nation contributor on healthcare \nand director of the ... Lieberman criticized Gupta for relying on insurance industry \nstatistics, and a ..... Jump up ^ \"Michael Moore, Dr. Gupta Square Off over 'Sicko'\".",
    "Automate a variety of standard natural language processing tasks using state-of-\nthe-art language modeling APIs."
  ],
  "displayUrl": [
    "finance.yahoo.com",
    "www.huffingtonpost.com",
    "www.health.gov.au",
    "www.payscale.com",
    "www.macquariedictionary.com.au",
    "www.asrt.org",
    "www.webster.edu",
    "ieeexplore.ieee.org",
    "en.wikipedia.org",
    "azure.microsoft.com"
  ]
}