{
  "id": "Q385_R10_C3",
  "initial_query": "'Full' bonuses housing job expenses does s states lighter",
  "relaxed_query": "'Full' bonuses housing job expenses does s states lighter",
  "links": [
    "http://www.chicagotribune.com/business/",
    "http://www.lni.wa.gov/IPUB/242-104-000.pdf",
    "http://www.telegraph.co.uk/business/2016/05/18/what-will-brexit-mean-for-the-city-of-london/",
    "http://www.metalroofing.systems/top-70-metal-roofing-facts-faqs-costs-myths-pros-and-cons/",
    "https://www.workplacefairness.org/news",
    "http://www.politifact.com/rhode-island/statements/2010/dec/22/chain-email/simple-solution-economic-crisis-would-cost-more-th/",
    "http://college.usatoday.com/2014/11/24/6-things-professors-wish-they-could-tell-their-students-but-never-do/",
    "https://www.nytimes.com/interactive/2017/04/02/technology/uber-drivers-psychological-tricks.html",
    "http://www.nhsonline.org/careers.html",
    "http://fleetowner.com/fuel_economy/fuel-economy-0701"
  ],
  "snippets": [
    "Report says long-term care costs surge .... Streets have become rivers and trees \nhave crushed homes. Hurricane Maria is ... Push for all-American cars will kill \nAmerican jobs, auto suppliers say ... Trump tax plan said to cut taxes for wealthy \nand hit some blue states .... Jef Feeley, Margaret Cronin Fisk and Jared S. \nHopkins.",
    "you are insured by the Washington State. Fund, unless you ... What to Do if You \nAre Injured at Work. 2 .... provider will complete their section of the form and ... no \nout-of-pocket expenses to you for covered treatment .... board, housing, heating \nfuel or similar .... paralysis, loss of arm(s) or leg(s), and severe ... lighter-duty work\n.",
    "May 18, 2016 ... What does Britain want? ... As part of the Government's aversion to \"ever closer \nunion\", prime ... the City forging ahead under a \"lighter-touch\" regulatory system \nthat ... Brussels has tightened up the cap, which limits bonuses to 200pc of ... UK \nat the EU level, but is still being pursued by a group of euro states.",
    "A metal roof can be a sensible way to protect your home, especially if you \nhappen to .... Most metal roofing systems should be installed on homes or \nbuildings that have a ... and can be shipped in standard cardboard boxes directly \nto your house or work-site. .... So, here are some equally important bonus facts to \nconsider: 61.",
    "Information about In the News provided by job and employee rights advocacy ... \npush to raise the minimum wage again, economists from many of the state's \npublic .... of Google's workforce, featuring both salary and bonus information for \n2017. ..... scramble to grab what they can during a 30-year low for housing \ninventory.",
    "Dec 22, 2010 ... No Flip \u00b7 Half Flip \u00b7 Full Flop ... Unemployment and the housing and auto industry \ncrises can be fixed by ... will squander the money on lavish parties and unearned \nbonuses, use the ... Forty million job openings -- Unemployment fixed. ... each \nwould cost the United States $40,000,000,000,000, or $40 trillion.",
    "Nov 24, 2014 ... COLLEGES BY STATE ... HOUSING ... It's an added bonus when you actually like \nus ... But it's my job \u2013 through my course and mentoring \u2013 to make sure ... a \nprofessor to give valuable advice to an almost-complete stranger. ..... Here's how \nmuch security costs when an incendiary speaker comes to campus.",
    "Apr 2, 2017 ... This allows Uber to minimize labor costs, but means it cannot compel ... \u201cBut any \ndriver can stop work literally at the tap of a button \u2014 the ... A large body of law \nand custom in the United States holds that .... who began driving full time for Lyft \nand then Uber in 2014 but quit last year to invest in real estate.",
    "To search for current available positions, or to apply for either a specific job or ... \nFrom helping hands to healing homes, NHS has the career you are ... NHS offers \na variety of comprehensive benefits for full and part time ... Employee Referral \nBonuses; Paid Training; Professional Development ... Why do you stay at NHS?",
    "Jul 1, 2011 ... Fuel continues to be the second largest expense for trucking ... Successful \nincentive programs will pay bonuses regularly and frequently ... states that long-\nhaul trucks idling overnight consume more than 838 million gals. of fuel each \nyear. ... Choosing lighter-weight tractor and trailer components can reduce\u00a0..."
  ],
  "displayUrl": [
    "www.chicagotribune.com",
    "www.lni.wa.gov",
    "www.telegraph.co.uk",
    "www.metalroofing.systems",
    "www.workplacefairness.org",
    "www.politifact.com",
    "college.usatoday.com",
    "www.nytimes.com",
    "www.nhsonline.org",
    "fleetowner.com"
  ]
}