{
  "id": "Q385_R10_C2",
  "initial_query": " full housing expenses package does s states full monthly salary",
  "relaxed_query": " full housing expenses package does s states full monthly salary",
  "links": [
    "https://en.wikipedia.org/wiki/Salaries_of_Members_of_the_United_Kingdom_Parliament",
    "http://www.travelnursing.org/salary-and-benefits.php",
    "https://www.senate.gov/CRSpubs/9c14ec69-c4e4-4bd8-8953-f73daa1640e4.pdf",
    "https://www.airforce.com/careers/pay-and-benefits",
    "http://livingwage.mit.edu/",
    "https://www.citylab.com/equity/2015/05/mapping-the-hourly-wage-needed-to-rent-a-2-bedroom-apartment-in-every-us-state/394142/",
    "http://www.freechurchaccounting.com/housingallowance.html",
    "https://www.census.gov/housing/census/publications/who-can-afford.pdf",
    "http://www.ncsl.org/research/about-state-legislatures/2014-ncsl-legislator-salary-and-per-diem-table.aspx",
    "https://www.irs.gov/pub/irs-pdf/i2555.pdf"
  ],
  "snippets": [
    "The basic annual salary for an MP was increased from \u00a367,060 to \u00a374,000 on 31 \nJuly 2015, backdated to 8 May 2015. In addition, MPs are able to claim \nallowances to cover the costs of running ... Full details of current ministerial pay at \nall levels have yet to be published on either the ... Housing, second home, and \ntravel[edit].",
    "Travel nursing salary is one of the most important factors you will consider ... \nTraveling nurse salary is sometimes more than that of full-time, permanent ... \nTravel nurses also receive medical benefits, paid housing and reimbursement for \ntravel costs. ... in the realm of $23-$24/hr but your housing stipend is only $1000/\nmonth.",
    "Jul 14, 2016 ... Expenses, Travel to the District, and Mail for Members of the House . .... They do \nnot receive salaries beyond their terms of office. ... housing or per diem \nallowances for expenses incurred in ..... the Vice President, the President pro \ntempore is considered the temporary, full-time President of the Senate and is\u00a0...",
    "The total package. 01 ... A monthly tax-free housing allowance based on rank, \nfamily status and geographic location is provided for off-base residents to help \npay for living expenses. ... as almost any state in the U.S. For destinations near \nanother military facility, they can enjoy hotel-quality lodging on base for a \nreduced cost.",
    "The calculator lists typical expenses, the living wage and typical wages for the \nselected location. ... Living Wage Rate Tied to the Cost of Housing and Child \nCare ... a full-time income earned based on the minimum wage (http://nlihc.org/\noor). ... The minimum wage does not provide a living wage for most American \nfamilies.",
    "May 27, 2015 ... It finds that in no state can a person earning minimum wage afford such an ... As \na result, one out of four households spends more than half their income on \nhousing costs. ... fixing exploitative scheduling policies for part-time and full-time \nworkers, are others. ... Citylab.com \u00a9 2017 The Atlantic Monthly Group.",
    "You can purchase it as part of the Church Accounting Package or by itself...on \nthis ... The minister has the responsibility of tracking actual housing expenses \nand determining the fair ... Generally, a housing allowance is exempt from most \nstate income ...... Can a church pay a ministry a full housing allowance (i.e., all \nrelated\u00a0...",
    "the United States is the percent of income spent on housing. Housing .... Now that \nthe survey is in full implementation, data are collected from ... We will look at the \nmonthly housing costs as a percentage of income as a proxy of .... s. Moderate \nBurden. Severe Burden. Figure 7 - Median Household Income by State: 2006.",
    "Apr 11, 2014 ... Per diem expenses include food and accommodation for legislators while \nconducting legislative business. NCSL does not rank legislative salaries from \nhighest to lowest. ... members are required to forfeit one day of compensation per \nmonth. $111/per ... $172/full day (including overnight); $61/partial day.",
    "income did not exceed $101,300, you don't have any ... expenses, and you don't \nclaim the housing ... States. The term \u201cforeign country\u201d includes the country's \nterritorial waters and airspace, ... period of physical presence is the 330 full ... \ngranted a 2-month extension of time to file ... you can't claim the exclusion(s) for \nyour."
  ],
  "displayUrl": [
    "en.wikipedia.org",
    "www.travelnursing.org",
    "www.senate.gov",
    "www.airforce.com",
    "livingwage.mit.edu",
    "www.citylab.com",
    "www.freechurchaccounting.com",
    "www.census.gov",
    "www.ncsl.org",
    "www.irs.gov"
  ]
}