{
  "id": "Q385_R10_C9",
  "initial_query": "'Good Luck' housing full job expenses does s states full",
  "relaxed_query": "'Good Luck' housing full job expenses does s states full",
  "links": [
    "http://www.latimes.com/opinion/livable-city/la-ol-minimum-wage-housing-20170105-story.html",
    "https://www.indeed.com/forum/gen/Job-Interviews/Job-Hoax/t474952/p4",
    "http://www.askamanager.org/2010/02/how-do-you-survive-without-job.html",
    "http://money.cnn.com/2017/05/09/real_estate/seattle-housing-market-buyers/index.html",
    "https://www.indeed.com/forum/job/dental-hygienist/Please-help-do-pay-my-living-expenses-while-dental/t37870",
    "http://www.miamiherald.com/news/local/education/article145688984.html",
    "https://www.mrmoneymustache.com/2011/05/23/get-rich-with-owning-rental-houses/",
    "http://www.huffingtonpost.com/2015/06/01/minimum-wage-apartment-hourly-salary-housing-costs_n_7472472.html",
    "https://www.trulia.com/voices/Agent2Agent/I_am_a_fairly_new_real_estate_agent_and_need_help_-386092",
    "http://www.npr.org/2016/08/11/489472679/theres-a-home-renovation-boom-but-good-luck-finding-a-contractor"
  ],
  "snippets": [
    "Jan 5, 2017 ... The state's minimum wage will rise at companies with more than 25 ... taxes, will \ncost him just under $40,000 a year per full-time employee. ... The burden of high \nhousing costs falls especially hard on the ... That's low enough to qualify for a \ngovernment-subsidized apartment, but good luck finding one\u00a0...",
    "I was so excited but I knew it was too good to be true. ... Pretty bummed because \nas a full time student I really needed a job!! .... Good luck with your interview. ... to \napply for part-time, keep your other job(s) and still enjoy full benefits. ...... because \nyou will be working from home as all expenses are handle by\u00a0...",
    "Feb 4, 2010 ... I am truly curious because it's s. ... Best of luck to you all in the job-search mode. \n... I'm looking for part-time, full-time, and everything in between. ..... I moved in \nwith family members out of state, do a bit of freelancing. ... Was lucky enough to \nhave fairly low housing expenses, as we bought just before the\u00a0...",
    "May 9, 2017 ... Homes are selling fast in Seattle, spending about 25 days on the market, down \nfrom 65 in March 2012. It can be hard to find parking at open\u00a0...",
    "How do I pay my living expenses while in dental hygiene school? ... I am 27 \nyears old and I applied to a two-year full-time dental hygiene program. I live on \nmy own and work as a bartender part-time and was planning on still ..... Good \nluck to all those on this same journey and thanks to all who have paved\u00a0...",
    "Apr 20, 2017 ... Good luck finding a place you can afford. By Kyra Gurney .... Butler has a folder \nfull of failed housing contracts. I'm not looking for a property that\u00a0...",
    "May 23, 2011 ... I find that if you do a good job getting nice responsible tenants, the total ... you \ncan even quit your day job and have a more-than-full-time income for ... \nBetterment Cranks up Features and Costs \u2013 is it Still Worthwhile? ..... Good luck! \n.... in and one we lived in previously and now rent out in a different state.",
    "Jun 1, 2015 ... States with the largest inequality gap between housing income and renter ... tech \nand manufacturing will have the best luck finding a job in Fort\u00a0...",
    "This is my full time job by the way and my reserve is running low...still have not \nclosed anything ... Best of luck to you and I wish you much success in the real \nestate business! ..... People will call about listings and/or about selling their \nhomes. ..... They are volunteers and the program costs you nothing but your time - \nwhatever\u00a0...",
    "Aug 11, 2016 ... There's A Home Renovation Boom, But Good Luck Finding A ... And business \nwould be booming more but there aren't enough carpenters and tradespeople to \ndo all the work. Nathaniel May survived the housing crash, but just barely. He's a \ngeneral contractor who does home renovations in the Boston area\u00a0..."
  ],
  "displayUrl": [
    "www.latimes.com",
    "www.indeed.com",
    "www.askamanager.org",
    "money.cnn.com",
    "www.indeed.com",
    "www.miamiherald.com",
    "www.mrmoneymustache.com",
    "www.huffingtonpost.com",
    "www.trulia.com",
    "www.npr.org"
  ]
}