{
  "id": "Q385_R31_C10",
  "initial_query": "'PhD Salary Range' 'UK' 'Phd' ql government experience sector have is do little",
  "relaxed_query": "'PhD Salary Range' 'UK' 'Phd' ql government experience sector have is do little",
  "links": [
    "http://www.askamanager.org/2014/01/how-much-money-do-you-make.html",
    "https://www.theengineer.co.uk/issues/october-2012-online/how-much-is-an-engineer-worth/",
    "http://theconversation.com/are-phd-graduates-expecting-too-much-11854",
    "http://www.payscale.com/research/US/Job=Data_Analyst/Salary",
    "https://www.theguardian.com/news/datablog/2012/mar/27/public-private-sector-pay",
    "https://www.prospects.ac.uk/job-profiles/data-analyst",
    "https://news.ycombinator.com/item?id=2453174",
    "https://www.crikey.com.au/2013/04/26/how-much-does-an-aussie-teacher-earn/",
    "http://gisgeography.com/gis-salary-expectations-gis-career/",
    "https://www.findapostdoc.com/"
  ],
  "snippets": [
    "Jan 29, 2014 ... You can ask around in your field, but that doesn't always pay off, and .... is what I \nwant to do \u2013 I have a BA in psychology and will have a PhD in .... I make a little \nover 35k without benefits, I get all court holidays off ...... but have 5 years \nexperience in the healthcare industry from clinical trials to what I do now.",
    "Oct 1, 2012 ... As one reader pointed out, the 15 per cent wage premium mentioned in ..... I got \nout oof the UK Engineering sector 20 years ago having got fed up of the .... I am a \nchartered engineer with 6 years experience, vast amounts of ambition ..... I did a \ndegree in electronics and a PhD, I have reach Senior status and\u00a0...",
    "Mar 18, 2013 ... My own experience suggests that only around half of PhD ... So in Australia, why \ndo PhD graduates expect to go straight into an academic job ... It is our \nresponsibility as academics \u2013 though government, business and industry also \nhave ... career will often put out of reach a stable income, a stable family life,\u00a0...",
    "As of Sep 2017, the average pay for a Data Analyst is $58017 annually or $20.13\n/hr. ... For the first five to ten years in this position, pay increases somewhat, but \nany additional experience does not have a big effect on pay. ... Range, $0$82K. \nSalary .... Data Analysis Microsoft Excel SQL Database Management & Reporting\n\u00a0...",
    "Mar 27, 2012 ... Work in the public sector and you will be paid more, get shorter hours ... \nemployees and earnings tend to increase with age and experience ... sector \nsalaries have stayed ahead of the private sector, as you can ... Search the world's \ngovernment data with our gateway ... Contact us at data@guardian.co.uk.",
    "A career as a data analyst will suit you if you are highly analytical, have strong \nmathematical skills, ... Data analysts are in high demand across all sectors, such \nas finance, consulting, ... You can work across a broad range of areas, including: \n... With a few years' experience, salaries can rise to between \u00a330,000 and \u00a3\n35,000.",
    "If average salaries are 80-100k why does everyone keep getting 40-60k offers? \n... My experience has been quite different. ... My next job in the industry was a \nrelatively small company in the Portland area and there I made ..... Anyone got \nany thoughts on how to convert these figures to an equivalent for London in the \nUK?",
    "Apr 26, 2013 ... But how much do teachers across Oz actually earn? ... based on experience until \nlevel 2.9, which this year earns a salary of $91,567. ... that results in earnings of \nup to $8000 more than government school teachers. All states have a teacher \nstandards regime, however in most states, ... Increments are small.",
    "Aug 9, 2017 ... What are comparable GIS salaries and pay scale? ... Not only do we get a \nglimpse on average salaries, we can learn how far a ... Education and \nexperience are the main reasons why these positions ... I've worked in the field \nhalf as long and have had nothing but success in the private and public sector.",
    "FindAPostDoc.com - A jobs site exclusively listing postdoctoral research posts."
  ],
  "displayUrl": [
    "www.askamanager.org",
    "www.theengineer.co.uk",
    "theconversation.com",
    "www.payscale.com",
    "www.theguardian.com",
    "www.prospects.ac.uk",
    "news.ycombinator.com",
    "www.crikey.com.au",
    "gisgeography.com",
    "www.findapostdoc.com"
  ]
}