{
  "id": "Q386_R1_C9",
  "initial_query": "'Abou Hamour' carrefour please update thanks is area..its open",
  "relaxed_query": "'Abou Hamour' carrefour please update thanks is area..its open",
  "links": [
    "https://dohanews.co/doha-news-ramadan-2017-opening-hours-guide/",
    "https://www.linkedin.com/pulse/nine-malls-opening-qatar-next-two-years-cassie-owen",
    "https://dohanews.co/new-cinema-carrefour-coming-to-al-sadd-with-upcoming-al-mirqab-mall/",
    "https://www.zomato.com/doha/jollibee-abu-hamour",
    "http://www.maccosmetics.com/",
    "https://www.tripadvisor.com/Attraction_Review-g294009-d3177537-Reviews-Wholesale_Market-Doha.html",
    "http://www.shoemartstores.com/",
    "http://www.centrepointstores.com/",
    "http://www.babyshopstores.com/",
    "http://www.expatwoman.com/qatar/monthly_qatar_guide_Where_to_Live_In_Doha_9089.aspx"
  ],
  "snippets": [
    "May 25, 2017 ... We will keep updating this list as more information comes in. If you have details \nyou think we should add, please share them with us in ... Carrefour: All stores (\nVillaggio, City Center, Landmark, Mall of Qatar, ... Safari: Hypermarket (Salwa Rd\n) and Mall (Abu Hamour) Open daily ..... Play areas/entertainment.",
    "Feb 8, 2017 ... December 2016 saw the opening of its 15th commercial center, the Mall of Qatar \n... currently runs a play area at Dar Al Salam Mall in Abu Hamour. ... For Luxury \nFashion & Retail opportunities in Qatar please contact cassieowen@\nmackenziejones.com. Thank you to Doha News for providing the information,.",
    "Sep 1, 2016 ... More than 120 brands are confirmed to open in the mall, including Qatar fashion \n... which currently runs a play area at Dar Al Salam Mall in Abu Hamour. ... inside \nthe mall, ahead of tenants moving in to begin their fit-out. ... No Thanks. 1.1k ... \nPlease read our Comments Policy before joining the discussion.",
    "Jollibee Doha; Jollibee, Abu Hamour; Get Menu, Reviews, Contact, Location, ... \nOpening hours ... Food Court, Second Floor, Dar Al Salam Mall, Abu Hamour, \nDoha .... A not so crowded mall called Dar Al Salam is the perfect area to satisfy \nmy ... So thanks for bringing this chain close to us chicken joy and jolly spaghetti\n\u00a0...",
    "Free shipping and returns on all orders. Offering more than 100 shades of \nprofessional quality makeup must-haves for All Ages, All Races, All Sexes.",
    "Please note that some of the photographs in the Trip Advisor review for the .... 1 \nThank C H ... Now its better to go to big supermarkets like Carrefour/ FFC/ Lulu/ Al\n.. ... The Wholesale Market is located in Messameir area, Doha- Qatar close to .... \nThe market is open 7 days a week from early in the morning til around 9 at night.",
    "Find footwear for any occasion. Own popular styles for men, women or kids & \ngrab offers on sandals, ballets, heels, casual shoes, formal shoes & sneakers.",
    "Shop for the entire family with great choices in men's, women's & kids' fashion, \nbaby essentials, makeup, shoes & home d\u00e9cor, all at one destination!",
    "Get the latest baby clothing, feeding, travel, toys & nursery essentials now. Enjoy \nonline exclusive offers, Cash on Delivery & Shukran rewards!",
    "Last updated on 18 June 2017 ... Here's a look at the various residential areas in \nDoha, looking at cost and ... It's mostly apartments here with a couple of older \ncompounds and you ... a new Carrefour Market in Lagoon Plaza, underneath the \nZig Zag Towers. ... View apartments for rent in Abu Hamour/ Mamoura/ Ain Khalid\n\u00a0..."
  ],
  "displayUrl": [
    "dohanews.co",
    "www.linkedin.com",
    "dohanews.co",
    "www.zomato.com",
    "www.maccosmetics.com",
    "www.tripadvisor.com",
    "www.shoemartstores.com",
    "www.centrepointstores.com",
    "www.babyshopstores.com",
    "www.expatwoman.com"
  ]
}