{
  "id": "Q386_R1_C4",
  "initial_query": " carrefour landmark please update is open",
  "relaxed_query": " carrefour landmark please update is open",
  "links": [
    "http://www.carrefour.com/content/recruitment-and-careers",
    "http://www.landmarkdoha.com/landmark-brands/carrefour/",
    "http://www.carrefourqatar.com/HyperLeaflets.aspx?typeId=1&language=en&country=qa",
    "https://dohanews.co/doha-news-ramadan-2017-opening-hours-guide/",
    "https://www.marhaba.qa/marhaba-listing-ramadan-2017-opening-hours/",
    "https://www.booking.com/landmark/fr/carrefour-pleyel.html",
    "http://www.iloveqatar.net/news/content/ramadan-2017-whats-open-when",
    "http://www.yellowpages.ca/bus/New-Brunswick/Edmundston/Carrefour-Assomption/6082428.html",
    "http://www.citycentreajman.com/shopping/anchor-stores/carrefour",
    "https://www.tripadvisor.com/ShowTopic-g666539-i12118-k5440040-Carrefour_or_supermarket_for_local_people-Pefkos_Rhodes_Dodecanese_South_Aegean.html"
  ],
  "snippets": [
    "More than 380,000 employees serving our customers. More news. 09/07/2017. \nDiscover Bon App ! \u2013 the snack store. Eat in or take away? Urban lifestyles are\u00a0...",
    "Welcome to LANDMARK. info@landmarkdoha.com. Customer Support : (+974) \n4487 5222 ... Carrefour. Level: Ground Level View Map. Category: Anchor stores\n\u00a0...",
    "We strive to always provide the best quality and most diverse selection of \nhousehold goods available in Qatar. Our value packs and combination discount \noffers\u00a0...",
    "May 25, 2017 ... We will keep updating this list as more information comes in. If you have details \nyou think we should add, please share them with us in the ... Carrefour: All stores \n(Villaggio, City Center, Landmark, Mall of Qatar, Al Wakrah, Dar\u00a0...",
    "May 25, 2017 ... Here's Marhaba's guide 'Ramadan 2017 Timings Opening Hours Guide' in Qatar. \nWe will continue to update the listing throughout the month. If you have any \nadditions, please let us know and post a comment below. ... Carrefour (Landmark \nMall) 8 am \u2013 1 am (Saturday to Friday). Carrefour (Mall of Qatar) 9\u00a0...",
    "More than 1 million people last month said they'd recommend Booking.com to \ntheir family and friends. FREE cancellation on most rooms! Instant confirmation\u00a0...",
    "May 29, 2017 ... Bakery available only after Iftar. Carrefour. (Landmark, Villaggio, City Center, Mall \nof Qatar, Al Wakrah, Dar Al Salam Mall, Ezdan Mall, Mirqab\u00a0...",
    "Carrefour Assomption - Edmundston - phone number, website, address & \nopening hours - NB - Shopping Centres & Malls, Shopping Mall Management & \nLeasing. ... Please enter what you're searching for ... Suggest an update ... \nLandmarks.",
    "Each Carrefour Hypermarket has a team of in-store customer service \nprofessionals with vast product ... To find out more, please visit: www.\ncarrefouruae.com.",
    "Please can anyone tell me where the Carrefour is in Pefkos or other big ... We \nhope you'll join the conversation by posting to an open topic or starting a new \none."
  ],
  "displayUrl": [
    "www.carrefour.com",
    "www.landmarkdoha.com",
    "www.carrefourqatar.com",
    "dohanews.co",
    "www.marhaba.qa",
    "www.booking.com",
    "www.iloveqatar.net",
    "www.yellowpages.ca",
    "www.citycentreajman.com",
    "www.tripadvisor.com"
  ]
}