{
  "id": "Q386_R1_C3",
  "initial_query": " land carrefour please update is open",
  "relaxed_query": " land carrefour please update is open",
  "links": [
    "http://www.carrefour.com/content/recruitment-and-careers",
    "https://www.cineplex.com/Theatre/cinema-famous-players-carrefour-angrignon",
    "https://www.crateandbarrel.com/stores/le-carrefour-laval/str358",
    "http://www.landmarkdoha.com/landmark-brands/carrefour/",
    "http://www.arabianbusiness.com/carrefour-says-open-hypermarket-in-dubai-s-cityland-mall-653648.html",
    "http://en.morzine-avoriaz.com/commerce-service-carrefour-market.html",
    "http://www.constructionkenya.com/2429/centum-two-rivers-mall-runda/",
    "https://dohanews.co/doha-news-ramadan-2017-opening-hours-guide/",
    "https://en.wikipedia.org/wiki/Merry_Hill_Shopping_Centre",
    "https://www.choicehotels.com/quebec/laval/comfort-inn-hotels/cn331"
  ],
  "snippets": [
    "More than 380,000 employees serving our customers. More news. 09/07/2017. \nDiscover Bon App ! \u2013 the snack store. Eat in or take away? Urban lifestyles are\u00a0...",
    "Showtimes are available for online ticket purchase starting Wednesday mornings \nfor the upcoming week (Fri \u2013 Thurs). Theatre Box Office opens approximately\u00a0...",
    "... store in Laval, QC. Find Le Carrefour Laval store hours, phone number, \naddress and more. ... Open Thanksgiving Day 10/09 10:00 - 9:00 PM; Mon - Fri: \n10 am\u00a0...",
    "Carrefour. Level: Ground Level View Map. Category: Anchor stores ... OPENING \nHOURS. Saturday to Wednesday. 09:00 AM - 10:00PM. Thursday to Friday.",
    "Dec 1, 2016 ... Hypermarket and supermarket chain Carrefour, operated by Majid Al Futtaim, will \nopen a 100,000 square foot hypermarket in the new\u00a0...",
    "Carrefour Market, Morzine Morzine, Your summer holidays in a French Alps Ski \nresort. Discover Haute Savoie with your family or your friends.",
    "Feb 20, 2017 ... The facility was originally to cover a total of 1.7 million square feet of land. \nPHOTO/COURTESY Nairobi has become the official home of east\u00a0...",
    "May 25, 2017 ... Here's our Doha News guide to what's open, and when, throughout the holy \nmonth this year. ... We will keep updating this list as more information comes in. If \nyou have details you think we should add, please share them with us in the ... \nCarrefour: All stores (Villaggio, City Center, Landmark, Mall of Qatar,\u00a0...",
    "The Merry Hill Centre (officially Intu Merry Hill) is a shopping mall in Brierley Hill \nnear Dudley, ... Please do not remove this message until conditions to do so are \nmet. ... However, Carrefour had pulled out of the store within two years and it was \n... When the Merry Hill Centre opened, a number of large retail chains decided to\n\u00a0...",
    "The Comfort Inn\u00ae hotel is conveniently located in downtown Laval, less than two \nkilometers from Le Carrefour Laval and Cosmod\u00f4me Space Science Centre."
  ],
  "displayUrl": [
    "www.carrefour.com",
    "www.cineplex.com",
    "www.crateandbarrel.com",
    "www.landmarkdoha.com",
    "www.arabianbusiness.com",
    "en.morzine-avoriaz.com",
    "www.constructionkenya.com",
    "dohanews.co",
    "en.wikipedia.org",
    "www.choicehotels.com"
  ]
}