{
  "id": "Q386_R1_C10",
  "initial_query": "'Abou Hamour' carrefour please update thanks is open",
  "relaxed_query": "'Abou Hamour' carrefour please update thanks is open",
  "links": [
    "https://dohanews.co/doha-news-ramadan-2017-opening-hours-guide/",
    "https://www.zomato.com/doha/jollibee-abu-hamour",
    "https://dohanews.co/new-cinema-carrefour-coming-to-al-sadd-with-upcoming-al-mirqab-mall/",
    "https://www.zomato.com/doha/caffe-vergnano-1882-abu-hamour",
    "https://www.linkedin.com/pulse/nine-malls-opening-qatar-next-two-years-cassie-owen",
    "http://www.centrepointstores.com/",
    "https://www.tripadvisor.com/Attraction_Review-g294009-d3177537-Reviews-Wholesale_Market-Doha.html",
    "http://www.shoemartstores.com/",
    "http://www.maccosmetics.com/",
    "http://www.babyshopstores.com/"
  ],
  "snippets": [
    "May 25, 2017 ... We will keep updating this list as more information comes in. If you have details \nyou think we should add, please share them with us ... Carrefour: All stores (\nVillaggio, City Center, Landmark, Mall of Qatar, ... Safari: Hypermarket (Salwa Rd\n) and Mall (Abu Hamour) Open daily from 9am to 1am. ..... No Thanks.",
    "Jollibee Doha; Jollibee, Abu Hamour; Get Menu, Reviews, Contact, Location, ... \nFood Court, Second Floor, Dar Al Salam Mall, Abu Hamour, Doha .... When I \ncame to know this branch is already open, there's a sort of excitement. ... So \nthanks for bringing this chain close to us chicken joy and jolly spaghetti are worth \nthe try.",
    "Sep 1, 2016 ... One of Doha's busiest neighborhoods will be transformed into a new shopping \nhub when the under-construction Mirqab Mall opens to the\u00a0...",
    "Caffe Vergnano 1882 Doha; Caffe Vergnano 1882, Abu Hamour; Get Menu, ... \nOpening hours ... served me, thank you so much and more power.. keep up the \ngood the work, ... If there is anything else we can do for you, please do inform us.",
    "Feb 8, 2017 ... The nine malls opening in Qatar in the next two years.... Published .... This \ndevelopment in Abu Hamour is another Al Mana Project. DTZ said\u00a0...",
    "Shop for the entire family with great choices in men's, women's & kids' fashion, \nbaby essentials, makeup, shoes & home d\u00e9cor, all at one destination!",
    "Please note that some of the photographs in the Trip Advisor review for the \nwholesale market are... read ... Zoom in to see updated info. .... Now its better to \ngo to big supermarkets like Carrefour/ FFC/ Lulu/ Al...More. 6 Thank \nRaghunathan D .... The market is open 7 days a week from early in the morning til \naround 9 at night.",
    "Find footwear for any occasion. Own popular styles for men, women or kids & \ngrab offers on sandals, ballets, heels, casual shoes, formal shoes & sneakers.",
    "Free shipping and returns on all orders. Offering more than 100 shades of \nprofessional quality makeup must-haves for All Ages, All Races, All Sexes.",
    "Get the latest baby clothing, feeding, travel, toys & nursery essentials now. Enjoy \nonline exclusive offers, Cash on Delivery & Shukran rewards!"
  ],
  "displayUrl": [
    "dohanews.co",
    "www.zomato.com",
    "dohanews.co",
    "www.zomato.com",
    "www.linkedin.com",
    "www.centrepointstores.com",
    "www.tripadvisor.com",
    "www.shoemartstores.com",
    "www.maccosmetics.com",
    "www.babyshopstores.com"
  ]
}