{
  "id": "Q386_R19_C1",
  "initial_query": "'Carrefour Quick Quiz' 'Carrefour' 'Qatar' locations villagio star seat name gold",
  "relaxed_query": "'Carrefour Quick Quiz' 'Carrefour' 'Qatar' locations villagio star name gold",
  "links": [
    "http://www.dailymail.co.uk/news/article-2151203/Villagio-13-children-adults-dead-upmarket-Doha-shopping-mall-inferno.html",
    "http://www.gulfmalldoha.com/",
    "https://en.wikipedia.org/wiki/Virgin_Megastores",
    "http://yp.theemiratesnetwork.com/biz/Qatar/Doha/City_Centre_Doha_23247.html",
    "https://www.promod.eu/",
    "http://www.shell.com.br/motoristas/promocoes-e-campanhas/promocao-milhas-agora.html",
    "https://wikivisually.com/wiki/Virgin_Megastores"
  ],
  "snippets": [
    "May 28, 2012 ... A seven-year-old Spanish girl, named so far only as Isabel originally ... Her \nparents, according to Europa Press, moved to Qatar for 'work .... The fire broke \nout at the Villagio Mall in Doha's west end a short ..... HARP Mortgage Quiz \nHomeowners Born Before 1985 Get A Big Pay DayHARP Mortgage Quiz.",
    "Al Gharafa \u2013 Doha, Qatar; +974 4031 0600; Facebook \u00b7 Twitter \u00b7 Instagram. \nCopyright \u00a9 Gulf Mall 2017 . All Right Reserved. PRIVACY POLICY \u00b7 TERMS &\u00a0...",
    "Egypt, Jordan, Lebanon, Bahrain, Qatar, United Arab Emirates, Saudi Arabia, \nMorocco, Oman. Products, Books \u00b7 Consoles \u00b7 DVDs \u00b7 Games \u00b7 Magazines \u00b7 Music \n\u00b7 T-Shirts \u00b7 Tickets. Website, Virgin Megastores International portal. Virgin \nMegastores is an international entertainment retailing chain, founded by Sir \nRichard ... Virgin Megastores in the Middle East currently trades as V Star \nMultimedia\u00a0...",
    "City Centre Doha Logo City Centre Doha P.O.Box: 22744. Doha Qatar ... and \nover 370 shops, including a hypermarket (Carrefour), major retailers (Home \nCenter, ... cinema, movie theater, home centre, nandos, mall hours, store hours, \nciti ... (not published), Name [?] ... The Gold Souk (4km South ) ..... Quiz ( In \nPremises )",
    "Making-of The brand Store locations. PROMOD-NEWSLETTER. Find the latest \ntrends for men's and women's clothing online on Promod.eu. Promod Boutique\u00a0...",
    "4 out. 2016 ... Baixe o App Shell Box e participe: abaste\u00e7a R$ 50 com produtos da fam\u00edlia Shell \nV-Power* ou compre 4 litros de lubrificantes Shell Helix** ou\u00a0...",
    "Egypt, Jordan, Lebanon, Bahrain, Qatar, United Arab Emirates, Saudi Arabia, \nMorocco, Oman ... turned their business into a fully fledged record label, Virgin \nRecords, the name Virgin, ... Virgin Megastores in the Middle East currently \ntrades as V Star Multimedia LLC. ... Morocco, Best Financi\u00e8re (Label Vie \nCarrefour), Yes\u00a0..."
  ],
  "displayUrl": [
    "www.dailymail.co.uk",
    "www.gulfmalldoha.com",
    "en.wikipedia.org",
    "yp.theemiratesnetwork.com",
    "www.promod.eu",
    "www.shell.com.br",
    "wikivisually.com"
  ]
}