{
  "id": "Q386_R1_C8",
  "initial_query": "'Landmark' 'Carrefour Market' humor please update thanks go is open",
  "relaxed_query": "'Landmark' 'Carrefour Market' humor please update thanks go is open",
  "links": [
    "https://www.tripadvisor.com/Restaurant_Review-g1916979-d2286625-Reviews-Auberge_Le_Cheval_Blanc-Bellac_Haute_Vienne_Nouvelle_Aquitaine.html",
    "https://stateofmind13.com/2013/04/03/carrefour-lebanons-tough-path-to-success/",
    "http://www.gatineau2017.ca/gatineau-events/",
    "https://www.vat19.com/item/worlds-largest-gummy-bear",
    "http://calder.org/life/photobiography",
    "https://www.booking.com/hotel/ca/sheraton-laval.html",
    "https://www.airbnb.com/s/Rome--Italy?type=bnb",
    "https://www.designmom.com/how-we-shop-eat/",
    "http://blogs.library.duke.edu/rubenstein/category/radio-haiti/",
    "https://www.timeout.com/"
  ],
  "snippets": [
    "Near Landmarks ... 2 avenue Jean Jaures | carrefour de l'Europe, 87300 Bellac, \nFrance .... produce consistent restaurant coach house a great evening sense of \nhumour .... I would like to know their current opening hours please - if they are \nopen on ... Claim your listing for free to respond to reviews, update your profile \nand\u00a0...",
    "Apr 3, 2013 ... Carrefour was one of the simple pleasures of my life in France. ... Today, \nCarrefour is opening in Lebanon in Beirut's City Center \u2013 a new ... around the city\n, then people might end up making it their go-to place. ... it's always interesting to \nlook at their operations in Lebanon. Thanks! ... Want To Stay Updated?",
    "Authentic artifacts and landmark moments in our history are explored ... The \nFestival de l'humour de Gatineau will mark the return to comedy to the ... The \nexhibition will be open to the public in July and August 2017, and admission will \nbe free. ... in French, thanks to a fabulous translation by Yves Morin, while the \nclassics,\u00a0...",
    "i want to buy this now, will it be ok (wont go bad) from now until christmas? ... in \nthe bag, and then keep it on a shelf? or if i open the bag, will i have to put it in the \nfrig? ... Please answer honestly: do all gummy bears enjoy being eaten? .... \nThanks! WLGBs can be enjoyed by kids and adults of all ages. You can find \npictures of\u00a0...",
    "Nanette Lederer Calder and Calder on the beach in Ocean Park, California, 1909\n. Josephine Baker, 1926. Portrait of Calder, c. 1927. Photograph by Peter A.",
    "This Laval, Quebec hotel is adjacent to Carrefour Laval Mall, offering a variety of \nshopping ... Dining options include La Piazza, open for breakfast and lunch.",
    "Carrefour supermarket open market 24h What's more? 5 min walking from the \nbar .... A wonderful stay, thanks so much for being so kind, Ana and Emanuele.",
    "Feb 22, 2011 ... food market Argentan France market in Argentan France ... In fact, if I can find an \nopen shop, it's when I prefer to do my errands, .... Thanks for all the posts about \nthe 'small' aspects of your day-to-day .... if people have to go grocery shopping \neveryday or such, the markets ..... I use Carrefour \u2013 ooshop.com.",
    "Please join us for an exciting discussion with five veteran activists on Tuesday, ... \nMany thanks to our co-sponsors: SNCC Legacy Project, Duke University \nLibraries, The .... The people opened their arms in front of the pilgrimage site, \nthey looked toward ... I'm not saying \u201cgo practice Vodou, sprinkle water for the \nspirits\u201d \u2014 no.",
    "Find the best from our editorial teams in more than 50 cities worldwide. Your \nglobal guide to art and entertainment, food and drink, film and things to do."
  ],
  "displayUrl": [
    "www.tripadvisor.com",
    "stateofmind13.com",
    "www.gatineau2017.ca",
    "www.vat19.com",
    "calder.org",
    "www.booking.com",
    "www.airbnb.com",
    "www.designmom.com",
    "blogs.library.duke.edu",
    "www.timeout.com"
  ]
}