{
  "id": "Q386_R1_C7",
  "initial_query": "'Landmark' carrefour please update thanks is open",
  "relaxed_query": "'Landmark' carrefour please update thanks is open",
  "links": [
    "https://dohanews.co/doha-news-ramadan-2017-opening-hours-guide/",
    "https://www.booking.com/landmark/fr/carrefour-pleyel.html",
    "http://www.yellowpages.ca/bus/New-Brunswick/Edmundston/Carrefour-Assomption/6082428.html",
    "https://www.tripadvisor.com/ShowTopic-g187527-i5134-k3786353-Openning_times_for_Carrefour-Torrevieja_Costa_Blanca_Province_of_Alicante_Valencian_Country.html",
    "https://www.tour-beijing.com/blog/beijing-travel/beijing-shopping/carrefour-beijing-beijingt-carrefour-locations",
    "https://www.yellowpages.ca/bus/Quebec/Lachute/Le-Plateau-Du-Carrefour/100349452.html",
    "https://www.tripadvisor.co.uk/ShowTopic-g187182-i1016-k2396209-Carrefour_Hypermarket_Herouville_opening_times-Caen_Calvados_Basse_Normandie_Normandy.html",
    "https://www.yellowpages.ca/bus/Quebec/Quebec/Centre-Commercial-Carrefour-Charlesbourg/100313002.html",
    "http://www.centrepointstores.com/",
    "https://www.yellowpages.ca/bus/Quebec/Laval/TD-Canada-Trust/100468618.html"
  ],
  "snippets": [
    "May 25, 2017 ... We will keep updating this list as more information comes in. If you have details \nyou think we should add, please share them with us in the ... Carrefour: All stores \n(Villaggio, City Center, Landmark, Mall of Qatar, ..... No Thanks.",
    "More than 1 million people last month said they'd recommend Booking.com to \ntheir family and friends. FREE cancellation on most rooms! Instant confirmation\u00a0...",
    "Carrefour Assomption - Edmundston - phone number, website, address & \nopening hours - NB - Shopping Centres & Malls, Shopping Mall Management & \nLeasing. ... Please enter what you're searching for. Please enter your search \nlocation ... Suggest an update ... Landmarks ... Thanks for bringing this photo to \nour attention.",
    "Jul 19, 2010 ... Answer 1 of 4: Hi Can you please tell me what time Carrefour closes at during the \nsummer months ? Thank you Niamh.",
    "2012\u5e741\u670828\u65e5 ... The first carrefour supermarket was set up in Beijing in 1995. Now there are over \n10 ... \u4e09\u533a\uff0c\u5bcc\u8d35\u56ed\u8d2d\u7269\u4e2d\u5fc33\u5c42. Opening Hours: 08:00\u201422:00.",
    "Le Plateau Du Carrefour - Lachute - phone number, website, address & opening \nhours - QC - Restaurants.",
    "Dec 4, 2008 ... Pete062: Carrefour has a website of their stores (www.carrefour.fr), but here are \nthe ... Near Landmarks ... I know that thye are not normally open on a Sunday, \nbuut that close to Christmas they do open occassionally. Thanks ... To review the \nTripAdvisor Forums Posting Guidelines, please follow this link:\u00a0...",
    "Centre Commercial Carrefour Charlesbourg - Qu\u00e9bec - phone number, website, \naddress & opening hours - QC - Shopping Centres & Malls, Shopping Mall\u00a0...",
    "Shop for the entire family with great choices in men's, women's & kids' fashion, \nbaby essentials, makeup, shoes & home d\u00e9cor, all at one destination!",
    "From a variety of Chequing & Savings accounts, Credit Cards, Mortgages, Loans \nand Lines of Credit to Retirement Planning, TD Canada Trust has all your\u00a0..."
  ],
  "displayUrl": [
    "dohanews.co",
    "www.booking.com",
    "www.yellowpages.ca",
    "www.tripadvisor.com",
    "www.tour-beijing.com",
    "www.yellowpages.ca",
    "www.tripadvisor.co.uk",
    "www.yellowpages.ca",
    "www.centrepointstores.com",
    "www.yellowpages.ca"
  ]
}