{
  "id": "Q386_R1_C2",
  "initial_query": "'Landmark' 'Abu Hamoor' carrefour branches please update is are open",
  "relaxed_query": "'Landmark' 'Abu Hamoor' carrefour branches please update is are open",
  "links": [
    "https://dohanews.co/doha-news-ramadan-2017-opening-hours-guide/",
    "http://www.iloveqatar.net/news/content/ramadan-2017-whats-open-when",
    "http://www.carrefourqatar.com/HyperLeaflets.aspx?typeId=1&language=en&country=qa",
    "http://www.cbq.qa/en/network/branches/pages/branches.aspx",
    "https://www.marhaba.qa/marhaba-listing-ramadan-2017-opening-hours/",
    "http://dohabank.qa/extended-branches-timings/",
    "https://www.zomato.com/doha/magnolia-bakery-abu-hamour",
    "http://www.centrepointstores.com/",
    "http://www.vodafone.qa/en/support/main-topics/other-topics/store-locations",
    "http://www.shoexpressme.com/"
  ],
  "snippets": [
    "May 25, 2017 ... We will keep updating this list as more information comes in. If you have details \nyou think we should add, please share them with us in the ... Carrefour: All stores \n(Villaggio, City Center, Landmark, Mall of Qatar, ... Safari: Hypermarket (Salwa \nRd) and Mall (Abu Hamour) Open daily from 9am to 1am.",
    "May 29, 2017 ... We'll also keep updating and adding more timings as they're confirmed! ... \nCarrefour. (Landmark, Villaggio, City Center, Mall of Qatar, Al Wakrah, Dar Al ..... (\nCity Center Mall, Abu Hamour, Mall of Qatar, Lulu Stores: D-Ring, Gharafa, Al \nKhor) .... If you are a moderator please see our troubleshooting guide.",
    "We strive to always provide the best quality and most diverse selection of \nhousehold goods available in Qatar. Our value packs and combination discount \noffers\u00a0...",
    "Our tailored banking services available through a wide range of branches across \nQatar. Find your nearest bank branch and their full contact details.",
    "May 25, 2017 ... Here's Marhaba's guide 'Ramadan 2017 Timings Opening Hours ... We will \ncontinue to update the listing throughout the month. If you have any additions, \nplease let us know and post a comment below. ... Al Meera (All branches) 8 am \u2013 \n1 am ... Carrefour (Landmark Mall) 8 am \u2013 1 am (Saturday to Friday).",
    "Doha Bank Extended Branches Timings. ... Abu Hamour, 9.00 AM \u2013 2.30 PM, \n3.30 PM \u2013 9.00 PM, 9.00 AM \u2013 2.30 PM ... Branches with Regular Banking Hours\n\u00a0...",
    "Aug 27, 2017 ... Please type a location... All of Doha ... All Photos \u00b7 Magnolia Bakery, Abu Hamour \nPhotos. Food ... Opening hours. Today 8 AM to ... Address. Opposite Carrefour, \nDar Al Salam Mall, Abu Hamour, Doha. See 3 more locations \u203a.",
    "Shop for the entire family with great choices in men's, women's & kids' fashion, \nbaby essentials, makeup, shoes & home d\u00e9cor, all at one destination!",
    "Get all the information you need about Vodafone Stores all around Qatar. ... \nLandmark Mall. Landmark Mall, Doha. Located on lower ground floor next to the \nentrance from the ... Located on ground floor close to the elevators opposite \nCarrefour. ... Dar Al Salam Mall, Abu Hamour area .... Please Choose. Vodafone \nStores; /",
    "FAQs \u00b7 Shukran \u00b7 Contact Us. Subscribe for Updates. Get the latest updates from \nshoexpress ... 2017 Landmark Retail Ltd. Fashion; Centrepoint \u00b7 Babyshop\u00a0..."
  ],
  "displayUrl": [
    "dohanews.co",
    "www.iloveqatar.net",
    "www.carrefourqatar.com",
    "www.cbq.qa",
    "www.marhaba.qa",
    "dohabank.qa",
    "www.zomato.com",
    "www.centrepointstores.com",
    "www.vodafone.qa",
    "www.shoexpressme.com"
  ]
}