{
  "id": "Q386_R1_C1",
  "initial_query": "'Market' carrefour humor please update carrefour landmark go open",
  "relaxed_query": "'Market' carrefour humor please update carrefour landmark go open",
  "links": [
    "https://stateofmind13.com/2013/04/03/carrefour-lebanons-tough-path-to-success/",
    "https://www.tripadvisor.co.uk/Travel-g293734-c145880/Marrakech:Morocco:Only.In.Marrakech.Dos.And.Donts.html",
    "https://warrington.ufl.edu/centers/retailcenter/docs/TeachRetail_Lev81047_ch05.pdf",
    "https://www.tripadvisor.com/Travel-g293734-c145880/Marrakech:Morocco:Only.In.Marrakech.Dos.And.Donts.html",
    "http://www.telegraph.co.uk/expat/9990816/Fifteen-signs-you-have-lived-in-Qatar-too-long.html",
    "http://dohabank.qa/extended-branches-timings/",
    "http://www.americansintoulouse.com/ait-guidebook-shopping-and-household/",
    "https://www.khaleejtimes.com/nation/dubai/dubai-shopping-festival-2017-begins-tomorrow-these-are-the-biggest-deals",
    "https://www.tealit.com/ad_categories.php?section_id=29&subsection_id=3&content_mode=2",
    "https://culturemachines.com/"
  ],
  "snippets": [
    "Apr 3, 2013 ... Today, Carrefour is opening in Lebanon in Beirut's City Center \u2013 a new ... \nBesides, will the Carrefour brand be cheaper than what the market ... But if it \noffered smaller shops around the city, then people might end up making it their \ngo-to place. .... Would you mind deleting it please? ... Want To Stay Updated?",
    "Eat from an outside market stall (prices are cheap and food is superb) Eat ... Do \ngo and see where they dye the leather in smelly vats because it is real Marrakech\n. ... of 2012 at the Carrefour Market store, about 20 minutes walk from the square. \n... Most streets are not named so a map with landmarks and hotels is very useful.",
    "Chapter 5 describes the development of a retail market strategy. ... business \nareas are required to update their annual busi- ... What steps do retailers go \nthrough to develop a ... Steven Shore and Barry Prevor opened their first store \nnear ...... retailers with low prices, such as Wal-Mart, Carrefour, Royal Ahold, and \nMetro. AG.",
    "Eat from an outside market stall (prices are cheap and food is superb) Eat ... Do \ngo and see where they dye the leather in smelly vats because it is real Marrakech\n. ... of 2012 at the Carrefour Market store, about 20 minutes walk from the square. \n... Most streets are not named so a map with landmarks and hotels is very useful.",
    "Apr 16, 2013 ... 1) When you navigate the city using five-star hotels as landmarks. .... Judging by \nthe comments made here by most of the locals, humour is something you learn to \n... When you go to Carrefour at 11pm expecting it i ) to be open ii) and its full of \nshoppers. ..... Finance \u00b7 Personal Finance \u00b7 Economics \u00b7 Markets.",
    "Central Market, 7.30 AM \u2013 1.00 PM, off, off. Al Kheratiyat, 7.30 AM ... 8.00 AM \u2013 \n12.30 PM, off, off. Pakistani Embassy (City Center Br.) 8.00 AM \u2013 2.00 PM, off, off\n\u00a0...",
    "Oct 16, 2014 ... In most small villages, shops are open Tuesday through Saturday all day ... This \nmakes them the place to go for late or last minute shopping. ... Carrefour, Route \nde Bayonne, PURPAN Mall with hypermarket and several ... There are two \ncovered \u201cfarmers'' markets in downtown Toulouse: .... Write it, please",
    "Humour Junction ... Filed on December 27, 2016 | Last updated on December 27, \n2016 at 04.53 pm ... As part of the exciting lineup of activities on the opening day \nof DSF 2017, one of DFRE's .... Festivals and fireworks go hand in hand and \nDubai has become ... Taking place next to the pride of Dubai - Burj Khalifa - \nMarket\u00a0...",
    "66 matches ... By this railway station, you can go to every tourism cities in Taiwan, like well-\nknown, ... One of the biggest Carrefour falls on this area, makes it even more ... If \nyou are interested in this job, please kindly contact us directly .... About Joy \nSchool: The first Joy School opened in 1981 in Taipei's Hsin-Yi district.",
    "Fun, easy to follow and delectable for the eyes, Awesome Sauce has everything \nthat it takes to make an Indian food lover go weak in the knees. Recipes, kitchen\n\u00a0..."
  ],
  "displayUrl": [
    "stateofmind13.com",
    "www.tripadvisor.co.uk",
    "warrington.ufl.edu",
    "www.tripadvisor.com",
    "www.telegraph.co.uk",
    "dohabank.qa",
    "www.americansintoulouse.com",
    "www.khaleejtimes.com",
    "www.tealit.com",
    "culturemachines.com"
  ]
}