{
  "id": "Q386_R1_C5",
  "initial_query": "'Abou' 'Daar' 'Salam' carrefour luck please update is opened new",
  "relaxed_query": "'Abou' 'Daar' 'Salam' carrefour luck please update is opened new",
  "links": [
    "http://www.carrefourkuwait.com/",
    "https://www.aldar.com/en/Commercial-Properties/Pages/DevelopmentDetails.aspx?DevID=Jimi-Mall",
    "http://www.shoexpressme.com/",
    "http://time.com/money/4766890/fidget-spinners-what-to-know/",
    "http://ahaliaexchange.com/index.php/branches-inside-uae",
    "https://www.spectator.co.uk/2015/03/swedens-feminist-foreign-minister-has-dared-to-tell-the-truth-about-saudi-arabia-what-happens-now-concerns-us-all/",
    "https://www.ihg.com/holidayinn/hotels/us/en/reservation",
    "http://www.ibl.com.lb/english/branches-and-atms-locator",
    "http://www.dhl.com.kh/en/express/shipping/find_dhl_locations.html",
    "https://play.google.com/store/apps/details?id=infinitylabs.com.whatsappscheduler&hl=en"
  ],
  "snippets": [
    "Where we are \u00b7 Our Promotions \u00b7 Quality Line \u00b7 Categories \u00b7 Carrefour Extras. \nPrevious Next. 1; 2. News \u00b7 Where we are \u00b7 Career with us \u00b7 Contact Us\u00a0...",
    "Opened in 2002, Al Jimi Mall is Al Ain's first and favorite shopping and \nentertainment destination offering families and shoppers a wide variety of their \nfavorite\u00a0...",
    "Shoexpress offers a true value experience for the entire family through an \nextensive range of footwear and accessories at unbelievable every day value.",
    "May 4, 2017 ... Fidget spinners are popular new toys, which are made to calm nerves and ease \n... Here's everything you need to know about the new gadgets.",
    "600 546 645 | +971-04-2593898. customerservice@ahaliaexchange.com. ahalia \nmoney exchange. Menu. Home; About Us ... Abu Dhabi-10 Branches\u00a0...",
    "Mar 28, 2015 ... Sweden's feminist foreign minister has dared to tell the truth about Saudi Arabia. \n... or neocon, or perhaps a supporter of one of Scandinavia's new populist right-\nwing ... attacks and the French supermarket chain Carrefour took Danish goods \noff ... If you are a moderator please see our troubleshooting guide.",
    "About IHG IHG Careers IHG Global Brands Need Help? Explore Hotels \nRoomKey.com Email Management IHG Blog \u00b7 Terms of Use AdChoices \u00b7 Privacy\n\u00a0...",
    "Address: St. Joseph Hospital Street, Baouchrieh Email: naboujaoude@ibl.com.lb. \nPhone: +9611249031. Fax: +9611249031. Branch Manager: Mr. Nabil Abou\u00a0...",
    "Opening Hours ... Please note that during Public Holidays, there may be changes \nto the DHL Express ... Khmer New Year; Phum Ben Day; Water Festival.",
    "Scheduler for WhatsApp is a tool for automating WhatsApp as per your needs. If \nyou are someone who - forgets to wish your best friends on special occasions"
  ],
  "displayUrl": [
    "www.carrefourkuwait.com",
    "www.aldar.com",
    "www.shoexpressme.com",
    "time.com",
    "ahaliaexchange.com",
    "www.spectator.co.uk",
    "www.ihg.com",
    "www.ibl.com.lb",
    "www.dhl.com.kh",
    "play.google.com"
  ]
}